{
    "ActiveRecord CompatibleLegacyMigration migration_class": 2.9798944993812573e-06,
    "ActiveRecord CompatibleLegacyMigration configu": 2.9798944993812573e-06,
    "ActiveRecord CompatibleLegacyMigration conf": 2.9798944993812573e-06
}