{
    "ActiveLinkTo is_active_link?": 2.9798944993812573e-06,
    "ActiveLinkTo active_class": 2.9798944993812573e-06,
    "ActiveLinkT": 2.9798944993812573e-06,
    "ActiveLinkTo active_link_to_class": 2.9798944993812573e-06
}