{
    "ActionView Base initializ": 0.002554902138509599,
    "ActionView MissingTemplate initializ": 0.001813497365434117
}