{
    "ActsAsNotifiableRedmine N": 2.9798944993812573e-06,
    "ActsAsNotifiableRedmine Notifications find_by": 2.9798944993812573e-06,
    "ActsAsNotifiableRedmine Notifications cou": 2.9798944993812573e-06,
    "ActsAsNotifiableRedmine Notifications ch": 2.9798944993812573e-06,
    "ActsAsNotifiableRedmine Notifications register_ch": 2.9798944993812573e-06,
    "ActsAsNotifiableRedmine Notifications register_cou": 2.9798944993812573e-06,
    "ActsAsNotifiableRedmine Event initializ": 2.9798944993812573e-06,
    "ActsAsNotifiableRedmine Couriers factory": 2.9798944993812573e-06,
    "ActsAsNotifiableRedmine Couriers PusherCourier setup_push": 2.9798944993812573e-06,
    "ActsAsNotifiableRedmine Couriers PusherCou": 2.9798944993812573e-06,
    "ActsAsNotifiableRedmine Couriers PusherCourier initializ": 2.9798944993812573e-06,
    "ActsAsNotifiableRedmine Channel ev": 2.9798944993812573e-06,
    "ActsAsNotifiableRedmine Channel tok": 2.9798944993812573e-06,
    "ActsAsNotifiableRedmine Channel targ": 2.9798944993812573e-06,
    "ActsAsNotifiableRedmine Channel initializ": 2.9798944993812573e-06
}