{
    "APNS Notification send_notificatio": 2.9798944993812573e-06,
    "APNS open_connectio": 2.9798944993812573e-06,
    "APNS apns_from_hash": 2.9798944993812573e-06,
    "APNS packaged_message": 2.9798944993812573e-06,
    "APNS packaged_toke": 2.9798944993812573e-06,
    "APNS packaged_notificatio": 2.9798944993812573e-06,
    "APNS send_notificatio": 2.9798944993812573e-06,
    "APNS Notification packaged_message": 2.9798944993812573e-06,
    "APNS Notification packaged_toke": 2.9798944993812573e-06,
    "APNS Notification packaged_notificatio": 2.9798944993812573e-06,
    "APNS Notification initialize": 2.9798944993812573e-06,
    "APNS feedback_connectio": 2.9798944993812573e-06,
    "APNS feedback": 2.9798944993812573e-06
}