{
    "Huberry AttrEncrypted Adapters Sequel ex": 2.9798944993812573e-06,
    "Huberry AttrEncrypted Adapters DataMapper included_with": 2.9798944993812573e-06,
    "Huberry AttrEncrypted Adapters DataMapper ex": 2.9798944993812573e-06,
    "Huberry AttrEncrypted Adapters ActiveRecord method_missing_with": 2.9798944993812573e-06,
    "Huberry AttrEncrypted Adapters ActiveReco": 2.9798944993812573e-06,
    "Huberry AttrEncrypted Adapters ActiveRecord ex": 2.9798944993812573e-06,
    "Huberry AttrEncrypted evaluate_attr_encrypted_optio": 2.9798944993812573e-06,
    "Huberry AttrE": 2.9798944993812573e-06,
    "Huberry AttrEncrypted attr_encrypted?": 2.9798944993812573e-06,
    "Huberry AttrEncrypted encrypted_attributes": 2.9798944993812573e-06,
    "Huberry AttrEncrypted attr_encrypted_options=": 2.9798944993812573e-06,
    "Huberry AttrEncrypted attr_encrypted_options": 2.9798944993812573e-06,
    "Huberry AttrEncrypted ex": 2.9798944993812573e-06,
    "AttrEncrypted evaluate_attr_encrypted_optio": 2.9798944993812573e-06,
    "AttrE": 2.9798944993812573e-06,
    "AttrEncrypted attr_encrypted?": 2.9798944993812573e-06,
    "AttrEncrypted encrypted_attributes": 2.9798944993812573e-06,
    "AttrEncrypted attr_encrypted_options=": 2.9798944993812573e-06,
    "AttrEncrypted attr_encrypted_options": 2.9798944993812573e-06,
    "AttrEncrypted ex": 2.9798944993812573e-06,
    "AttrEncrypted Adapters Sequel ex": 2.9798944993812573e-06,
    "AttrEncrypted Adapters DataMapper included_with": 2.9798944993812573e-06,
    "AttrEncrypted Adapters DataMapper ex": 2.9798944993812573e-06,
    "AttrEncrypted Adapters ActiveRecord method_missing_with": 2.9798944993812573e-06,
    "AttrEncrypted Adapters ActiveReco": 2.9798944993812573e-06,
    "AttrEncrypted Adapters ActiveRecord ex": 2.9798944993812573e-06,
    "AttrEncrypted InstanceMethods evaluate_attr_encrypted_optio": 2.9798944993812573e-06,
    "AttrEncrypted InstanceMethods evaluated_attr_encrypted_options_fo": 2.9798944993812573e-06,
    "AttrEncrypted InstanceMethods": 2.9798944993812573e-06,
    "AttrEncrypted method_missing": 2.9798944993812573e-06,
    "AttrEncrypted Version string": 2.9798944993812573e-06,
    "AttrEncrypted InstanceMethods load_salt_for_attribu": 2.9798944993812573e-06,
    "AttrEncrypted InstanceMethods load_iv_for_attribu": 2.9798944993812573e-06,
    "AttrEncrypted attribute_instance_methods_as_symbols": 2.9798944993812573e-06,
    "AttrEncrypted Adapters ActiveRecord attribute_instance_methods_as_symbols": 2.9798944993812573e-06,
    "AttrEncrypted InstanceMethods decode_salt_if_enco": 2.9798944993812573e-06,
    "AttrEncrypted InstanceMethods prefix_and_encode_sal": 2.9798944993812573e-06,
    "AttrEncrypted InstanceMethods generate_iv": 2.9798944993812573e-06,
    "AttrEncrypted InstanceMethods encrypted_attributes": 2.9798944993812573e-06,
    "AttrEncrypted attr_encrypted_default_options": 2.9798944993812573e-06,
    "AttrEncrypted attribute_instance_methods_as_symbols_available?": 2.9798944993812573e-06,
    "AttrEncrypted not_empty?": 2.9798944993812573e-06,
    "AttrEncrypted Adapters ActiveRecord attribute_instance_methods_as_symbols_available?": 2.9798944993812573e-06,
    "AttrEncrypted InstanceMethods attr_encrypted_encrypted_attributes": 2.9798944993812573e-06,
    "AttrEncrypted attr_encrypted_encrypted_attributes": 2.9798944993812573e-06
}