{
    "OSIS Resource client": 2.9798944993812573e-06,
    "OSIS Resource initialize": 2.9798944993812573e-06,
    "OSIS Plugins Endpoints add_handler": 2.9798944993812573e-06,
    "OSIS Plugins Endpoints Handler parameters_for_operation": 2.9798944993812573e-06,
    "OSIS Plugins Endpoints Handler apply_endpoint_header": 2.9798944993812573e-06,
    "OSIS Plugins Endpoints Handler call": 2.9798944993812573e-06,
    "OSIS Errors ValidationException initialize": 2.9798944993812573e-06,
    "OSIS Errors ResourceNotFoundException initialize": 2.9798944993812573e-06,
    "OSIS Errors ResourceAlreadyExistsException initialize": 2.9798944993812573e-06,
    "OSIS Errors LimitExceededException initialize": 2.9798944993812573e-06,
    "OSIS Errors InvalidPaginationTokenException initialize": 2.9798944993812573e-06,
    "OSIS Errors InternalException initialize": 2.9798944993812573e-06,
    "OSIS Errors ConflictException initialize": 2.9798944993812573e-06,
    "OSIS Errors AccessDeniedException initialize": 2.9798944993812573e-06,
    "OSIS Endpoints ValidatePipeline buil": 2.9798944993812573e-06,
    "OSIS Endpoints UpdatePipeline buil": 2.9798944993812573e-06,
    "OSIS Endpoints UntagResource buil": 2.9798944993812573e-06,
    "OSIS Endpoints TagResource buil": 2.9798944993812573e-06,
    "OSIS Endpoints StopPipeline buil": 2.9798944993812573e-06,
    "OSIS Endpoints StartPipeline buil": 2.9798944993812573e-06,
    "OSIS Endpoints ListTagsForResource buil": 2.9798944993812573e-06,
    "OSIS Endpoints ListPipelines buil": 2.9798944993812573e-06,
    "OSIS Endpoints ListPipelineBlueprints buil": 2.9798944993812573e-06,
    "OSIS Endpoints GetPipelineChangeProgress buil": 2.9798944993812573e-06,
    "OSIS Endpoints GetPipelineBlueprint buil": 2.9798944993812573e-06,
    "OSIS Endpoints GetPipeline buil": 2.9798944993812573e-06,
    "OSIS Endpoints DeletePipeline buil": 2.9798944993812573e-06,
    "OSIS Endpoints CreatePipeline buil": 2.9798944993812573e-06,
    "OSIS EndpointProvider resolve_endpoint": 2.9798944993812573e-06,
    "OSIS initialize": 2.9798944993812573e-06,
    "OSIS Client errors_module": 2.9798944993812573e-06,
    "OSIS Client waiter_name": 2.9798944993812573e-06,
    "OSIS Client build_request": 2.9798944993812573e-06,
    "OSIS Client validate_pipeline": 2.9798944993812573e-06,
    "OSIS Client update_pipeline": 2.9798944993812573e-06,
    "OSIS Client untag_resource": 2.9798944993812573e-06,
    "OSIS Client tag_resource": 2.9798944993812573e-06,
    "OSIS Client stop_pipeline": 2.9798944993812573e-06,
    "OSIS Client start_pipeline": 2.9798944993812573e-06,
    "OSIS Client list_tags_for_resource": 2.9798944993812573e-06,
    "OSIS Client list_pipeline": 2.9798944993812573e-06,
    "OSIS Client list_pipeline_blueprint": 2.9798944993812573e-06,
    "OSIS Client get_pipeline_change_progre": 2.9798944993812573e-06,
    "OSIS Client get_pipeline_blueprint": 2.9798944993812573e-06,
    "OSIS Client get_pipeline": 2.9798944993812573e-06,
    "OSIS Client delete_pipeline": 2.9798944993812573e-06,
    "OSIS Client create_pipeline": 2.9798944993812573e-06,
    "OSIS Client initialize": 2.9798944993812573e-06
}