{
    "Scheduler Resource client": 2.9798944993812573e-06,
    "Scheduler Resource initializ": 2.9798944993812573e-06,
    "Scheduler Plugins Endpoints add_han": 2.9798944993812573e-06,
    "Scheduler Plugins Endpoints Handler parameters_for_operation": 2.9798944993812573e-06,
    "Scheduler Plugins Endpoints Handler apply_endpoint_": 2.9798944993812573e-06,
    "Scheduler Plugins Endpoints Han": 2.9798944993812573e-06,
    "Scheduler Errors ValidationException messag": 2.9798944993812573e-06,
    "Scheduler Errors ValidationException initializ": 2.9798944993812573e-06,
    "Scheduler Errors ThrottlingException messag": 2.9798944993812573e-06,
    "Scheduler Errors ThrottlingException initializ": 2.9798944993812573e-06,
    "Scheduler Errors ServiceQuotaExceededException messag": 2.9798944993812573e-06,
    "Scheduler Errors ServiceQuotaExceededException initializ": 2.9798944993812573e-06,
    "Scheduler Errors ResourceNotFoundException messag": 2.9798944993812573e-06,
    "Scheduler Errors ResourceNotFoundException initializ": 2.9798944993812573e-06,
    "Scheduler Errors InternalServerException messag": 2.9798944993812573e-06,
    "Scheduler Errors InternalServerException initializ": 2.9798944993812573e-06,
    "Scheduler Errors ConflictException messag": 2.9798944993812573e-06,
    "Scheduler Errors ConflictException initializ": 2.9798944993812573e-06,
    "Scheduler Endpoints UpdateSchedule bui": 2.9798944993812573e-06,
    "Scheduler Endpoints UntagResource bui": 2.9798944993812573e-06,
    "Scheduler Endpoints TagResource bui": 2.9798944993812573e-06,
    "Scheduler Endpoints ListTagsForResource bui": 2.9798944993812573e-06,
    "Scheduler Endpoints ListSchedules bui": 2.9798944993812573e-06,
    "Scheduler Endpoints ListScheduleGroups bui": 2.9798944993812573e-06,
    "Scheduler Endpoints GetScheduleGroup bui": 2.9798944993812573e-06,
    "Scheduler Endpoints GetSchedule bui": 2.9798944993812573e-06,
    "Scheduler Endpoints DeleteScheduleGroup bui": 2.9798944993812573e-06,
    "Scheduler Endpoints DeleteSchedule bui": 2.9798944993812573e-06,
    "Scheduler Endpoints CreateScheduleGroup bui": 2.9798944993812573e-06,
    "Scheduler Endpoints CreateSchedule bui": 2.9798944993812573e-06,
    "Scheduler EndpointProvider resolve_endpoint": 2.9798944993812573e-06,
    "Scheduler EndpointProvider initializ": 2.9798944993812573e-06,
    "Scheduler initializ": 2.9798944993812573e-06,
    "Scheduler Client errors_mo": 2.9798944993812573e-06,
    "Scheduler Client waiter_nam": 2.9798944993812573e-06,
    "Scheduler Client build_request": 2.9798944993812573e-06,
    "Scheduler Client update_": 2.9798944993812573e-06,
    "Scheduler Client untag_reso": 2.9798944993812573e-06,
    "Scheduler Client tag_reso": 2.9798944993812573e-06,
    "Scheduler Client list_tags_for_reso": 2.9798944993812573e-06,
    "Scheduler Client list_": 2.9798944993812573e-06,
    "Scheduler Client list_schedule_group": 2.9798944993812573e-06,
    "Scheduler Client get_schedule_group": 2.9798944993812573e-06,
    "Scheduler Client get_": 2.9798944993812573e-06,
    "Scheduler Client delete_schedule_group": 2.9798944993812573e-06,
    "Scheduler Client delete_": 2.9798944993812573e-06,
    "Scheduler Client create_schedule_group": 2.9798944993812573e-06,
    "Scheduler Client create_": 2.9798944993812573e-06,
    "Scheduler Client initializ": 2.9798944993812573e-06
}