{
    "IoTJobsDataPlane Resource c": 2.9798944993812573e-06,
    "IoTJobsDataPlane Resource initializ": 2.9798944993812573e-06,
    "IoTJobsDataPlane Client errors_modu": 2.9798944993812573e-06,
    "IoTJobsDataPlane Client waiter_nam": 2.9798944993812573e-06,
    "IoTJobsDataPlane Client build_requ": 2.9798944993812573e-06,
    "IoTJobsDataPlane Client update_job_execu": 2.9798944993812573e-06,
    "IoTJobsDataPlane Client start_next_pending_job_execu": 2.9798944993812573e-06,
    "IoTJobsDataPlane Client get_pending_job_execu": 2.9798944993812573e-06,
    "IoTJobsDataPlane Client describe_job_execu": 2.9798944993812573e-06,
    "IoTJobsDataPlane Client initializ": 2.9798944993812573e-06,
    "IoTJobsDataPlane Errors ThrottlingException pay": 2.9798944993812573e-06,
    "IoTJobsDataPlane Errors ThrottlingException messag": 2.9798944993812573e-06,
    "IoTJobsDataPlane Errors ThrottlingException initializ": 2.9798944993812573e-06,
    "IoTJobsDataPlane Errors TerminalStateException messag": 2.9798944993812573e-06,
    "IoTJobsDataPlane Errors TerminalStateException initializ": 2.9798944993812573e-06,
    "IoTJobsDataPlane Errors ServiceUnavailableException messag": 2.9798944993812573e-06,
    "IoTJobsDataPlane Errors ServiceUnavailableException initializ": 2.9798944993812573e-06,
    "IoTJobsDataPlane Errors ResourceNotFoundException messag": 2.9798944993812573e-06,
    "IoTJobsDataPlane Errors ResourceNotFoundException initializ": 2.9798944993812573e-06,
    "IoTJobsDataPlane Errors InvalidStateTransitionException messag": 2.9798944993812573e-06,
    "IoTJobsDataPlane Errors InvalidStateTransitionException initializ": 2.9798944993812573e-06,
    "IoTJobsDataPlane Errors InvalidRequestException messag": 2.9798944993812573e-06,
    "IoTJobsDataPlane Errors InvalidRequestException initializ": 2.9798944993812573e-06,
    "IoTJobsDataPlane Errors CertificateValidationException messag": 2.9798944993812573e-06,
    "IoTJobsDataPlane Errors CertificateValidationException initializ": 2.9798944993812573e-06,
    "IoTJobsDataPlane Plugins Endpoints add_handler": 2.9798944993812573e-06,
    "IoTJobsDataPlane Plugins Endpoints Handler parameters_for_oper": 2.9798944993812573e-06,
    "IoTJobsDataPlane Plugins Endpoints Handler apply_endpoint_header": 2.9798944993812573e-06,
    "IoTJobsDataPlane Plugins Endpoints Handler c": 2.9798944993812573e-06,
    "IoTJobsDataPlane Endpoints UpdateJobExecution bu": 2.9798944993812573e-06,
    "IoTJobsDataPlane Endpoints StartNextPendingJobExecution bu": 2.9798944993812573e-06,
    "IoTJobsDataPlane Endpoints GetPendingJobExecutions bu": 2.9798944993812573e-06,
    "IoTJobsDataPlane Endpoints DescribeJobExecution bu": 2.9798944993812573e-06,
    "IoTJobsDataPlane EndpointProvider resolve_": 2.9798944993812573e-06,
    "IoTJobsDataPlane EndpointProvider initializ": 2.9798944993812573e-06,
    "IoTJobsDataPlane initializ": 2.9798944993812573e-06
}