{
    "MediaStoreData Resource clien": 2.9798944993812573e-06,
    "MediaStoreData Resource initializ": 2.9798944993812573e-06,
    "MediaStoreData Client errors_modul": 2.9798944993812573e-06,
    "MediaStoreData Client waiter_n": 2.9798944993812573e-06,
    "MediaStoreData Client build_requ": 2.9798944993812573e-06,
    "MediaStoreData Client put_objec": 2.9798944993812573e-06,
    "MediaStoreData Client list_": 2.9798944993812573e-06,
    "MediaStoreData Client get_objec": 2.9798944993812573e-06,
    "MediaStoreData Client describe_objec": 2.9798944993812573e-06,
    "MediaStoreData Client delete_objec": 2.9798944993812573e-06,
    "MediaStoreData Client initializ": 2.9798944993812573e-06,
    "MediaStoreData Errors RequestedRangeNotSatisfiableException messag": 2.9798944993812573e-06,
    "MediaStoreData Errors RequestedRangeNotSatisfiableException initializ": 2.9798944993812573e-06,
    "MediaStoreData Errors ObjectNotFoundException messag": 2.9798944993812573e-06,
    "MediaStoreData Errors ObjectNotFoundException initializ": 2.9798944993812573e-06,
    "MediaStoreData Errors InternalServerError messag": 2.9798944993812573e-06,
    "MediaStoreData Errors InternalServerError initializ": 2.9798944993812573e-06,
    "MediaStoreData Errors ContainerNotFoundException messag": 2.9798944993812573e-06,
    "MediaStoreData Errors ContainerNotFoundException initializ": 2.9798944993812573e-06,
    "MediaStoreData Plugins Endpoints add_handl": 2.9798944993812573e-06,
    "MediaStoreData Plugins Endpoints Handler parameters_for_operation": 2.9798944993812573e-06,
    "MediaStoreData Plugins Endpoints Handler apply_endpoint_h": 2.9798944993812573e-06,
    "MediaStoreData Plugins Endpoints Handler call": 2.9798944993812573e-06,
    "MediaStoreData Endpoints PutObject buil": 2.9798944993812573e-06,
    "MediaStoreData Endpoints ListItems buil": 2.9798944993812573e-06,
    "MediaStoreData Endpoints GetObject buil": 2.9798944993812573e-06,
    "MediaStoreData Endpoints DescribeObject buil": 2.9798944993812573e-06,
    "MediaStoreData Endpoints DeleteObject buil": 2.9798944993812573e-06,
    "MediaStoreData EndpointProvider resolve_endpoin": 2.9798944993812573e-06,
    "MediaStoreData EndpointProvider initializ": 2.9798944993812573e-06,
    "MediaStoreData initializ": 2.9798944993812573e-06
}