{
    "MWAA Resource client": 2.9798944993812573e-06,
    "MWAA Resource initialize": 2.9798944993812573e-06,
    "MWAA Errors ValidationException message": 2.9798944993812573e-06,
    "MWAA Errors ValidationException initialize": 2.9798944993812573e-06,
    "MWAA Errors ResourceNotFoundException message": 2.9798944993812573e-06,
    "MWAA Errors ResourceNotFoundException initialize": 2.9798944993812573e-06,
    "MWAA Errors InternalServerException message": 2.9798944993812573e-06,
    "MWAA Errors InternalServerException initialize": 2.9798944993812573e-06,
    "MWAA Errors AccessDeniedException message": 2.9798944993812573e-06,
    "MWAA Errors AccessDeniedException initialize": 2.9798944993812573e-06,
    "MWAA Client errors_module": 2.9798944993812573e-06,
    "MWAA Client waiter_name": 2.9798944993812573e-06,
    "MWAA Client build_request": 2.9798944993812573e-06,
    "MWAA Client update_environment": 2.9798944993812573e-06,
    "MWAA Client untag_resource": 2.9798944993812573e-06,
    "MWAA Client tag_resource": 2.9798944993812573e-06,
    "MWAA Client publish_metric": 2.9798944993812573e-06,
    "MWAA Client list_tags_for_resource": 2.9798944993812573e-06,
    "MWAA Client list_environment": 2.9798944993812573e-06,
    "MWAA Client get_environment": 2.9798944993812573e-06,
    "MWAA Client delete_environment": 2.9798944993812573e-06,
    "MWAA Client create_web_login_token": 2.9798944993812573e-06,
    "MWAA Client create_environment": 2.9798944993812573e-06,
    "MWAA Client create_cli_token": 2.9798944993812573e-06,
    "MWAA Client initialize": 2.9798944993812573e-06,
    "MWAA Plugins Endpoints add_handler": 2.9798944993812573e-06,
    "MWAA Plugins Endpoints Handler parameters_for_operation": 2.9798944993812573e-06,
    "MWAA Plugins Endpoints Handler apply_endpoint_header": 2.9798944993812573e-06,
    "MWAA Plugins Endpoints Handler call": 2.9798944993812573e-06,
    "MWAA Endpoints UpdateEnvironment buil": 2.9798944993812573e-06,
    "MWAA Endpoints UntagResource buil": 2.9798944993812573e-06,
    "MWAA Endpoints TagResource buil": 2.9798944993812573e-06,
    "MWAA Endpoints PublishMetrics buil": 2.9798944993812573e-06,
    "MWAA Endpoints ListTagsForResource buil": 2.9798944993812573e-06,
    "MWAA Endpoints ListEnvironments buil": 2.9798944993812573e-06,
    "MWAA Endpoints GetEnvironment buil": 2.9798944993812573e-06,
    "MWAA Endpoints DeleteEnvironment buil": 2.9798944993812573e-06,
    "MWAA Endpoints CreateWebLoginToken buil": 2.9798944993812573e-06,
    "MWAA Endpoints CreateEnvironment buil": 2.9798944993812573e-06,
    "MWAA Endpoints CreateCliToken buil": 2.9798944993812573e-06,
    "MWAA EndpointProvider resolve_endpoint": 2.9798944993812573e-06,
    "MWAA EndpointProvider initialize": 2.9798944993812573e-06,
    "MWAA initialize": 2.9798944993812573e-06
}