{
    "IoTDeviceAdvisor Resource clien": 2.9798944993812573e-06,
    "IoTDeviceAdvisor Resource initializ": 2.9798944993812573e-06,
    "IoTDeviceAdvisor Errors ValidationException messag": 2.9798944993812573e-06,
    "IoTDeviceAdvisor Errors ValidationException initializ": 2.9798944993812573e-06,
    "IoTDeviceAdvisor Errors ResourceNotFoundException messag": 2.9798944993812573e-06,
    "IoTDeviceAdvisor Errors ResourceNotFoundException initializ": 2.9798944993812573e-06,
    "IoTDeviceAdvisor Errors InternalServerException messag": 2.9798944993812573e-06,
    "IoTDeviceAdvisor Errors InternalServerException initializ": 2.9798944993812573e-06,
    "IoTDeviceAdvisor Errors ConflictException messag": 2.9798944993812573e-06,
    "IoTDeviceAdvisor Errors ConflictException initializ": 2.9798944993812573e-06,
    "IoTDeviceAdvisor Client errors_modul": 2.9798944993812573e-06,
    "IoTDeviceAdvisor Client waiter_nam": 2.9798944993812573e-06,
    "IoTDeviceAdvisor Client build_requ": 2.9798944993812573e-06,
    "IoTDeviceAdvisor Client update_suite_definition": 2.9798944993812573e-06,
    "IoTDeviceAdvisor Client untag_resou": 2.9798944993812573e-06,
    "IoTDeviceAdvisor Client tag_resou": 2.9798944993812573e-06,
    "IoTDeviceAdvisor Client start_suite_run": 2.9798944993812573e-06,
    "IoTDeviceAdvisor Client list_test_": 2.9798944993812573e-06,
    "IoTDeviceAdvisor Client list_tags_for_resou": 2.9798944993812573e-06,
    "IoTDeviceAdvisor Client list_suite_run": 2.9798944993812573e-06,
    "IoTDeviceAdvisor Client list_suite_definition": 2.9798944993812573e-06,
    "IoTDeviceAdvisor Client get_suite_run_rep": 2.9798944993812573e-06,
    "IoTDeviceAdvisor Client get_suite_run": 2.9798944993812573e-06,
    "IoTDeviceAdvisor Client get_suite_definition": 2.9798944993812573e-06,
    "IoTDeviceAdvisor Client delete_suite_definition": 2.9798944993812573e-06,
    "IoTDeviceAdvisor Client create_suite_definition": 2.9798944993812573e-06,
    "IoTDeviceAdvisor Client initializ": 2.9798944993812573e-06,
    "IoTDeviceAdvisor Client stop_suite_run": 2.9798944993812573e-06,
    "IoTDeviceAdvisor Client get_endpoin": 2.9798944993812573e-06,
    "IoTDeviceAdvisor Plugins Endpoints add_handl": 2.9798944993812573e-06,
    "IoTDeviceAdvisor Plugins Endpoints Handler parameters_for_operation": 2.9798944993812573e-06,
    "IoTDeviceAdvisor Plugins Endpoints Handler apply_endpoint_h": 2.9798944993812573e-06,
    "IoTDeviceAdvisor Plugins Endpoints Handler call": 2.9798944993812573e-06,
    "IoTDeviceAdvisor Endpoints UpdateSuiteDefinition buil": 2.9798944993812573e-06,
    "IoTDeviceAdvisor Endpoints UntagResource buil": 2.9798944993812573e-06,
    "IoTDeviceAdvisor Endpoints TagResource buil": 2.9798944993812573e-06,
    "IoTDeviceAdvisor Endpoints StopSuiteRun buil": 2.9798944993812573e-06,
    "IoTDeviceAdvisor Endpoints StartSuiteRun buil": 2.9798944993812573e-06,
    "IoTDeviceAdvisor Endpoints ListTagsForResource buil": 2.9798944993812573e-06,
    "IoTDeviceAdvisor Endpoints ListSuiteRuns buil": 2.9798944993812573e-06,
    "IoTDeviceAdvisor Endpoints ListSuiteDefinitions buil": 2.9798944993812573e-06,
    "IoTDeviceAdvisor Endpoints GetSuiteRunReport buil": 2.9798944993812573e-06,
    "IoTDeviceAdvisor Endpoints GetSuiteRun buil": 2.9798944993812573e-06,
    "IoTDeviceAdvisor Endpoints GetSuiteDefinition buil": 2.9798944993812573e-06,
    "IoTDeviceAdvisor Endpoints GetEndpoint buil": 2.9798944993812573e-06,
    "IoTDeviceAdvisor Endpoints DeleteSuiteDefinition buil": 2.9798944993812573e-06,
    "IoTDeviceAdvisor Endpoints CreateSuiteDefinition buil": 2.9798944993812573e-06,
    "IoTDeviceAdvisor EndpointProvider resolve_endpoin": 2.9798944993812573e-06,
    "IoTDeviceAdvisor EndpointProvider initializ": 2.9798944993812573e-06,
    "IoTDeviceAdvisor initializ": 2.9798944993812573e-06
}