{
    "S3Outposts Resource clien": 2.9798944993812573e-06,
    "S3Outposts Resource initialize": 2.9798944993812573e-06,
    "S3Outposts Errors ValidationException message": 2.9798944993812573e-06,
    "S3Outposts Errors ValidationException initialize": 2.9798944993812573e-06,
    "S3Outposts Errors ResourceNotFoundException message": 2.9798944993812573e-06,
    "S3Outposts Errors ResourceNotFoundException initialize": 2.9798944993812573e-06,
    "S3Outposts Errors InternalServerException message": 2.9798944993812573e-06,
    "S3Outposts Errors InternalServerException initialize": 2.9798944993812573e-06,
    "S3Outposts Errors ConflictException message": 2.9798944993812573e-06,
    "S3Outposts Errors ConflictException initialize": 2.9798944993812573e-06,
    "S3Outposts Errors AccessDeniedException message": 2.9798944993812573e-06,
    "S3Outposts Errors AccessDeniedException initialize": 2.9798944993812573e-06,
    "S3Outposts Client errors_module": 2.9798944993812573e-06,
    "S3Outposts Client waiter_name": 2.9798944993812573e-06,
    "S3Outposts Client build_reque": 2.9798944993812573e-06,
    "S3Outposts Client list_endpoin": 2.9798944993812573e-06,
    "S3Outposts Client delete_endpoin": 2.9798944993812573e-06,
    "S3Outposts Client create_endpoin": 2.9798944993812573e-06,
    "S3Outposts Client initialize": 2.9798944993812573e-06,
    "S3Outposts Client list_shared_endpoin": 2.9798944993812573e-06,
    "S3Outposts Plugins Endpoints add_handler": 2.9798944993812573e-06,
    "S3Outposts Plugins Endpoints Handler parameters_for_operation": 2.9798944993812573e-06,
    "S3Outposts Plugins Endpoints Handler apply_endpoint_header": 2.9798944993812573e-06,
    "S3Outposts Plugins Endpoints Handler call": 2.9798944993812573e-06,
    "S3Outposts Endpoints ListSharedEndpoints buil": 2.9798944993812573e-06,
    "S3Outposts Endpoints ListEndpoints buil": 2.9798944993812573e-06,
    "S3Outposts Endpoints DeleteEndpoint buil": 2.9798944993812573e-06,
    "S3Outposts Endpoints CreateEndpoint buil": 2.9798944993812573e-06,
    "S3Outposts EndpointProvider resolve_endpoin": 2.9798944993812573e-06,
    "S3Outposts EndpointProvider initialize": 2.9798944993812573e-06,
    "S3Outposts initialize": 2.9798944993812573e-06,
    "S3Outposts Errors ThrottlingException message": 2.9798944993812573e-06,
    "S3Outposts Errors ThrottlingException initialize": 2.9798944993812573e-06,
    "S3Outposts Endpoints ListOutpostsWithS3 buil": 2.9798944993812573e-06,
    "S3Outposts Client list_outposts_with_": 2.9798944993812573e-06,
    "S3Outposts Errors OutpostOfflineException message": 2.9798944993812573e-06,
    "S3Outposts Errors OutpostOfflineException initialize": 2.9798944993812573e-06
}