{
    "ConnectContactLens Resource cli": 2.9798944993812573e-06,
    "ConnectContactLens Resource initializ": 2.9798944993812573e-06,
    "ConnectContactLens Errors ThrottlingException messag": 2.9798944993812573e-06,
    "ConnectContactLens Errors ThrottlingException initializ": 2.9798944993812573e-06,
    "ConnectContactLens Errors ResourceNotFoundException messag": 2.9798944993812573e-06,
    "ConnectContactLens Errors ResourceNotFoundException initializ": 2.9798944993812573e-06,
    "ConnectContactLens Errors InvalidRequestException messag": 2.9798944993812573e-06,
    "ConnectContactLens Errors InvalidRequestException initializ": 2.9798944993812573e-06,
    "ConnectContactLens Errors InternalServiceException messag": 2.9798944993812573e-06,
    "ConnectContactLens Errors InternalServiceException initializ": 2.9798944993812573e-06,
    "ConnectContactLens Errors AccessDeniedException messag": 2.9798944993812573e-06,
    "ConnectContactLens Errors AccessDeniedException initializ": 2.9798944993812573e-06,
    "ConnectContactLens Client errors_modu": 2.9798944993812573e-06,
    "ConnectContactLens Client waiter_nam": 2.9798944993812573e-06,
    "ConnectContactLens Client build_requ": 2.9798944993812573e-06,
    "ConnectContactLens Client list_realtime_contact_analysis_segm": 2.9798944993812573e-06,
    "ConnectContactLens Client initializ": 2.9798944993812573e-06,
    "ConnectContactLens Plugins Endpoints add_handler": 2.9798944993812573e-06,
    "ConnectContactLens Plugins Endpoints Handler parameters_for_operati": 2.9798944993812573e-06,
    "ConnectContactLens Plugins Endpoints Handler apply_endpoint_header": 2.9798944993812573e-06,
    "ConnectContactLens Plugins Endpoints Handler": 2.9798944993812573e-06,
    "ConnectContactLens Endpoints ListRealtimeContactAnalysisSegments bui": 2.9798944993812573e-06,
    "ConnectContactLens EndpointProvider resolve_endpoi": 2.9798944993812573e-06,
    "ConnectContactLens EndpointProvider initializ": 2.9798944993812573e-06,
    "ConnectContactLens initializ": 2.9798944993812573e-06
}