{
    "IoTFleetHub Resource clien": 2.9798944993812573e-06,
    "IoTFleetHub Resource initializ": 2.9798944993812573e-06,
    "IoTFleetHub Errors ThrottlingException messag": 2.9798944993812573e-06,
    "IoTFleetHub Errors ThrottlingException initializ": 2.9798944993812573e-06,
    "IoTFleetHub Errors ResourceNotFoundException messag": 2.9798944993812573e-06,
    "IoTFleetHub Errors ResourceNotFoundException initializ": 2.9798944993812573e-06,
    "IoTFleetHub Errors LimitExceededException messag": 2.9798944993812573e-06,
    "IoTFleetHub Errors LimitExceededException initializ": 2.9798944993812573e-06,
    "IoTFleetHub Errors InvalidRequestException messag": 2.9798944993812573e-06,
    "IoTFleetHub Errors InvalidRequestException initializ": 2.9798944993812573e-06,
    "IoTFleetHub Errors InternalFailureException messag": 2.9798944993812573e-06,
    "IoTFleetHub Errors InternalFailureException initializ": 2.9798944993812573e-06,
    "IoTFleetHub Errors ConflictException messag": 2.9798944993812573e-06,
    "IoTFleetHub Errors ConflictException initializ": 2.9798944993812573e-06,
    "IoTFleetHub Client errors_m": 2.9798944993812573e-06,
    "IoTFleetHub Client waiter_nam": 2.9798944993812573e-06,
    "IoTFleetHub Client build_req": 2.9798944993812573e-06,
    "IoTFleetHub Client update_application": 2.9798944993812573e-06,
    "IoTFleetHub Client untag_resourc": 2.9798944993812573e-06,
    "IoTFleetHub Client tag_resourc": 2.9798944993812573e-06,
    "IoTFleetHub Client list_tags_for_resourc": 2.9798944993812573e-06,
    "IoTFleetHub Client list_application": 2.9798944993812573e-06,
    "IoTFleetHub Client describe_application": 2.9798944993812573e-06,
    "IoTFleetHub Client delete_application": 2.9798944993812573e-06,
    "IoTFleetHub Client create_application": 2.9798944993812573e-06,
    "IoTFleetHub Client initializ": 2.9798944993812573e-06,
    "IoTFleetHub Plugins Endpoints add_handler": 2.9798944993812573e-06,
    "IoTFleetHub Plugins Endpoints Handler parameters_for_operation": 2.9798944993812573e-06,
    "IoTFleetHub Plugins Endpoints Handler apply_endpoint_header": 2.9798944993812573e-06,
    "IoTFleetHub Plugins Endpoints Handler c": 2.9798944993812573e-06,
    "IoTFleetHub Endpoints UpdateApplication": 2.9798944993812573e-06,
    "IoTFleetHub Endpoints UntagResourc": 2.9798944993812573e-06,
    "IoTFleetHub Endpoints TagResourc": 2.9798944993812573e-06,
    "IoTFleetHub Endpoints ListTagsForResourc": 2.9798944993812573e-06,
    "IoTFleetHub Endpoints ListApplication": 2.9798944993812573e-06,
    "IoTFleetHub Endpoints DescribeApplication": 2.9798944993812573e-06,
    "IoTFleetHub Endpoints DeleteApplication": 2.9798944993812573e-06,
    "IoTFleetHub Endpoints CreateApplication": 2.9798944993812573e-06,
    "IoTFleetHub EndpointProvider resolve_endpoin": 2.9798944993812573e-06,
    "IoTFleetHub EndpointProvider initializ": 2.9798944993812573e-06,
    "IoTFleetHub initializ": 2.9798944993812573e-06
}