{
    "SavingsPlans Resource client": 2.9798944993812573e-06,
    "SavingsPlans Resource initialize": 2.9798944993812573e-06,
    "SavingsPlans Errors ValidationException message": 2.9798944993812573e-06,
    "SavingsPlans Errors ValidationException initialize": 2.9798944993812573e-06,
    "SavingsPlans Errors ServiceQuotaExceededException message": 2.9798944993812573e-06,
    "SavingsPlans Errors ServiceQuotaExceededException initialize": 2.9798944993812573e-06,
    "SavingsPlans Errors ResourceNotFoundException message": 2.9798944993812573e-06,
    "SavingsPlans Errors ResourceNotFoundException initialize": 2.9798944993812573e-06,
    "SavingsPlans Errors InternalServerException message": 2.9798944993812573e-06,
    "SavingsPlans Errors InternalServerException initialize": 2.9798944993812573e-06,
    "SavingsPlans Client errors_module": 2.9798944993812573e-06,
    "SavingsPlans Client waiter_name": 2.9798944993812573e-06,
    "SavingsPlans Client build_request": 2.9798944993812573e-06,
    "SavingsPlans Client untag_resource": 2.9798944993812573e-06,
    "SavingsPlans Client tag_resource": 2.9798944993812573e-06,
    "SavingsPlans Client list_tags_for_resource": 2.9798944993812573e-06,
    "SavingsPlans Client describe_savings_plans_offer": 2.9798944993812573e-06,
    "SavingsPlans Client describe_savings_plans_offering_rate": 2.9798944993812573e-06,
    "SavingsPlans Client describe_savings_": 2.9798944993812573e-06,
    "SavingsPlans Client describe_savings_plan_rate": 2.9798944993812573e-06,
    "SavingsPlans Client create_savings_": 2.9798944993812573e-06,
    "SavingsPlans Client initialize": 2.9798944993812573e-06,
    "SavingsPlans Client delete_queued_savings_": 2.9798944993812573e-06,
    "SavingsPlans Plugins Endpoints add_handler": 2.9798944993812573e-06,
    "SavingsPlans Plugins Endpoints Handler parameters_for_operatio": 2.9798944993812573e-06,
    "SavingsPlans Plugins Endpoints Handler apply_endpoint_header": 2.9798944993812573e-06,
    "SavingsPlans Plugins Endpoints Handler c": 2.9798944993812573e-06,
    "SavingsPlans Endpoints UntagResource bu": 2.9798944993812573e-06,
    "SavingsPlans Endpoints TagResource bu": 2.9798944993812573e-06,
    "SavingsPlans Endpoints ListTagsForResource bu": 2.9798944993812573e-06,
    "SavingsPlans Endpoints DescribeSavingsPlansOfferings bu": 2.9798944993812573e-06,
    "SavingsPlans Endpoints DescribeSavingsPlansOfferingRates bu": 2.9798944993812573e-06,
    "SavingsPlans Endpoints DescribeSavingsPlans bu": 2.9798944993812573e-06,
    "SavingsPlans Endpoints DescribeSavingsPlanRates bu": 2.9798944993812573e-06,
    "SavingsPlans Endpoints DeleteQueuedSavingsPlan bu": 2.9798944993812573e-06,
    "SavingsPlans Endpoints CreateSavingsPlan bu": 2.9798944993812573e-06,
    "SavingsPlans EndpointProvider resolve_endpoint": 2.9798944993812573e-06,
    "SavingsPlans EndpointProvider initialize": 2.9798944993812573e-06,
    "SavingsPlans initialize": 2.9798944993812573e-06
}