{
    "Account Resource clie": 2.9798944993812573e-06,
    "Account Resource initialize": 2.9798944993812573e-06,
    "Account Errors ValidationException message": 2.9798944993812573e-06,
    "Account Errors ValidationException initialize": 2.9798944993812573e-06,
    "Account Errors TooManyRequestsException throttling?": 2.9798944993812573e-06,
    "Account Errors TooManyRequestsException retryable?": 2.9798944993812573e-06,
    "Account Errors TooManyRequestsException message": 2.9798944993812573e-06,
    "Account Errors TooManyRequestsException initialize": 2.9798944993812573e-06,
    "Account Errors ResourceNotFoundException message": 2.9798944993812573e-06,
    "Account Errors ResourceNotFoundException initialize": 2.9798944993812573e-06,
    "Account Errors InternalServerException retryable?": 2.9798944993812573e-06,
    "Account Errors InternalServerException message": 2.9798944993812573e-06,
    "Account Errors InternalServerException initialize": 2.9798944993812573e-06,
    "Account Errors AccessDeniedException message": 2.9798944993812573e-06,
    "Account Errors AccessDeniedException initialize": 2.9798944993812573e-06,
    "Account Client errors_module": 2.9798944993812573e-06,
    "Account Client waiter_name": 2.9798944993812573e-06,
    "Account Client build_reque": 2.9798944993812573e-06,
    "Account Client put_alternate_": 2.9798944993812573e-06,
    "Account Client get_alternate_": 2.9798944993812573e-06,
    "Account Client delete_alternate_": 2.9798944993812573e-06,
    "Account Client initialize": 2.9798944993812573e-06,
    "Account Plugins Endpoints add_handler": 2.9798944993812573e-06,
    "Account Plugins Endpoints Handler parameters_for_operati": 2.9798944993812573e-06,
    "Account Plugins Endpoints Handler apply_endpoint_header": 2.9798944993812573e-06,
    "Account Plugins Endpoints Handler call": 2.9798944993812573e-06,
    "Account Errors ValidationException re": 2.9798944993812573e-06,
    "Account Errors ValidationException field_li": 2.9798944993812573e-06,
    "Account Errors ConflictException message": 2.9798944993812573e-06,
    "Account Errors ConflictException initialize": 2.9798944993812573e-06,
    "Account Endpoints PutContactInformation buil": 2.9798944993812573e-06,
    "Account Endpoints PutAlternateContact buil": 2.9798944993812573e-06,
    "Account Endpoints ListRegions buil": 2.9798944993812573e-06,
    "Account Endpoints GetRegionOptStatus buil": 2.9798944993812573e-06,
    "Account Endpoints GetContactInformation buil": 2.9798944993812573e-06,
    "Account Endpoints GetAlternateContact buil": 2.9798944993812573e-06,
    "Account Endpoints EnableRegion buil": 2.9798944993812573e-06,
    "Account Endpoints DisableRegion buil": 2.9798944993812573e-06,
    "Account Endpoints DeleteAlternateContact buil": 2.9798944993812573e-06,
    "Account EndpointProvider resolve_endpoi": 2.9798944993812573e-06,
    "Account initialize": 2.9798944993812573e-06,
    "Account Client put_contact_informati": 2.9798944993812573e-06,
    "Account Client list_regi": 2.9798944993812573e-06,
    "Account Client get_region_opt_": 2.9798944993812573e-06,
    "Account Client get_contact_informati": 2.9798944993812573e-06,
    "Account Client enable_regi": 2.9798944993812573e-06,
    "Account Client disable_regi": 2.9798944993812573e-06,
    "Account EndpointProvider initialize": 2.9798944993812573e-06
}