{
    "MigrationHubConfig Resource clie": 2.9798944993812573e-06,
    "MigrationHubConfig Resource initialize": 2.9798944993812573e-06,
    "MigrationHubConfig Errors ServiceUnavailableException message": 2.9798944993812573e-06,
    "MigrationHubConfig Errors ServiceUnavailableException initialize": 2.9798944993812573e-06,
    "MigrationHubConfig Errors InvalidInputException message": 2.9798944993812573e-06,
    "MigrationHubConfig Errors InvalidInputException initialize": 2.9798944993812573e-06,
    "MigrationHubConfig Errors InternalServerError message": 2.9798944993812573e-06,
    "MigrationHubConfig Errors InternalServerError initialize": 2.9798944993812573e-06,
    "MigrationHubConfig Errors DryRunOperation message": 2.9798944993812573e-06,
    "MigrationHubConfig Errors DryRunOperation initialize": 2.9798944993812573e-06,
    "MigrationHubConfig Errors AccessDeniedException message": 2.9798944993812573e-06,
    "MigrationHubConfig Errors AccessDeniedException initialize": 2.9798944993812573e-06,
    "MigrationHubConfig Client errors_module": 2.9798944993812573e-06,
    "MigrationHubConfig Client waiter_name": 2.9798944993812573e-06,
    "MigrationHubConfig Client build_reque": 2.9798944993812573e-06,
    "MigrationHubConfig Client get_home_re": 2.9798944993812573e-06,
    "MigrationHubConfig Client describe_home_region_control": 2.9798944993812573e-06,
    "MigrationHubConfig Client create_home_region_control": 2.9798944993812573e-06,
    "MigrationHubConfig Client initialize": 2.9798944993812573e-06,
    "MigrationHubConfig Errors ThrottlingException retry_after_se": 2.9798944993812573e-06,
    "MigrationHubConfig Errors ThrottlingException message": 2.9798944993812573e-06,
    "MigrationHubConfig Errors ThrottlingException initialize": 2.9798944993812573e-06,
    "MigrationHubConfig Plugins Endpoints add_handle": 2.9798944993812573e-06,
    "MigrationHubConfig Plugins Endpoints Handler parameters_for_ope": 2.9798944993812573e-06,
    "MigrationHubConfig Plugins Endpoints Handler apply_endpoint_heade": 2.9798944993812573e-06,
    "MigrationHubConfig Plugins Endpoints Handler call": 2.9798944993812573e-06,
    "MigrationHubConfig Endpoints GetHomeRegion buil": 2.9798944993812573e-06,
    "MigrationHubConfig Endpoints DescribeHomeRegionControls buil": 2.9798944993812573e-06,
    "MigrationHubConfig Endpoints CreateHomeRegionControl buil": 2.9798944993812573e-06,
    "MigrationHubConfig EndpointProvider resolve_endp": 2.9798944993812573e-06,
    "MigrationHubConfig EndpointProvider initialize": 2.9798944993812573e-06,
    "MigrationHubConfig initialize": 2.9798944993812573e-06,
    "MigrationHubConfig Endpoints DeleteHomeRegionControl buil": 2.9798944993812573e-06,
    "MigrationHubConfig Client delete_home_region_control": 2.9798944993812573e-06
}