{
    "PI Resource client": 2.9798944993812573e-06,
    "PI Resource initialize": 2.9798944993812573e-06,
    "PI Client errors_module": 2.9798944993812573e-06,
    "PI Client waiter_name": 2.9798944993812573e-06,
    "PI Client build_request": 2.9798944993812573e-06,
    "PI Client get_resource_metric": 2.9798944993812573e-06,
    "PI Client describe_dimension_key": 2.9798944993812573e-06,
    "PI Client initialize": 2.9798944993812573e-06,
    "PI Errors NotAuthorizedException message": 2.9798944993812573e-06,
    "PI Errors NotAuthorizedException initialize": 2.9798944993812573e-06,
    "PI Errors InvalidArgumentException message": 2.9798944993812573e-06,
    "PI Errors InvalidArgumentException initialize": 2.9798944993812573e-06,
    "PI Errors InternalServiceError message": 2.9798944993812573e-06,
    "PI Errors InternalServiceError initialize": 2.9798944993812573e-06,
    "PI Client get_dimension_key_detail": 2.9798944993812573e-06,
    "PI Client list_available_resource_metric": 2.9798944993812573e-06,
    "PI Client list_available_resource_dimension": 2.9798944993812573e-06,
    "PI Client get_resource_metadat": 2.9798944993812573e-06,
    "PI Plugins Endpoints add_handler": 2.9798944993812573e-06,
    "PI Plugins Endpoints Handler parameters_for_operation": 2.9798944993812573e-06,
    "PI Plugins Endpoints Handler apply_endpoint_header": 2.9798944993812573e-06,
    "PI Plugins Endpoints Handler call": 2.9798944993812573e-06,
    "PI Endpoints ListAvailableResourceMetrics buil": 2.9798944993812573e-06,
    "PI Endpoints ListAvailableResourceDimensions buil": 2.9798944993812573e-06,
    "PI Endpoints GetResourceMetrics buil": 2.9798944993812573e-06,
    "PI Endpoints GetResourceMetadata buil": 2.9798944993812573e-06,
    "PI Endpoints GetDimensionKeyDetails buil": 2.9798944993812573e-06,
    "PI Endpoints DescribeDimensionKeys buil": 2.9798944993812573e-06,
    "PI EndpointProvider resolve_endpoint": 2.9798944993812573e-06,
    "PI EndpointProvider initialize": 2.9798944993812573e-06,
    "PI initialize": 2.9798944993812573e-06,
    "PI Endpoints UntagResource buil": 2.9798944993812573e-06,
    "PI Endpoints TagResource buil": 2.9798944993812573e-06,
    "PI Endpoints ListTagsForResource buil": 2.9798944993812573e-06,
    "PI Endpoints ListPerformanceAnalysisReports buil": 2.9798944993812573e-06,
    "PI Endpoints GetPerformanceAnalysisReport buil": 2.9798944993812573e-06,
    "PI Endpoints DeletePerformanceAnalysisReport buil": 2.9798944993812573e-06,
    "PI Endpoints CreatePerformanceAnalysisReport buil": 2.9798944993812573e-06,
    "PI Client untag_resource": 2.9798944993812573e-06,
    "PI Client tag_resource": 2.9798944993812573e-06,
    "PI Client list_tags_for_resource": 2.9798944993812573e-06,
    "PI Client list_performance_analysis_report": 2.9798944993812573e-06,
    "PI Client get_performance_analysis_report": 2.9798944993812573e-06,
    "PI Client delete_performance_analysis_report": 2.9798944993812573e-06,
    "PI Client create_performance_analysis_report": 2.9798944993812573e-06
}