{
    "Pricing Resource client": 2.9798944993812573e-06,
    "Pricing Resource initialize": 2.9798944993812573e-06,
    "Pricing Client errors_module": 2.9798944993812573e-06,
    "Pricing Client waiter_name": 2.9798944993812573e-06,
    "Pricing Client build_request": 2.9798944993812573e-06,
    "Pricing Client get_product": 2.9798944993812573e-06,
    "Pricing Client get_attribute_value": 2.9798944993812573e-06,
    "Pricing Client describe_service": 2.9798944993812573e-06,
    "Pricing Client initialize": 2.9798944993812573e-06,
    "Pricing Errors NotFoundException message": 2.9798944993812573e-06,
    "Pricing Errors NotFoundException initialize": 2.9798944993812573e-06,
    "Pricing Errors InvalidParameterException message": 2.9798944993812573e-06,
    "Pricing Errors InvalidParameterException initialize": 2.9798944993812573e-06,
    "Pricing Errors InvalidNextTokenException message": 2.9798944993812573e-06,
    "Pricing Errors InvalidNextTokenException initialize": 2.9798944993812573e-06,
    "Pricing Errors InternalErrorException message": 2.9798944993812573e-06,
    "Pricing Errors InternalErrorException initialize": 2.9798944993812573e-06,
    "Pricing Errors ExpiredNextTokenException message": 2.9798944993812573e-06,
    "Pricing Errors ExpiredNextTokenException initialize": 2.9798944993812573e-06,
    "Pricing Plugins Endpoints add_handle": 2.9798944993812573e-06,
    "Pricing Plugins Endpoints Handler parameters_for_operatio": 2.9798944993812573e-06,
    "Pricing Plugins Endpoints Handler apply_endpoint_heade": 2.9798944993812573e-06,
    "Pricing Plugins Endpoints Handler call": 2.9798944993812573e-06,
    "Pricing Endpoints GetProducts buil": 2.9798944993812573e-06,
    "Pricing Endpoints GetAttributeValues buil": 2.9798944993812573e-06,
    "Pricing Endpoints DescribeServices buil": 2.9798944993812573e-06,
    "Pricing EndpointProvider resolve_endpoint": 2.9798944993812573e-06,
    "Pricing EndpointProvider initialize": 2.9798944993812573e-06,
    "Pricing initialize": 2.9798944993812573e-06,
    "Pricing Errors AccessDeniedException message": 2.9798944993812573e-06,
    "Pricing Errors AccessDeniedException initialize": 2.9798944993812573e-06,
    "Pricing Endpoints ListPriceLists buil": 2.9798944993812573e-06,
    "Pricing Endpoints GetPriceListFileUrl buil": 2.9798944993812573e-06,
    "Pricing Client list_price_list": 2.9798944993812573e-06,
    "Pricing Client get_price_list_file_url": 2.9798944993812573e-06
}