{
    "Lex Resource client": 2.9798944993812573e-06,
    "Lex Resource initializ": 2.9798944993812573e-06,
    "Lex Client errors_modu": 2.9798944993812573e-06,
    "Lex Client waiter_nam": 2.9798944993812573e-06,
    "Lex Client build_request": 2.9798944993812573e-06,
    "Lex Client post_text": 2.9798944993812573e-06,
    "Lex Client post_content": 2.9798944993812573e-06,
    "Lex Client initializ": 2.9798944993812573e-06,
    "Lex Errors UnsupportedMediaTypeException messag": 2.9798944993812573e-06,
    "Lex Errors UnsupportedMediaTypeException initializ": 2.9798944993812573e-06,
    "Lex Errors RequestTimeoutException messag": 2.9798944993812573e-06,
    "Lex Errors RequestTimeoutException initializ": 2.9798944993812573e-06,
    "Lex Errors NotFoundException messag": 2.9798944993812573e-06,
    "Lex Errors NotFoundException initializ": 2.9798944993812573e-06,
    "Lex Errors NotAcceptableException messag": 2.9798944993812573e-06,
    "Lex Errors NotAcceptableException initializ": 2.9798944993812573e-06,
    "Lex Errors LoopDetectedException messag": 2.9798944993812573e-06,
    "Lex Errors LoopDetectedException initializ": 2.9798944993812573e-06,
    "Lex Errors LimitExceededException messag": 2.9798944993812573e-06,
    "Lex Errors LimitExceededException retry_after_secon": 2.9798944993812573e-06,
    "Lex Errors LimitExceededException initializ": 2.9798944993812573e-06,
    "Lex Errors InternalFailureException messag": 2.9798944993812573e-06,
    "Lex Errors InternalFailureException initializ": 2.9798944993812573e-06,
    "Lex Errors DependencyFailedException messag": 2.9798944993812573e-06,
    "Lex Errors DependencyFailedException initializ": 2.9798944993812573e-06,
    "Lex Errors ConflictException messag": 2.9798944993812573e-06,
    "Lex Errors ConflictException initializ": 2.9798944993812573e-06,
    "Lex Errors BadRequestException messag": 2.9798944993812573e-06,
    "Lex Errors BadRequestException initializ": 2.9798944993812573e-06,
    "Lex Errors BadGatewayException messag": 2.9798944993812573e-06,
    "Lex Errors BadGatewayException initializ": 2.9798944993812573e-06,
    "Lex Client put_session": 2.9798944993812573e-06,
    "Lex Client get_session": 2.9798944993812573e-06,
    "Lex Client delete_session": 2.9798944993812573e-06,
    "Lex Plugins Endpoints add_handler": 2.9798944993812573e-06,
    "Lex Plugins Endpoints Handler parameters_for_operation": 2.9798944993812573e-06,
    "Lex Plugins Endpoints Handler apply_endpoint_header": 2.9798944993812573e-06,
    "Lex Plugins Endpoints Handler c": 2.9798944993812573e-06,
    "Lex Endpoints PutSession bui": 2.9798944993812573e-06,
    "Lex Endpoints PostText bui": 2.9798944993812573e-06,
    "Lex Endpoints PostContent bui": 2.9798944993812573e-06,
    "Lex Endpoints GetSession bui": 2.9798944993812573e-06,
    "Lex Endpoints DeleteSession bui": 2.9798944993812573e-06,
    "Lex EndpointProvider resolve_endpoint": 2.9798944993812573e-06,
    "Lex EndpointProvider initializ": 2.9798944993812573e-06,
    "Lex initializ": 2.9798944993812573e-06
}