{
    "AutoScalingPlans Resource clie": 2.9798944993812573e-06,
    "AutoScalingPlans Resource initialize": 2.9798944993812573e-06,
    "AutoScalingPlans Client errors_module": 2.9798944993812573e-06,
    "AutoScalingPlans Client waiter_name": 2.9798944993812573e-06,
    "AutoScalingPlans Client build_reque": 2.9798944993812573e-06,
    "AutoScalingPlans Client describe_scaling_": 2.9798944993812573e-06,
    "AutoScalingPlans Client describe_scaling_plan_resource": 2.9798944993812573e-06,
    "AutoScalingPlans Client delete_scaling_": 2.9798944993812573e-06,
    "AutoScalingPlans Client create_scaling_": 2.9798944993812573e-06,
    "AutoScalingPlans Client initialize": 2.9798944993812573e-06,
    "AutoScalingPlans Client update_scaling_": 2.9798944993812573e-06,
    "AutoScalingPlans Client get_scaling_plan_resource_forecast_": 2.9798944993812573e-06,
    "AutoScalingPlans Errors ValidationException message": 2.9798944993812573e-06,
    "AutoScalingPlans Errors ValidationException initialize": 2.9798944993812573e-06,
    "AutoScalingPlans Errors ObjectNotFoundException message": 2.9798944993812573e-06,
    "AutoScalingPlans Errors ObjectNotFoundException initialize": 2.9798944993812573e-06,
    "AutoScalingPlans Errors LimitExceededException message": 2.9798944993812573e-06,
    "AutoScalingPlans Errors LimitExceededException initialize": 2.9798944993812573e-06,
    "AutoScalingPlans Errors InvalidNextTokenException message": 2.9798944993812573e-06,
    "AutoScalingPlans Errors InvalidNextTokenException initialize": 2.9798944993812573e-06,
    "AutoScalingPlans Errors InternalServiceException message": 2.9798944993812573e-06,
    "AutoScalingPlans Errors InternalServiceException initialize": 2.9798944993812573e-06,
    "AutoScalingPlans Errors ConcurrentUpdateException message": 2.9798944993812573e-06,
    "AutoScalingPlans Errors ConcurrentUpdateException initialize": 2.9798944993812573e-06,
    "AutoScalingPlans Plugins Endpoints add_handler": 2.9798944993812573e-06,
    "AutoScalingPlans Plugins Endpoints Handler parameters_for_oper": 2.9798944993812573e-06,
    "AutoScalingPlans Plugins Endpoints Handler apply_endpoint_header": 2.9798944993812573e-06,
    "AutoScalingPlans Plugins Endpoints Handler": 2.9798944993812573e-06,
    "AutoScalingPlans Endpoints UpdateScalingPlan b": 2.9798944993812573e-06,
    "AutoScalingPlans Endpoints GetScalingPlanResourceForecastData b": 2.9798944993812573e-06,
    "AutoScalingPlans Endpoints DescribeScalingPlans b": 2.9798944993812573e-06,
    "AutoScalingPlans Endpoints DescribeScalingPlanResources b": 2.9798944993812573e-06,
    "AutoScalingPlans Endpoints DeleteScalingPlan b": 2.9798944993812573e-06,
    "AutoScalingPlans Endpoints CreateScalingPlan b": 2.9798944993812573e-06,
    "AutoScalingPlans EndpointProvider resolve_e": 2.9798944993812573e-06,
    "AutoScalingPlans EndpointProvider initialize": 2.9798944993812573e-06,
    "AutoScalingPlans initialize": 2.9798944993812573e-06
}