{
    "CloudTrailData Resource clien": 2.9798944993812573e-06,
    "CloudTrailData Resource initialize": 2.9798944993812573e-06,
    "CloudTrailData Plugins Endpoints add_handle": 2.9798944993812573e-06,
    "CloudTrailData Plugins Endpoints Handler parameters_for_operation": 2.9798944993812573e-06,
    "CloudTrailData Plugins Endpoints Handler apply_endpoint_heade": 2.9798944993812573e-06,
    "CloudTrailData Plugins Endpoints Handle": 2.9798944993812573e-06,
    "CloudTrailData Errors UnsupportedOperationException message": 2.9798944993812573e-06,
    "CloudTrailData Errors UnsupportedOperationException initialize": 2.9798944993812573e-06,
    "CloudTrailData Errors InvalidChannelARN message": 2.9798944993812573e-06,
    "CloudTrailData Errors InvalidChannelARN initialize": 2.9798944993812573e-06,
    "CloudTrailData Errors DuplicatedAuditEventId message": 2.9798944993812573e-06,
    "CloudTrailData Errors DuplicatedAuditEventId initialize": 2.9798944993812573e-06,
    "CloudTrailData Errors ChannelUnsupportedSchema message": 2.9798944993812573e-06,
    "CloudTrailData Errors ChannelUnsupportedSchema initialize": 2.9798944993812573e-06,
    "CloudTrailData Errors ChannelNotFound message": 2.9798944993812573e-06,
    "CloudTrailData Errors ChannelNotFound initialize": 2.9798944993812573e-06,
    "CloudTrailData Errors ChannelInsufficientPermission message": 2.9798944993812573e-06,
    "CloudTrailData Errors ChannelInsufficientPermission initialize": 2.9798944993812573e-06,
    "CloudTrailData Endpoints PutAuditEvents b": 2.9798944993812573e-06,
    "CloudTrailData EndpointProvider resolve_endpoin": 2.9798944993812573e-06,
    "CloudTrailData initialize": 2.9798944993812573e-06,
    "CloudTrailData Client errors_module": 2.9798944993812573e-06,
    "CloudTrailData Client waiter_name": 2.9798944993812573e-06,
    "CloudTrailData Client build_reque": 2.9798944993812573e-06,
    "CloudTrailData Client put_audit_even": 2.9798944993812573e-06,
    "CloudTrailData Client initialize": 2.9798944993812573e-06
}