{
    "Cloud9 Resource client": 2.9798944993812573e-06,
    "Cloud9 Resource initialize": 2.9798944993812573e-06,
    "Cloud9 Client errors_module": 2.9798944993812573e-06,
    "Cloud9 Client waiter_name": 2.9798944993812573e-06,
    "Cloud9 Client build_request": 2.9798944993812573e-06,
    "Cloud9 Client update_environment_membership": 2.9798944993812573e-06,
    "Cloud9 Client update_environment": 2.9798944993812573e-06,
    "Cloud9 Client list_environment": 2.9798944993812573e-06,
    "Cloud9 Client describe_environment": 2.9798944993812573e-06,
    "Cloud9 Client describe_environment_stat": 2.9798944993812573e-06,
    "Cloud9 Client describe_environment_membership": 2.9798944993812573e-06,
    "Cloud9 Client delete_environment_membership": 2.9798944993812573e-06,
    "Cloud9 Client delete_environment": 2.9798944993812573e-06,
    "Cloud9 Client create_environment_membership": 2.9798944993812573e-06,
    "Cloud9 Client create_environment_ec2": 2.9798944993812573e-06,
    "Cloud9 Client initialize": 2.9798944993812573e-06,
    "Cloud9 Client untag_resource": 2.9798944993812573e-06,
    "Cloud9 Client tag_resource": 2.9798944993812573e-06,
    "Cloud9 Client list_tags_for_resource": 2.9798944993812573e-06,
    "Cloud9 Errors TooManyRequestsException initialize": 2.9798944993812573e-06,
    "Cloud9 Errors NotFoundException initialize": 2.9798944993812573e-06,
    "Cloud9 Errors LimitExceededException initialize": 2.9798944993812573e-06,
    "Cloud9 Errors InternalServerErrorException initialize": 2.9798944993812573e-06,
    "Cloud9 Errors ForbiddenException initialize": 2.9798944993812573e-06,
    "Cloud9 Errors ConflictException initialize": 2.9798944993812573e-06,
    "Cloud9 Errors BadRequestException initialize": 2.9798944993812573e-06,
    "Cloud9 Errors ConcurrentAccessException initialize": 2.9798944993812573e-06,
    "Cloud9 Plugins Endpoints add_handler": 2.9798944993812573e-06,
    "Cloud9 Plugins Endpoints Handler parameters_for_operation": 2.9798944993812573e-06,
    "Cloud9 Plugins Endpoints Handler apply_endpoint_header": 2.9798944993812573e-06,
    "Cloud9 Plugins Endpoints Handler": 2.9798944993812573e-06,
    "Cloud9 Endpoints UpdateEnvironmentMembership bui": 2.9798944993812573e-06,
    "Cloud9 Endpoints UpdateEnvironment bui": 2.9798944993812573e-06,
    "Cloud9 Endpoints UntagResource bui": 2.9798944993812573e-06,
    "Cloud9 Endpoints TagResource bui": 2.9798944993812573e-06,
    "Cloud9 Endpoints ListTagsForResource bui": 2.9798944993812573e-06,
    "Cloud9 Endpoints ListEnvironments bui": 2.9798944993812573e-06,
    "Cloud9 Endpoints DescribeEnvironments bui": 2.9798944993812573e-06,
    "Cloud9 Endpoints DescribeEnvironmentStatus bui": 2.9798944993812573e-06,
    "Cloud9 Endpoints DescribeEnvironmentMemberships bui": 2.9798944993812573e-06,
    "Cloud9 Endpoints DeleteEnvironmentMembership bui": 2.9798944993812573e-06,
    "Cloud9 Endpoints DeleteEnvironment bui": 2.9798944993812573e-06,
    "Cloud9 Endpoints CreateEnvironmentMembership bui": 2.9798944993812573e-06,
    "Cloud9 Endpoints CreateEnvironmentEC2 bui": 2.9798944993812573e-06,
    "Cloud9 EndpointProvider resolve_endpoint": 2.9798944993812573e-06,
    "Cloud9 EndpointProvider initialize": 2.9798944993812573e-06,
    "Cloud9 initialize": 2.9798944993812573e-06
}