{
    "PersonalizeEvents Resource c": 2.9798944993812573e-06,
    "PersonalizeEvents Resourc": 2.9798944993812573e-06,
    "PersonalizeEvents Errors InvalidInputException messag": 2.9798944993812573e-06,
    "PersonalizeEvents Errors InvalidInputExc": 2.9798944993812573e-06,
    "PersonalizeEvents Client errors_modu": 2.9798944993812573e-06,
    "PersonalizeEvents Client waiter_nam": 2.9798944993812573e-06,
    "PersonalizeEvents Client build_requ": 2.9798944993812573e-06,
    "PersonalizeEvents Client put_": 2.9798944993812573e-06,
    "PersonalizeEvents C": 2.9798944993812573e-06,
    "PersonalizeEvents Errors ResourceNotFoundException messag": 2.9798944993812573e-06,
    "PersonalizeEvents Errors ResourceNotFoundExc": 2.9798944993812573e-06,
    "PersonalizeEvents Client put_u": 2.9798944993812573e-06,
    "PersonalizeEvents Client put_item": 2.9798944993812573e-06,
    "PersonalizeEvents Errors ResourceInUseException messag": 2.9798944993812573e-06,
    "PersonalizeEvents Errors ResourceInUseExc": 2.9798944993812573e-06,
    "PersonalizeEvents Plugins Endpoints add_h": 2.9798944993812573e-06,
    "PersonalizeEvents Plugins Endpoints Handler parameters_for_": 2.9798944993812573e-06,
    "PersonalizeEvents Plugins Endpoints Handler apply_endpoint_h": 2.9798944993812573e-06,
    "PersonalizeEvents Plugins Endpoints Handler c": 2.9798944993812573e-06,
    "PersonalizeEvents Endpoints PutUsers bu": 2.9798944993812573e-06,
    "PersonalizeEvents Endpoints PutItems bu": 2.9798944993812573e-06,
    "PersonalizeEvents Endpoints PutEvents bu": 2.9798944993812573e-06,
    "PersonalizeEvents EndpointProvider resolve_": 2.9798944993812573e-06,
    "PersonalizeEvents EndpointP": 2.9798944993812573e-06,
    "PersonalizeE": 2.9798944993812573e-06,
    "PersonalizeEvents Endpoints PutActions bu": 2.9798944993812573e-06,
    "PersonalizeEvents Endpoints PutActionInteractions bu": 2.9798944993812573e-06,
    "PersonalizeEvents Client put_ac": 2.9798944993812573e-06,
    "PersonalizeEvents Client put_action_interac": 2.9798944993812573e-06
}