{
    "QLDBSession Resource client": 2.9798944993812573e-06,
    "QLDBSession Resource initializ": 2.9798944993812573e-06,
    "QLDBSession Errors RateExceededException messag": 2.9798944993812573e-06,
    "QLDBSession Errors RateExceededException initializ": 2.9798944993812573e-06,
    "QLDBSession Errors OccConflictException messag": 2.9798944993812573e-06,
    "QLDBSession Errors OccConflictException initializ": 2.9798944993812573e-06,
    "QLDBSession Errors LimitExceededException messag": 2.9798944993812573e-06,
    "QLDBSession Errors LimitExceededException initializ": 2.9798944993812573e-06,
    "QLDBSession Errors InvalidSessionException c": 2.9798944993812573e-06,
    "QLDBSession Errors InvalidSessionException messag": 2.9798944993812573e-06,
    "QLDBSession Errors InvalidSessionException initializ": 2.9798944993812573e-06,
    "QLDBSession Errors BadRequestException c": 2.9798944993812573e-06,
    "QLDBSession Errors BadRequestException messag": 2.9798944993812573e-06,
    "QLDBSession Errors BadRequestException initializ": 2.9798944993812573e-06,
    "QLDBSession Client errors_modu": 2.9798944993812573e-06,
    "QLDBSession Client waiter_nam": 2.9798944993812573e-06,
    "QLDBSession Client build_request": 2.9798944993812573e-06,
    "QLDBSession Client send_comm": 2.9798944993812573e-06,
    "QLDBSession Client initializ": 2.9798944993812573e-06,
    "QLDBSession Errors CapacityExceededException messag": 2.9798944993812573e-06,
    "QLDBSession Errors CapacityExceededException initializ": 2.9798944993812573e-06,
    "QLDBSession Plugins Endpoints add_handler": 2.9798944993812573e-06,
    "QLDBSession Plugins Endpoints Handler parameters_for_operat": 2.9798944993812573e-06,
    "QLDBSession Plugins Endpoints Handler apply_endpoint_header": 2.9798944993812573e-06,
    "QLDBSession Plugins Endpoints Handler c": 2.9798944993812573e-06,
    "QLDBSession Endpoints SendCommand bu": 2.9798944993812573e-06,
    "QLDBSession EndpointProvider resolve_endpoint": 2.9798944993812573e-06,
    "QLDBSession EndpointProvider initializ": 2.9798944993812573e-06,
    "QLDBSession initializ": 2.9798944993812573e-06
}