{
    "ARCZonalShift Resource clie": 2.9798944993812573e-06,
    "ARCZonalShift Resource initialize": 2.9798944993812573e-06,
    "ARCZonalShift Plugins Endpoints add_handle": 2.9798944993812573e-06,
    "ARCZonalShift Plugins Endpoints Handler parameters_for_ope": 2.9798944993812573e-06,
    "ARCZonalShift Plugins Endpoints Handler apply_endpoint_heade": 2.9798944993812573e-06,
    "ARCZonalShift Plugins Endpoints Handle": 2.9798944993812573e-06,
    "ARCZonalShift Errors ValidationException re": 2.9798944993812573e-06,
    "ARCZonalShift Errors ValidationException message": 2.9798944993812573e-06,
    "ARCZonalShift Errors ValidationException initialize": 2.9798944993812573e-06,
    "ARCZonalShift Errors ThrottlingException message": 2.9798944993812573e-06,
    "ARCZonalShift Errors ThrottlingException initialize": 2.9798944993812573e-06,
    "ARCZonalShift Errors ResourceNotFoundException message": 2.9798944993812573e-06,
    "ARCZonalShift Errors ResourceNotFoundException initialize": 2.9798944993812573e-06,
    "ARCZonalShift Errors InternalServerException message": 2.9798944993812573e-06,
    "ARCZonalShift Errors InternalServerException initialize": 2.9798944993812573e-06,
    "ARCZonalShift Errors ConflictException zonal_shift_": 2.9798944993812573e-06,
    "ARCZonalShift Errors ConflictException re": 2.9798944993812573e-06,
    "ARCZonalShift Errors ConflictException message": 2.9798944993812573e-06,
    "ARCZonalShift Errors ConflictException initialize": 2.9798944993812573e-06,
    "ARCZonalShift Errors AccessDeniedException message": 2.9798944993812573e-06,
    "ARCZonalShift Errors AccessDeniedException initialize": 2.9798944993812573e-06,
    "ARCZonalShift Endpoints UpdateZonalShift bu": 2.9798944993812573e-06,
    "ARCZonalShift Endpoints StartZonalShift bu": 2.9798944993812573e-06,
    "ARCZonalShift Endpoints ListZonalShifts bu": 2.9798944993812573e-06,
    "ARCZonalShift Endpoints ListManagedResources bu": 2.9798944993812573e-06,
    "ARCZonalShift Endpoints GetManagedResource bu": 2.9798944993812573e-06,
    "ARCZonalShift Endpoints CancelZonalShift bu": 2.9798944993812573e-06,
    "ARCZonalShift EndpointProvider resolve_endp": 2.9798944993812573e-06,
    "ARCZonalShift EndpointProvider initialize": 2.9798944993812573e-06,
    "ARCZonalShift initialize": 2.9798944993812573e-06,
    "ARCZonalShift Client errors_module": 2.9798944993812573e-06,
    "ARCZonalShift Client waiter_name": 2.9798944993812573e-06,
    "ARCZonalShift Client build_reque": 2.9798944993812573e-06,
    "ARCZonalShift Client update_zonal_": 2.9798944993812573e-06,
    "ARCZonalShift Client start_zonal_": 2.9798944993812573e-06,
    "ARCZonalShift Client list_zonal_": 2.9798944993812573e-06,
    "ARCZonalShift Client list_managed_resource": 2.9798944993812573e-06,
    "ARCZonalShift Client get_managed_resource": 2.9798944993812573e-06,
    "ARCZonalShift Client cancel_zonal_": 2.9798944993812573e-06,
    "ARCZonalShift Client initialize": 2.9798944993812573e-06,
    "ARCZonalShift Endpoints UpdateZonalAutoshiftConfiguration bu": 2.9798944993812573e-06,
    "ARCZonalShift Endpoints UpdatePracticeRunConfiguration bu": 2.9798944993812573e-06,
    "ARCZonalShift Endpoints ListAutoshifts bu": 2.9798944993812573e-06,
    "ARCZonalShift Endpoints DeletePracticeRunConfiguration bu": 2.9798944993812573e-06,
    "ARCZonalShift Endpoints CreatePracticeRunConfiguration bu": 2.9798944993812573e-06,
    "ARCZonalShift Client update_zonal_autoshift_configu": 2.9798944993812573e-06,
    "ARCZonalShift Client update_practice_run_configu": 2.9798944993812573e-06,
    "ARCZonalShift Client list_au": 2.9798944993812573e-06,
    "ARCZonalShift Client delete_practice_run_configu": 2.9798944993812573e-06,
    "ARCZonalShift Client create_practice_run_configu": 2.9798944993812573e-06
}