{
    "WorkMailMessageFlow Resource client": 2.9798944993812573e-06,
    "WorkMailMessageFlow Resource initializ": 2.9798944993812573e-06,
    "WorkMailMessageFlow Errors ResourceNotFoundException": 2.9798944993812573e-06,
    "WorkMailMessageFlow Errors ResourceNotFoundException initializ": 2.9798944993812573e-06,
    "WorkMailMessageFlow Client errors_modu": 2.9798944993812573e-06,
    "WorkMailMessageFlow Client waiter_n": 2.9798944993812573e-06,
    "WorkMailMessageFlow Client build_request": 2.9798944993812573e-06,
    "WorkMailMessageFlow Client get_raw_message_content": 2.9798944993812573e-06,
    "WorkMailMessageFlow Client initializ": 2.9798944993812573e-06,
    "WorkMailMessageFlow Errors MessageReject": 2.9798944993812573e-06,
    "WorkMailMessageFlow Errors MessageRejected initializ": 2.9798944993812573e-06,
    "WorkMailMessageFlow Errors MessageFrozen": 2.9798944993812573e-06,
    "WorkMailMessageFlow Errors MessageFrozen initializ": 2.9798944993812573e-06,
    "WorkMailMessageFlow Errors InvalidContentLocation": 2.9798944993812573e-06,
    "WorkMailMessageFlow Errors InvalidContentLocation initializ": 2.9798944993812573e-06,
    "WorkMailMessageFlow Client put_raw_message_content": 2.9798944993812573e-06,
    "WorkMailMessageFlow Plugins Endpoints add_han": 2.9798944993812573e-06,
    "WorkMailMessageFlow Plugins Endpoints Handler parameters_for_operation": 2.9798944993812573e-06,
    "WorkMailMessageFlow Plugins Endpoints Handler apply_endpoint_h": 2.9798944993812573e-06,
    "WorkMailMessageFlow Plugins Endpoints Handler c": 2.9798944993812573e-06,
    "WorkMailMessageFlow Endpoints PutRawMessageContent bu": 2.9798944993812573e-06,
    "WorkMailMessageFlow Endpoints GetRawMessageContent bu": 2.9798944993812573e-06,
    "WorkMailMessageFlow EndpointProvider resolve_endpoint": 2.9798944993812573e-06,
    "WorkMailMessageFlow EndpointProvider initializ": 2.9798944993812573e-06,
    "WorkMailMessageFlow initializ": 2.9798944993812573e-06
}