{
    "EKSAuth Resource clien": 2.9798944993812573e-06,
    "EKSAuth Resource initializ": 2.9798944993812573e-06,
    "EKSAuth Plugins Endpoints add_handler": 2.9798944993812573e-06,
    "EKSAuth Plugins Endpoints Handler parameters_for_operation": 2.9798944993812573e-06,
    "EKSAuth Plugins Endpoints Handler apply_endpoint_header": 2.9798944993812573e-06,
    "EKSAuth Plugins Endpoints Handler call": 2.9798944993812573e-06,
    "EKSAuth Errors ThrottlingException messag": 2.9798944993812573e-06,
    "EKSAuth Errors ThrottlingException initializ": 2.9798944993812573e-06,
    "EKSAuth Errors ServiceUnavailableException messag": 2.9798944993812573e-06,
    "EKSAuth Errors ServiceUnavailableException initializ": 2.9798944993812573e-06,
    "EKSAuth Errors ResourceNotFoundException messag": 2.9798944993812573e-06,
    "EKSAuth Errors ResourceNotFoundException initializ": 2.9798944993812573e-06,
    "EKSAuth Errors InvalidTokenException messag": 2.9798944993812573e-06,
    "EKSAuth Errors InvalidTokenException initializ": 2.9798944993812573e-06,
    "EKSAuth Errors InvalidRequestException messag": 2.9798944993812573e-06,
    "EKSAuth Errors InvalidRequestException initializ": 2.9798944993812573e-06,
    "EKSAuth Errors InvalidParameterException messag": 2.9798944993812573e-06,
    "EKSAuth Errors InvalidParameterException initializ": 2.9798944993812573e-06,
    "EKSAuth Errors InternalServerException messag": 2.9798944993812573e-06,
    "EKSAuth Errors InternalServerException initializ": 2.9798944993812573e-06,
    "EKSAuth Errors ExpiredTokenException messag": 2.9798944993812573e-06,
    "EKSAuth Errors ExpiredTokenException initializ": 2.9798944993812573e-06,
    "EKSAuth Errors AccessDeniedException messag": 2.9798944993812573e-06,
    "EKSAuth Errors AccessDeniedException initializ": 2.9798944993812573e-06,
    "EKSAuth Endpoints AssumeRoleForPodIdentity buil": 2.9798944993812573e-06,
    "EKSAuth EndpointProvider resolve_endpoin": 2.9798944993812573e-06,
    "EKSAuth initializ": 2.9798944993812573e-06,
    "EKSAuth Client errors_modul": 2.9798944993812573e-06,
    "EKSAuth Client waiter_nam": 2.9798944993812573e-06,
    "EKSAuth Client build_req": 2.9798944993812573e-06,
    "EKSAuth Client assume_role_for_pod_identity": 2.9798944993812573e-06,
    "EKSAuth Client initializ": 2.9798944993812573e-06
}