{
    "RecycleBin Resource client": 2.9798944993812573e-06,
    "RecycleBin Resource initializ": 2.9798944993812573e-06,
    "RecycleBin Errors ValidationException reaso": 2.9798944993812573e-06,
    "RecycleBin Errors ValidationException messag": 2.9798944993812573e-06,
    "RecycleBin Errors ValidationException initializ": 2.9798944993812573e-06,
    "RecycleBin Errors ServiceQuotaExceededException reaso": 2.9798944993812573e-06,
    "RecycleBin Errors ServiceQuotaExceededException messag": 2.9798944993812573e-06,
    "RecycleBin Errors ServiceQuotaExceededException initializ": 2.9798944993812573e-06,
    "RecycleBin Errors ResourceNotFoundException reaso": 2.9798944993812573e-06,
    "RecycleBin Errors ResourceNotFoundException messag": 2.9798944993812573e-06,
    "RecycleBin Errors ResourceNotFoundException initializ": 2.9798944993812573e-06,
    "RecycleBin Errors InternalServerException messag": 2.9798944993812573e-06,
    "RecycleBin Errors InternalServerException initializ": 2.9798944993812573e-06,
    "RecycleBin Client errors_modu": 2.9798944993812573e-06,
    "RecycleBin Client waiter_nam": 2.9798944993812573e-06,
    "RecycleBin Client build_request": 2.9798944993812573e-06,
    "RecycleBin Client update_ru": 2.9798944993812573e-06,
    "RecycleBin Client untag_resou": 2.9798944993812573e-06,
    "RecycleBin Client tag_resou": 2.9798944993812573e-06,
    "RecycleBin Client list_tags_for_resou": 2.9798944993812573e-06,
    "RecycleBin Client list_ru": 2.9798944993812573e-06,
    "RecycleBin Client get_ru": 2.9798944993812573e-06,
    "RecycleBin Client delete_ru": 2.9798944993812573e-06,
    "RecycleBin Client create_ru": 2.9798944993812573e-06,
    "RecycleBin Client initializ": 2.9798944993812573e-06,
    "RecycleBin Plugins Endpoints add_h": 2.9798944993812573e-06,
    "RecycleBin Plugins Endpoints Handler parameters_for_operatio": 2.9798944993812573e-06,
    "RecycleBin Plugins Endpoints Handler apply_endpoint_h": 2.9798944993812573e-06,
    "RecycleBin Plugins Endpoints H": 2.9798944993812573e-06,
    "RecycleBin Errors ConflictException reaso": 2.9798944993812573e-06,
    "RecycleBin Errors ConflictException messag": 2.9798944993812573e-06,
    "RecycleBin Errors ConflictException initializ": 2.9798944993812573e-06,
    "RecycleBin Endpoints UpdateRule bu": 2.9798944993812573e-06,
    "RecycleBin Endpoints UntagResource bu": 2.9798944993812573e-06,
    "RecycleBin Endpoints UnlockRule bu": 2.9798944993812573e-06,
    "RecycleBin Endpoints TagResource bu": 2.9798944993812573e-06,
    "RecycleBin Endpoints LockRule bu": 2.9798944993812573e-06,
    "RecycleBin Endpoints ListTagsForResource bu": 2.9798944993812573e-06,
    "RecycleBin Endpoints ListRules bu": 2.9798944993812573e-06,
    "RecycleBin Endpoints GetRule bu": 2.9798944993812573e-06,
    "RecycleBin Endpoints DeleteRule bu": 2.9798944993812573e-06,
    "RecycleBin Endpoints CreateRule bu": 2.9798944993812573e-06,
    "RecycleBin EndpointProvider resolve_endpoint": 2.9798944993812573e-06,
    "RecycleBin initializ": 2.9798944993812573e-06,
    "RecycleBin Client unlock_ru": 2.9798944993812573e-06,
    "RecycleBin Client lock_ru": 2.9798944993812573e-06,
    "RecycleBin EndpointProvider initializ": 2.9798944993812573e-06
}