{
    "Aws EventStream Types p": 2.9798944993812573e-06,
    "Aws EventStream Types typ": 2.9798944993812573e-06,
    "Aws EventStream Message initializ": 1.057868458172028e-05,
    "Aws EventStream HeaderValue format_timestamp": 2.9798944993812573e-06,
    "Aws EventStream HeaderValue format_uuid": 2.9798944993812573e-06,
    "Aws EventStream HeaderValue format_valu": 2.9798944993812573e-06,
    "Aws EventStream HeaderValue initializ": 1.6911009650336134e-05,
    "Aws EventStream Errors MessageChecksumError initializ": 2.9798944993812573e-06,
    "Aws EventStream Errors PreludeChecksumError initializ": 2.9798944993812573e-06,
    "Aws EventStream Errors IncompleteMessageError initializ": 2.9798944993812573e-06,
    "Aws EventStream Errors ReadBytesExceedLengthError initializ": 2.9798944993812573e-06,
    "Aws EventStream Encoder pack_uint32": 2.9798944993812573e-06,
    "Aws EventStream Encoder pack_uint16": 2.9798944993812573e-06,
    "Aws EventStream Encoder pack_uint8": 2.9798944993812573e-06,
    "Aws EventStream Encoder prelud": 2.9798944993812573e-06,
    "Aws EventStream Encoder encode_head": 2.9798944993812573e-06,
    "Aws EventStream Encoder encode_messag": 2.9798944993812573e-06,
    "Aws EventStream Encoder encod": 4.246359513104428e-06,
    "Aws EventStream Decoder unpack_uint8": 2.9798944993812573e-06,
    "Aws EventStream Decoder unpack_uint16": 2.9798944993812573e-06,
    "Aws EventStream Decoder unpack_uint32": 2.9798944993812573e-06,
    "Aws EventStream Decoder payload_tempfil": 2.9798944993812573e-06,
    "Aws EventStream Decoder payload_stringio": 2.9798944993812573e-06,
    "Aws EventStream Decoder extract_payload": 2.9798944993812573e-06,
    "Aws EventStream Decoder extract_head": 2.9798944993812573e-06,
    "Aws EventStream Decoder contex": 2.9798944993812573e-06,
    "Aws EventStream Decoder prelud": 2.9798944993812573e-06,
    "Aws EventStream Decoder decode_messag": 2.9798944993812573e-06,
    "Aws EventStream Decoder decode_io": 2.9798944993812573e-06,
    "Aws EventStream Decoder decode_chunk": 4.246359513104428e-06,
    "Aws EventStream Decoder decod": 2.9798944993812573e-06,
    "Aws EventStream Decoder initializ": 6.779289540550769e-06,
    "Aws EventStream BytesBuffer clear!": 2.9798944993812573e-06,
    "Aws EventStream BytesBuffer tell": 2.9798944993812573e-06,
    "Aws EventStream BytesBuffer bytesiz": 2.9798944993812573e-06,
    "Aws EventStream BytesBuffer eof?": 2.9798944993812573e-06,
    "Aws EventStream BytesBuffer rewind": 2.9798944993812573e-06,
    "Aws EventStream BytesBuffer wri": 2.9798944993812573e-06,
    "Aws EventStream BytesBuffer readby": 2.9798944993812573e-06,
    "Aws EventStream BytesBuffer read": 2.9798944993812573e-06,
    "Aws EventStream BytesBuffer initializ": 2.9798944993812573e-06,
    "Aws EventStream Errors EventHeadersLengthExceedError initializ": 2.9798944993812573e-06,
    "Aws EventStream Errors EventPayloadLengthExceedError initializ": 2.9798944993812573e-06,
    "Aws EventStream Encoder encode_prelud": 2.9798944993812573e-06,
    "Aws EventStream Decoder decode_contex": 2.9798944993812573e-06,
    "Aws EventStream Decoder decode_prelud": 2.9798944993812573e-06,
    "Aws EventStream Decoder wrap_as_enumerato": 2.9798944993812573e-06
}