{
    "PersonalizeRuntime Resource c": 2.9798944993812573e-06,
    "PersonalizeRuntime Resourc": 2.9798944993812573e-06,
    "PersonalizeRuntime Errors ResourceNotFoundException messag": 2.9798944993812573e-06,
    "PersonalizeRuntime Errors ResourceNotFoundExc": 2.9798944993812573e-06,
    "PersonalizeRuntime Errors InvalidInputException messag": 2.9798944993812573e-06,
    "PersonalizeRuntime Errors InvalidInputExc": 2.9798944993812573e-06,
    "PersonalizeRuntime Client errors_": 2.9798944993812573e-06,
    "PersonalizeRuntime Client waiter_": 2.9798944993812573e-06,
    "PersonalizeRuntime Client build_req": 2.9798944993812573e-06,
    "PersonalizeRuntime Client get_rec": 2.9798944993812573e-06,
    "PersonalizeRuntime Client get_personalized_ranking": 2.9798944993812573e-06,
    "PersonalizeRuntime C": 2.9798944993812573e-06,
    "PersonalizeRuntime Plugins Endpoints add_h": 2.9798944993812573e-06,
    "PersonalizeRuntime Plugins Endpoints Handler parameters_for_": 2.9798944993812573e-06,
    "PersonalizeRuntime Plugins Endpoints Handler apply_endpoint_h": 2.9798944993812573e-06,
    "PersonalizeRuntime Plugins Endpoints Handler c": 2.9798944993812573e-06,
    "PersonalizeRuntime Endpoints GetRecommendations b": 2.9798944993812573e-06,
    "PersonalizeRuntime Endpoints GetPersonalizedRanking b": 2.9798944993812573e-06,
    "PersonalizeRuntime EndpointProvider resolve_": 2.9798944993812573e-06,
    "PersonalizeRuntime EndpointProv": 2.9798944993812573e-06,
    "PersonalizeR": 2.9798944993812573e-06,
    "PersonalizeRuntime Endpoints GetActionRecommendations b": 2.9798944993812573e-06,
    "PersonalizeRuntime Client get_action_rec": 2.9798944993812573e-06
}