{
    "ConnectParticipant Resource cl": 2.9798944993812573e-06,
    "ConnectParticipant Resource initializ": 2.9798944993812573e-06,
    "ConnectParticipant Errors ValidationException messag": 2.9798944993812573e-06,
    "ConnectParticipant Errors ValidationException initializ": 2.9798944993812573e-06,
    "ConnectParticipant Errors ThrottlingException messag": 2.9798944993812573e-06,
    "ConnectParticipant Errors ThrottlingException initializ": 2.9798944993812573e-06,
    "ConnectParticipant Errors InternalServerException messag": 2.9798944993812573e-06,
    "ConnectParticipant Errors InternalServerException initializ": 2.9798944993812573e-06,
    "ConnectParticipant Errors AccessDeniedException messag": 2.9798944993812573e-06,
    "ConnectParticipant Errors AccessDeniedException initializ": 2.9798944993812573e-06,
    "ConnectParticipant Client errors_modul": 2.9798944993812573e-06,
    "ConnectParticipant Client waiter_nam": 2.9798944993812573e-06,
    "ConnectParticipant Client build_requ": 2.9798944993812573e-06,
    "ConnectParticipant Client send_messag": 2.9798944993812573e-06,
    "ConnectParticipant Client send_ev": 2.9798944993812573e-06,
    "ConnectParticipant Client get_": 2.9798944993812573e-06,
    "ConnectParticipant Client disconnect_": 2.9798944993812573e-06,
    "ConnectParticipant Client create_participant_": 2.9798944993812573e-06,
    "ConnectParticipant Client initializ": 2.9798944993812573e-06,
    "ConnectParticipant Errors ServiceQuotaExceededException messag": 2.9798944993812573e-06,
    "ConnectParticipant Errors ServiceQuotaExceededException initializ": 2.9798944993812573e-06,
    "ConnectParticipant Errors ConflictException messag": 2.9798944993812573e-06,
    "ConnectParticipant Errors ConflictException initializ": 2.9798944993812573e-06,
    "ConnectParticipant Client start_attachment_upl": 2.9798944993812573e-06,
    "ConnectParticipant Client get_attachm": 2.9798944993812573e-06,
    "ConnectParticipant Client complete_attachment_upl": 2.9798944993812573e-06,
    "ConnectParticipant Plugins Endpoints add_handl": 2.9798944993812573e-06,
    "ConnectParticipant Plugins Endpoints Handler parameters_for_": 2.9798944993812573e-06,
    "ConnectParticipant Plugins Endpoints Handler apply_endpoint_h": 2.9798944993812573e-06,
    "ConnectParticipant Plugins Endpoints Handler call": 2.9798944993812573e-06,
    "ConnectParticipant Endpoints StartAttachmentUpload buil": 2.9798944993812573e-06,
    "ConnectParticipant Endpoints SendMessage buil": 2.9798944993812573e-06,
    "ConnectParticipant Endpoints SendEvent buil": 2.9798944993812573e-06,
    "ConnectParticipant Endpoints GetTranscript buil": 2.9798944993812573e-06,
    "ConnectParticipant Endpoints GetAttachment buil": 2.9798944993812573e-06,
    "ConnectParticipant Endpoints DisconnectParticipant buil": 2.9798944993812573e-06,
    "ConnectParticipant Endpoints CreateParticipantConnection buil": 2.9798944993812573e-06,
    "ConnectParticipant Endpoints CompleteAttachmentUpload buil": 2.9798944993812573e-06,
    "ConnectParticipant EndpointProvider resolve_": 2.9798944993812573e-06,
    "ConnectParticipant EndpointProvider initializ": 2.9798944993812573e-06,
    "ConnectParticipant initializ": 2.9798944993812573e-06,
    "ConnectParticipant Errors ResourceNotFoundException resource_ty": 2.9798944993812573e-06,
    "ConnectParticipant Errors ResourceNotFoundException resource_": 2.9798944993812573e-06,
    "ConnectParticipant Errors ResourceNotFoundException messag": 2.9798944993812573e-06,
    "ConnectParticipant Errors ResourceNotFoundException initializ": 2.9798944993812573e-06,
    "ConnectParticipant Endpoints DescribeView buil": 2.9798944993812573e-06,
    "ConnectParticipant Client describe_v": 2.9798944993812573e-06
}