{
    "DLM Resource client": 2.9798944993812573e-06,
    "DLM Resource initialize": 2.9798944993812573e-06,
    "DLM Client errors_module": 2.9798944993812573e-06,
    "DLM Client waiter_name": 2.9798944993812573e-06,
    "DLM Client build_request": 2.9798944993812573e-06,
    "DLM Client update_lifecycle_policy": 2.9798944993812573e-06,
    "DLM Client get_lifecycle_policy": 2.9798944993812573e-06,
    "DLM Client get_lifecycle_policie": 2.9798944993812573e-06,
    "DLM Client delete_lifecycle_policy": 2.9798944993812573e-06,
    "DLM Client create_lifecycle_policy": 2.9798944993812573e-06,
    "DLM Client initialize": 2.9798944993812573e-06,
    "DLM Errors ResourceNotFoundException resource_i": 2.9798944993812573e-06,
    "DLM Errors ResourceNotFoundException resource_type": 2.9798944993812573e-06,
    "DLM Errors ResourceNotFoundException code": 2.9798944993812573e-06,
    "DLM Errors ResourceNotFoundException message": 2.9798944993812573e-06,
    "DLM Errors ResourceNotFoundException initialize": 2.9798944993812573e-06,
    "DLM Errors LimitExceededException resource_type": 2.9798944993812573e-06,
    "DLM Errors LimitExceededException code": 2.9798944993812573e-06,
    "DLM Errors LimitExceededException message": 2.9798944993812573e-06,
    "DLM Errors LimitExceededException initialize": 2.9798944993812573e-06,
    "DLM Errors InvalidRequestException mutually_exclusive_parameter": 2.9798944993812573e-06,
    "DLM Errors InvalidRequestException required_parameter": 2.9798944993812573e-06,
    "DLM Errors InvalidRequestException code": 2.9798944993812573e-06,
    "DLM Errors InvalidRequestException message": 2.9798944993812573e-06,
    "DLM Errors InvalidRequestException initialize": 2.9798944993812573e-06,
    "DLM Errors InternalServerException code": 2.9798944993812573e-06,
    "DLM Errors InternalServerException message": 2.9798944993812573e-06,
    "DLM Errors InternalServerException initialize": 2.9798944993812573e-06,
    "DLM Client untag_resource": 2.9798944993812573e-06,
    "DLM Client tag_resource": 2.9798944993812573e-06,
    "DLM Client list_tags_for_resource": 2.9798944993812573e-06,
    "DLM Plugins Endpoints add_handler": 2.9798944993812573e-06,
    "DLM Plugins Endpoints Handler parameters_for_operation": 2.9798944993812573e-06,
    "DLM Plugins Endpoints Handler apply_endpoint_header": 2.9798944993812573e-06,
    "DLM Plugins Endpoints Handler c": 2.9798944993812573e-06,
    "DLM Endpoints UpdateLifecyclePolicy bui": 2.9798944993812573e-06,
    "DLM Endpoints UntagResource bui": 2.9798944993812573e-06,
    "DLM Endpoints TagResource bui": 2.9798944993812573e-06,
    "DLM Endpoints ListTagsForResource bui": 2.9798944993812573e-06,
    "DLM Endpoints GetLifecyclePolicy bui": 2.9798944993812573e-06,
    "DLM Endpoints GetLifecyclePolicies bui": 2.9798944993812573e-06,
    "DLM Endpoints DeleteLifecyclePolicy bui": 2.9798944993812573e-06,
    "DLM Endpoints CreateLifecyclePolicy bui": 2.9798944993812573e-06,
    "DLM EndpointProvider resolve_endpoint": 2.9798944993812573e-06,
    "DLM EndpointProvider initialize": 2.9798944993812573e-06,
    "DLM initialize": 2.9798944993812573e-06
}