{
    "KendraRanking Resource client": 2.9798944993812573e-06,
    "KendraRanking Resource initializ": 2.9798944993812573e-06,
    "KendraRanking Plugins Endpoints add_handl": 2.9798944993812573e-06,
    "KendraRanking Plugins Endpoints Handler parameters_for_operatio": 2.9798944993812573e-06,
    "KendraRanking Plugins Endpoints Handler apply_endpoint_h": 2.9798944993812573e-06,
    "KendraRanking Plugins Endpoints Handler call": 2.9798944993812573e-06,
    "KendraRanking Errors ValidationException m": 2.9798944993812573e-06,
    "KendraRanking Errors ValidationException initializ": 2.9798944993812573e-06,
    "KendraRanking Errors ThrottlingException m": 2.9798944993812573e-06,
    "KendraRanking Errors ThrottlingException initializ": 2.9798944993812573e-06,
    "KendraRanking Errors ServiceQuotaExceededException m": 2.9798944993812573e-06,
    "KendraRanking Errors ServiceQuotaExceededException initializ": 2.9798944993812573e-06,
    "KendraRanking Errors ResourceUnavailableException m": 2.9798944993812573e-06,
    "KendraRanking Errors ResourceUnavailableException initializ": 2.9798944993812573e-06,
    "KendraRanking Errors ResourceNotFoundException m": 2.9798944993812573e-06,
    "KendraRanking Errors ResourceNotFoundException initializ": 2.9798944993812573e-06,
    "KendraRanking Errors InternalServerException m": 2.9798944993812573e-06,
    "KendraRanking Errors InternalServerException initializ": 2.9798944993812573e-06,
    "KendraRanking Errors ConflictException m": 2.9798944993812573e-06,
    "KendraRanking Errors ConflictException initializ": 2.9798944993812573e-06,
    "KendraRanking Errors AccessDeniedException m": 2.9798944993812573e-06,
    "KendraRanking Errors AccessDeniedException initializ": 2.9798944993812573e-06,
    "KendraRanking Endpoints UpdateRescoreExecutionPlan buil": 2.9798944993812573e-06,
    "KendraRanking Endpoints UntagResource buil": 2.9798944993812573e-06,
    "KendraRanking Endpoints TagResource buil": 2.9798944993812573e-06,
    "KendraRanking Endpoints Rescore buil": 2.9798944993812573e-06,
    "KendraRanking Endpoints ListTagsForResource buil": 2.9798944993812573e-06,
    "KendraRanking Endpoints ListRescoreExecutionPlans buil": 2.9798944993812573e-06,
    "KendraRanking Endpoints DescribeRescoreExecutionPlan buil": 2.9798944993812573e-06,
    "KendraRanking Endpoints DeleteRescoreExecutionPlan buil": 2.9798944993812573e-06,
    "KendraRanking Endpoints CreateRescoreExecutionPlan buil": 2.9798944993812573e-06,
    "KendraRanking EndpointProvider resolve_endpoint": 2.9798944993812573e-06,
    "KendraRanking EndpointProvider initializ": 2.9798944993812573e-06,
    "KendraRanking initializ": 2.9798944993812573e-06,
    "KendraRanking Client errors_modul": 2.9798944993812573e-06,
    "KendraRanking Client waiter_nam": 2.9798944993812573e-06,
    "KendraRanking Client build_request": 2.9798944993812573e-06,
    "KendraRanking Client update_rescore_execution_pl": 2.9798944993812573e-06,
    "KendraRanking Client untag_resourc": 2.9798944993812573e-06,
    "KendraRanking Client tag_resourc": 2.9798944993812573e-06,
    "KendraRanking Client resco": 2.9798944993812573e-06,
    "KendraRanking Client list_tags_for_resourc": 2.9798944993812573e-06,
    "KendraRanking Client list_rescore_execution_pl": 2.9798944993812573e-06,
    "KendraRanking Client describe_rescore_execution_pl": 2.9798944993812573e-06,
    "KendraRanking Client delete_rescore_execution_pl": 2.9798944993812573e-06,
    "KendraRanking Client create_rescore_execution_pl": 2.9798944993812573e-06,
    "KendraRanking Client initializ": 2.9798944993812573e-06
}