{
    "LambdaPreview Resource client": 2.9798944993812573e-06,
    "LambdaPreview Resource initializ": 2.9798944993812573e-06,
    "LambdaPreview Client errors_modu": 2.9798944993812573e-06,
    "LambdaPreview Client waiter_n": 2.9798944993812573e-06,
    "LambdaPreview Client build_request": 2.9798944993812573e-06,
    "LambdaPreview Client upload_function": 2.9798944993812573e-06,
    "LambdaPreview Client update_function_configuration": 2.9798944993812573e-06,
    "LambdaPreview Client remove_event_sourc": 2.9798944993812573e-06,
    "LambdaPreview Client list_function": 2.9798944993812573e-06,
    "LambdaPreview Client list_event_sourc": 2.9798944993812573e-06,
    "LambdaPreview Client invoke_async": 2.9798944993812573e-06,
    "LambdaPreview Client get_function_configuration": 2.9798944993812573e-06,
    "LambdaPreview Client get_function": 2.9798944993812573e-06,
    "LambdaPreview Client get_event_sourc": 2.9798944993812573e-06,
    "LambdaPreview Client delete_function": 2.9798944993812573e-06,
    "LambdaPreview Client add_event_sourc": 2.9798944993812573e-06,
    "LambdaPreview Client initializ": 2.9798944993812573e-06,
    "Aws LambdaPreview Resource client": 2.9798944993812573e-06,
    "Aws LambdaPreview Resource initializ": 2.9798944993812573e-06,
    "Aws LambdaPreview Client errors_modu": 2.9798944993812573e-06,
    "Aws LambdaPreview Client waiter_n": 2.9798944993812573e-06,
    "Aws LambdaPreview Client build_request": 2.9798944993812573e-06,
    "Aws LambdaPreview Client upload_function": 2.9798944993812573e-06,
    "Aws LambdaPreview Client update_function_configuration": 2.9798944993812573e-06,
    "Aws LambdaPreview Client remove_event_sourc": 2.9798944993812573e-06,
    "Aws LambdaPreview Client list_function": 2.9798944993812573e-06,
    "Aws LambdaPreview Client list_event_sourc": 2.9798944993812573e-06,
    "Aws LambdaPreview Client invoke_async": 2.9798944993812573e-06,
    "Aws LambdaPreview Client get_function_configuration": 2.9798944993812573e-06,
    "Aws LambdaPreview Client get_function": 2.9798944993812573e-06,
    "Aws LambdaPreview Client get_event_sourc": 2.9798944993812573e-06,
    "Aws LambdaPreview Client delete_function": 2.9798944993812573e-06,
    "Aws LambdaPreview Client add_event_sourc": 2.9798944993812573e-06,
    "Aws LambdaPreview Client initializ": 2.9798944993812573e-06,
    "LambdaPreview Errors ServiceException messag": 2.9798944993812573e-06,
    "LambdaPreview Errors ServiceException ty": 2.9798944993812573e-06,
    "LambdaPreview Errors ServiceException initializ": 2.9798944993812573e-06,
    "LambdaPreview Errors ResourceNotFoundException messag": 2.9798944993812573e-06,
    "LambdaPreview Errors ResourceNotFoundException ty": 2.9798944993812573e-06,
    "LambdaPreview Errors ResourceNotFoundException initializ": 2.9798944993812573e-06,
    "LambdaPreview Errors InvalidRequestContentException messag": 2.9798944993812573e-06,
    "LambdaPreview Errors InvalidRequestContentException ty": 2.9798944993812573e-06,
    "LambdaPreview Errors InvalidRequestContentException initializ": 2.9798944993812573e-06,
    "LambdaPreview Errors InvalidParameterValueException messag": 2.9798944993812573e-06,
    "LambdaPreview Errors InvalidParameterValueException ty": 2.9798944993812573e-06,
    "LambdaPreview Errors InvalidParameterValueException initializ": 2.9798944993812573e-06
}