{
    "IoTEventsData Resource cl": 2.9798944993812573e-06,
    "IoTEventsData Resource initializ": 2.9798944993812573e-06,
    "IoTEventsData Errors ThrottlingException messag": 2.9798944993812573e-06,
    "IoTEventsData Errors ThrottlingException initializ": 2.9798944993812573e-06,
    "IoTEventsData Errors ServiceUnavailableException messag": 2.9798944993812573e-06,
    "IoTEventsData Errors ServiceUnavailableException initializ": 2.9798944993812573e-06,
    "IoTEventsData Errors ResourceNotFoundException messag": 2.9798944993812573e-06,
    "IoTEventsData Errors ResourceNotFoundException initializ": 2.9798944993812573e-06,
    "IoTEventsData Errors InvalidRequestException messag": 2.9798944993812573e-06,
    "IoTEventsData Errors InvalidRequestException initializ": 2.9798944993812573e-06,
    "IoTEventsData Errors InternalFailureException messag": 2.9798944993812573e-06,
    "IoTEventsData Errors InternalFailureException initializ": 2.9798944993812573e-06,
    "IoTEventsData Client errors_modul": 2.9798944993812573e-06,
    "IoTEventsData Client waiter_nam": 2.9798944993812573e-06,
    "IoTEventsData Client build_requ": 2.9798944993812573e-06,
    "IoTEventsData Client list_detector": 2.9798944993812573e-06,
    "IoTEventsData Client describe_detector": 2.9798944993812573e-06,
    "IoTEventsData Client batch_update_detector": 2.9798944993812573e-06,
    "IoTEventsData Client batch_put_messag": 2.9798944993812573e-06,
    "IoTEventsData Client initializ": 2.9798944993812573e-06,
    "IoTEventsData Client list_alarm": 2.9798944993812573e-06,
    "IoTEventsData Client describe_alarm": 2.9798944993812573e-06,
    "IoTEventsData Client batch_snooze_alarm": 2.9798944993812573e-06,
    "IoTEventsData Client batch_reset_alarm": 2.9798944993812573e-06,
    "IoTEventsData Client batch_enable_alarm": 2.9798944993812573e-06,
    "IoTEventsData Client batch_disable_alarm": 2.9798944993812573e-06,
    "IoTEventsData Client batch_acknowledge_alarm": 2.9798944993812573e-06,
    "IoTEventsData Client batch_delete_detector": 2.9798944993812573e-06,
    "IoTEventsData Plugins Endpoints add_handler": 2.9798944993812573e-06,
    "IoTEventsData Plugins Endpoints Handler parameters_for_oper": 2.9798944993812573e-06,
    "IoTEventsData Plugins Endpoints Handler apply_endpoint_header": 2.9798944993812573e-06,
    "IoTEventsData Plugins Endpoints Handler call": 2.9798944993812573e-06,
    "IoTEventsData Endpoints ListDetectors buil": 2.9798944993812573e-06,
    "IoTEventsData Endpoints ListAlarms buil": 2.9798944993812573e-06,
    "IoTEventsData Endpoints DescribeDetector buil": 2.9798944993812573e-06,
    "IoTEventsData Endpoints DescribeAlarm buil": 2.9798944993812573e-06,
    "IoTEventsData Endpoints BatchUpdateDetector buil": 2.9798944993812573e-06,
    "IoTEventsData Endpoints BatchSnoozeAlarm buil": 2.9798944993812573e-06,
    "IoTEventsData Endpoints BatchResetAlarm buil": 2.9798944993812573e-06,
    "IoTEventsData Endpoints BatchPutMessage buil": 2.9798944993812573e-06,
    "IoTEventsData Endpoints BatchEnableAlarm buil": 2.9798944993812573e-06,
    "IoTEventsData Endpoints BatchDisableAlarm buil": 2.9798944993812573e-06,
    "IoTEventsData Endpoints BatchDeleteDetector buil": 2.9798944993812573e-06,
    "IoTEventsData Endpoints BatchAcknowledgeAlarm buil": 2.9798944993812573e-06,
    "IoTEventsData EndpointProvider resolve_endp": 2.9798944993812573e-06,
    "IoTEventsData EndpointProvider initializ": 2.9798944993812573e-06,
    "IoTEventsData initializ": 2.9798944993812573e-06
}