{
    "CloudSearchDomain Resource client": 2.9798944993812573e-06,
    "CloudSearchDomain Resource initializ": 2.9798944993812573e-06,
    "Aws CloudSearchDomain Plugins SwitchToPost Handler convert_get_2_post": 2.9798944993812573e-06,
    "Aws CloudSearchDomain Plugins SwitchToPost H": 2.9798944993812573e-06,
    "Aws CloudSearchDomain Plugins ConditionalSigning NullSigner sign_request": 2.9798944993812573e-06,
    "Aws CloudSearchDomain Plugins ConditionalSigning NullSigner initializ": 2.9798944993812573e-06,
    "CloudSearchDomain Client errors_": 2.9798944993812573e-06,
    "CloudSearchDomain Client waiter_": 2.9798944993812573e-06,
    "CloudSearchDomain Client build_request": 2.9798944993812573e-06,
    "CloudSearchDomain Client upload_document": 2.9798944993812573e-06,
    "CloudSearchDomain Client suggest": 2.9798944993812573e-06,
    "CloudSearchDomain Client": 2.9798944993812573e-06,
    "CloudSearchDomain Client initializ": 2.9798944993812573e-06,
    "Aws CloudSearchDomain Resource client": 2.9798944993812573e-06,
    "Aws CloudSearchDomain Resource initializ": 2.9798944993812573e-06,
    "Aws CloudSearchDomain Client errors_": 2.9798944993812573e-06,
    "Aws CloudSearchDomain Client waiter_": 2.9798944993812573e-06,
    "Aws CloudSearchDomain Client build_request": 2.9798944993812573e-06,
    "Aws CloudSearchDomain Client upload_document": 2.9798944993812573e-06,
    "Aws CloudSearchDomain Client suggest": 2.9798944993812573e-06,
    "Aws CloudSearchDomain Client": 2.9798944993812573e-06,
    "Aws CloudSearchDomain Client initializ": 2.9798944993812573e-06,
    "CloudSearchDomain Errors SearchException messag": 2.9798944993812573e-06,
    "CloudSearchDomain Errors SearchException initializ": 2.9798944993812573e-06,
    "CloudSearchDomain Errors DocumentServiceException messag": 2.9798944993812573e-06,
    "CloudSearchDomain Errors DocumentServiceException stat": 2.9798944993812573e-06,
    "CloudSearchDomain Errors DocumentServiceException initializ": 2.9798944993812573e-06
}