{
    "AugmentedAIRuntime Resource cl": 2.9798944993812573e-06,
    "AugmentedAIRuntime Resource initializ": 2.9798944993812573e-06,
    "AugmentedAIRuntime Errors ValidationExceptio": 2.9798944993812573e-06,
    "AugmentedAIRuntime Errors ValidationException initializ": 2.9798944993812573e-06,
    "AugmentedAIRuntime Errors ThrottlingExceptio": 2.9798944993812573e-06,
    "AugmentedAIRuntime Errors ThrottlingException initializ": 2.9798944993812573e-06,
    "AugmentedAIRuntime Errors ServiceQuotaExceededExceptio": 2.9798944993812573e-06,
    "AugmentedAIRuntime Errors ServiceQuotaExceededException initializ": 2.9798944993812573e-06,
    "AugmentedAIRuntime Errors ResourceNotFoundExceptio": 2.9798944993812573e-06,
    "AugmentedAIRuntime Errors ResourceNotFoundException initializ": 2.9798944993812573e-06,
    "AugmentedAIRuntime Errors InternalServerExceptio": 2.9798944993812573e-06,
    "AugmentedAIRuntime Errors InternalServerException initializ": 2.9798944993812573e-06,
    "AugmentedAIRuntime Client errors_modul": 2.9798944993812573e-06,
    "AugmentedAIRuntime Client waiter_": 2.9798944993812573e-06,
    "AugmentedAIRuntime Client build_req": 2.9798944993812573e-06,
    "AugmentedAIRuntime Client stop_human_loop": 2.9798944993812573e-06,
    "AugmentedAIRuntime Client start_human_loop": 2.9798944993812573e-06,
    "AugmentedAIRuntime Client list_human_loop": 2.9798944993812573e-06,
    "AugmentedAIRuntime Client describe_human_loop": 2.9798944993812573e-06,
    "AugmentedAIRuntime Client delete_human_loop": 2.9798944993812573e-06,
    "AugmentedAIRuntime Client initializ": 2.9798944993812573e-06,
    "AugmentedAIRuntime Errors ConflictExceptio": 2.9798944993812573e-06,
    "AugmentedAIRuntime Errors ConflictException initializ": 2.9798944993812573e-06,
    "AugmentedAIRuntime Plugins Endpoints add_handl": 2.9798944993812573e-06,
    "AugmentedAIRuntime Plugins Endpoints Handler parameters_for_operatio": 2.9798944993812573e-06,
    "AugmentedAIRuntime Plugins Endpoints Handler apply_endpoint_h": 2.9798944993812573e-06,
    "AugmentedAIRuntime Plugins Endpoints Handler call": 2.9798944993812573e-06,
    "AugmentedAIRuntime Endpoints StopHumanLoop buil": 2.9798944993812573e-06,
    "AugmentedAIRuntime Endpoints StartHumanLoop buil": 2.9798944993812573e-06,
    "AugmentedAIRuntime Endpoints ListHumanLoops buil": 2.9798944993812573e-06,
    "AugmentedAIRuntime Endpoints DescribeHumanLoop buil": 2.9798944993812573e-06,
    "AugmentedAIRuntime Endpoints DeleteHumanLoop buil": 2.9798944993812573e-06,
    "AugmentedAIRuntime EndpointProvider resolve_endpo": 2.9798944993812573e-06,
    "AugmentedAIRuntime EndpointProvider initializ": 2.9798944993812573e-06,
    "AugmentedAIRuntime initializ": 2.9798944993812573e-06
}