{
    "SageMakerRuntime Resource cl": 2.9798944993812573e-06,
    "SageMakerRuntime Resource initializ": 2.9798944993812573e-06,
    "SageMakerRuntime Client errors_modul": 2.9798944993812573e-06,
    "SageMakerRuntime Client waiter_": 2.9798944993812573e-06,
    "SageMakerRuntime Client build_req": 2.9798944993812573e-06,
    "SageMakerRuntime Client invoke_endpo": 2.9798944993812573e-06,
    "SageMakerRuntime Client initializ": 2.9798944993812573e-06,
    "SageMakerRuntime Errors ValidationErro": 2.9798944993812573e-06,
    "SageMakerRuntime Errors ValidationError initializ": 2.9798944993812573e-06,
    "SageMakerRuntime Errors ServiceUnavailabl": 2.9798944993812573e-06,
    "SageMakerRuntime Errors ServiceUnavailable initializ": 2.9798944993812573e-06,
    "SageMakerRuntime Errors ModelError log_stream_": 2.9798944993812573e-06,
    "SageMakerRuntime Errors ModelError original_": 2.9798944993812573e-06,
    "SageMakerRuntime Errors ModelError original_status_co": 2.9798944993812573e-06,
    "SageMakerRuntime Errors ModelErro": 2.9798944993812573e-06,
    "SageMakerRuntime Errors ModelError initializ": 2.9798944993812573e-06,
    "SageMakerRuntime Errors InternalFail": 2.9798944993812573e-06,
    "SageMakerRuntime Errors InternalFailure initializ": 2.9798944993812573e-06,
    "SageMakerRuntime Client invoke_endpoint_async": 2.9798944993812573e-06,
    "SageMakerRuntime Errors ModelNotReadyExceptio": 2.9798944993812573e-06,
    "SageMakerRuntime Errors ModelNotReadyException initializ": 2.9798944993812573e-06,
    "SageMakerRuntime Errors InternalDependencyExceptio": 2.9798944993812573e-06,
    "SageMakerRuntime Errors InternalDependencyException initializ": 2.9798944993812573e-06,
    "SageMakerRuntime Plugins Endpoints add_handl": 2.9798944993812573e-06,
    "SageMakerRuntime Plugins Endpoints Handler parameters_for_operatio": 2.9798944993812573e-06,
    "SageMakerRuntime Plugins Endpoints Handler apply_endpoint_h": 2.9798944993812573e-06,
    "SageMakerRuntime Plugins Endpoints Handler call": 2.9798944993812573e-06,
    "SageMakerRuntime Endpoints InvokeEndpointAsync buil": 2.9798944993812573e-06,
    "SageMakerRuntime Endpoints InvokeEndpoint buil": 2.9798944993812573e-06,
    "SageMakerRuntime EndpointProvider resolve_endpo": 2.9798944993812573e-06,
    "SageMakerRuntime EndpointProvider initializ": 2.9798944993812573e-06,
    "SageMakerRuntime initializ": 2.9798944993812573e-06,
    "SageMakerRuntime Types ResponseStream event_typ": 2.9798944993812573e-06,
    "SageMakerRuntime EventStreams ResponseStream on_ev": 2.9798944993812573e-06,
    "SageMakerRuntime EventStreams ResponseStream on_unknown_ev": 2.9798944993812573e-06,
    "SageMakerRuntime EventStreams ResponseStream on_initial_response_ev": 2.9798944993812573e-06,
    "SageMakerRuntime EventStreams ResponseStream on_error_ev": 2.9798944993812573e-06,
    "SageMakerRuntime EventStreams ResponseStream on_internal_stream_failure_ev": 2.9798944993812573e-06,
    "SageMakerRuntime EventStreams ResponseStream on_model_stream_error_ev": 2.9798944993812573e-06,
    "SageMakerRuntime EventStreams ResponseStream on_payload_part_ev": 2.9798944993812573e-06,
    "SageMakerRuntime EventStreams ResponseStream initializ": 2.9798944993812573e-06,
    "SageMakerRuntime Errors ModelStreamError error_co": 2.9798944993812573e-06,
    "SageMakerRuntime Errors ModelStreamErro": 2.9798944993812573e-06,
    "SageMakerRuntime Errors ModelStreamError initializ": 2.9798944993812573e-06,
    "SageMakerRuntime Errors InternalStreamFail": 2.9798944993812573e-06,
    "SageMakerRuntime Errors InternalStreamFailure initializ": 2.9798944993812573e-06,
    "SageMakerRuntime Endpoints InvokeEndpointWithResponseStream buil": 2.9798944993812573e-06,
    "SageMakerRuntime Client invoke_endpoint_with_response_": 2.9798944993812573e-06
}