{
    "InspectorScan Resource cl": 2.9798944993812573e-06,
    "InspectorScan Resource initializ": 2.9798944993812573e-06,
    "InspectorScan Plugins Endpoints add_handl": 2.9798944993812573e-06,
    "InspectorScan Plugins Endpoints Handler parameters_for_": 2.9798944993812573e-06,
    "InspectorScan Plugins Endpoints Handler apply_endpoint_h": 2.9798944993812573e-06,
    "InspectorScan Plugins Endpoints Handler call": 2.9798944993812573e-06,
    "InspectorScan Errors ValidationException fiel": 2.9798944993812573e-06,
    "InspectorScan Errors ValidationEx": 2.9798944993812573e-06,
    "InspectorScan Errors ValidationException messag": 2.9798944993812573e-06,
    "InspectorScan Errors ValidationException initializ": 2.9798944993812573e-06,
    "InspectorScan Errors ThrottlingException throttling?": 2.9798944993812573e-06,
    "InspectorScan Errors ThrottlingException retryable?": 2.9798944993812573e-06,
    "InspectorScan Errors ThrottlingException retry_after_": 2.9798944993812573e-06,
    "InspectorScan Errors ThrottlingException messag": 2.9798944993812573e-06,
    "InspectorScan Errors ThrottlingException initializ": 2.9798944993812573e-06,
    "InspectorScan Errors InternalServerException retryable?": 2.9798944993812573e-06,
    "InspectorScan Errors InternalServerException retry_after_": 2.9798944993812573e-06,
    "InspectorScan Errors InternalServerEx": 2.9798944993812573e-06,
    "InspectorScan Errors InternalServerException messag": 2.9798944993812573e-06,
    "InspectorScan Errors InternalServerException initializ": 2.9798944993812573e-06,
    "InspectorScan Errors AccessDeniedException messag": 2.9798944993812573e-06,
    "InspectorScan Errors AccessDeniedException initializ": 2.9798944993812573e-06,
    "InspectorScan Endpoints ScanSbom buil": 2.9798944993812573e-06,
    "InspectorScan EndpointProvider resolve_": 2.9798944993812573e-06,
    "InspectorScan initializ": 2.9798944993812573e-06,
    "InspectorScan Client errors_modul": 2.9798944993812573e-06,
    "InspectorScan Client waiter_nam": 2.9798944993812573e-06,
    "InspectorScan Client build_requ": 2.9798944993812573e-06,
    "InspectorScan Client scan_sbom": 2.9798944993812573e-06,
    "InspectorScan Client initializ": 2.9798944993812573e-06
}