{
    "ElasticInference Resou": 2.9798944993812573e-06,
    "ElasticInference Resource initializ": 2.9798944993812573e-06,
    "ElasticInference Errors ResourceNotFoundException messag": 2.9798944993812573e-06,
    "ElasticInference Errors ResourceNotFoundException initializ": 2.9798944993812573e-06,
    "ElasticInference Errors InternalServerException messag": 2.9798944993812573e-06,
    "ElasticInference Errors InternalServerException initializ": 2.9798944993812573e-06,
    "ElasticInference Errors BadRequestException messag": 2.9798944993812573e-06,
    "ElasticInference Errors BadRequestException initializ": 2.9798944993812573e-06,
    "ElasticInference Client errors_modu": 2.9798944993812573e-06,
    "ElasticInference Client waiter_nam": 2.9798944993812573e-06,
    "ElasticInference Client build_requ": 2.9798944993812573e-06,
    "ElasticInference Client untag_resou": 2.9798944993812573e-06,
    "ElasticInference Client tag_resou": 2.9798944993812573e-06,
    "ElasticInference Client list_tags_for_resou": 2.9798944993812573e-06,
    "ElasticInference Client initializ": 2.9798944993812573e-06,
    "ElasticInference Client describe_accelerato": 2.9798944993812573e-06,
    "ElasticInference Client describe_accelerator_typ": 2.9798944993812573e-06,
    "ElasticInference Client describe_accelerator_offering": 2.9798944993812573e-06,
    "ElasticInference Plugins Endpoints add_h": 2.9798944993812573e-06,
    "ElasticInference Plugins Endpoints Handler parameters_for_operatio": 2.9798944993812573e-06,
    "ElasticInference Plugins Endpoints Handler apply_endpoint_h": 2.9798944993812573e-06,
    "ElasticInference Plugins Endpoints H": 2.9798944993812573e-06,
    "ElasticInference Endpoints UntagResource bu": 2.9798944993812573e-06,
    "ElasticInference Endpoints TagResource bu": 2.9798944993812573e-06,
    "ElasticInference Endpoints ListTagsForResource bu": 2.9798944993812573e-06,
    "ElasticInference Endpoints DescribeAccelerators bu": 2.9798944993812573e-06,
    "ElasticInference Endpoints DescribeAcceleratorTypes bu": 2.9798944993812573e-06,
    "ElasticInference Endpoints DescribeAcceleratorOfferings bu": 2.9798944993812573e-06,
    "ElasticInference EndpointProvider resolve_endpo": 2.9798944993812573e-06,
    "ElasticInference EndpointProvider initializ": 2.9798944993812573e-06,
    "ElasticInference initializ": 2.9798944993812573e-06
}