{
    "SupportApp Resource clien": 2.9798944993812573e-06,
    "SupportApp Resource initialize": 2.9798944993812573e-06,
    "SupportApp Errors ValidationException message": 2.9798944993812573e-06,
    "SupportApp Errors ValidationException initialize": 2.9798944993812573e-06,
    "SupportApp Errors ServiceQuotaExceededException message": 2.9798944993812573e-06,
    "SupportApp Errors ServiceQuotaExceededException initialize": 2.9798944993812573e-06,
    "SupportApp Errors ResourceNotFoundException message": 2.9798944993812573e-06,
    "SupportApp Errors ResourceNotFoundException initialize": 2.9798944993812573e-06,
    "SupportApp Errors InternalServerException message": 2.9798944993812573e-06,
    "SupportApp Errors InternalServerException initialize": 2.9798944993812573e-06,
    "SupportApp Errors ConflictException message": 2.9798944993812573e-06,
    "SupportApp Errors ConflictException initialize": 2.9798944993812573e-06,
    "SupportApp Errors AccessDeniedException message": 2.9798944993812573e-06,
    "SupportApp Errors AccessDeniedException initialize": 2.9798944993812573e-06,
    "SupportApp Client errors_module": 2.9798944993812573e-06,
    "SupportApp Client waiter_name": 2.9798944993812573e-06,
    "SupportApp Client build_reque": 2.9798944993812573e-06,
    "SupportApp Client update_slack_channel_configuration": 2.9798944993812573e-06,
    "SupportApp Client put_account_ali": 2.9798944993812573e-06,
    "SupportApp Client list_slack_workspace_configuration": 2.9798944993812573e-06,
    "SupportApp Client list_slack_channel_configuration": 2.9798944993812573e-06,
    "SupportApp Client get_account_ali": 2.9798944993812573e-06,
    "SupportApp Client delete_slack_workspace_configuration": 2.9798944993812573e-06,
    "SupportApp Client delete_slack_channel_configuration": 2.9798944993812573e-06,
    "SupportApp Client delete_account_ali": 2.9798944993812573e-06,
    "SupportApp Client create_slack_channel_configuration": 2.9798944993812573e-06,
    "SupportApp Client initialize": 2.9798944993812573e-06,
    "SupportApp Client register_slack_workspace_for_organization": 2.9798944993812573e-06,
    "SupportApp Plugins Endpoints add_handle": 2.9798944993812573e-06,
    "SupportApp Plugins Endpoints Handler parameters_for_operation": 2.9798944993812573e-06,
    "SupportApp Plugins Endpoints Handler apply_endpoint_heade": 2.9798944993812573e-06,
    "SupportApp Plugins Endpoints Handler call": 2.9798944993812573e-06,
    "SupportApp Endpoints UpdateSlackChannelConfiguration buil": 2.9798944993812573e-06,
    "SupportApp Endpoints RegisterSlackWorkspaceForOrganization buil": 2.9798944993812573e-06,
    "SupportApp Endpoints PutAccountAlias buil": 2.9798944993812573e-06,
    "SupportApp Endpoints ListSlackWorkspaceConfigurations buil": 2.9798944993812573e-06,
    "SupportApp Endpoints ListSlackChannelConfigurations buil": 2.9798944993812573e-06,
    "SupportApp Endpoints GetAccountAlias buil": 2.9798944993812573e-06,
    "SupportApp Endpoints DeleteSlackWorkspaceConfiguration buil": 2.9798944993812573e-06,
    "SupportApp Endpoints DeleteSlackChannelConfiguration buil": 2.9798944993812573e-06,
    "SupportApp Endpoints DeleteAccountAlias buil": 2.9798944993812573e-06,
    "SupportApp Endpoints CreateSlackChannelConfiguration buil": 2.9798944993812573e-06,
    "SupportApp EndpointProvider resolve_endpoin": 2.9798944993812573e-06,
    "SupportApp initialize": 2.9798944993812573e-06,
    "SupportApp EndpointProvider initialize": 2.9798944993812573e-06
}