{
    "PinpointSMSVoice Resource cl": 2.9798944993812573e-06,
    "PinpointSMSVoice Resource initializ": 2.9798944993812573e-06,
    "PinpointSMSVoice Client errors_modul": 2.9798944993812573e-06,
    "PinpointSMSVoice Client waiter_": 2.9798944993812573e-06,
    "PinpointSMSVoice Client build_requ": 2.9798944993812573e-06,
    "PinpointSMSVoice Client update_configuration_set_event_": 2.9798944993812573e-06,
    "PinpointSMSVoice Client send_voice_messag": 2.9798944993812573e-06,
    "PinpointSMSVoice Client get_configuration_set_event_": 2.9798944993812573e-06,
    "PinpointSMSVoice Client delete_configuration_set_event_": 2.9798944993812573e-06,
    "PinpointSMSVoice Client delete_configuration_": 2.9798944993812573e-06,
    "PinpointSMSVoice Client create_configuration_set_event_": 2.9798944993812573e-06,
    "PinpointSMSVoice Client create_configuration_": 2.9798944993812573e-06,
    "PinpointSMSVoice Client initializ": 2.9798944993812573e-06,
    "PinpointSMSVoice Errors TooManyRequestsException messag": 2.9798944993812573e-06,
    "PinpointSMSVoice Errors TooManyRequestsException initializ": 2.9798944993812573e-06,
    "PinpointSMSVoice Errors NotFoundException messag": 2.9798944993812573e-06,
    "PinpointSMSVoice Errors NotFoundException initializ": 2.9798944993812573e-06,
    "PinpointSMSVoice Errors LimitExceededException messag": 2.9798944993812573e-06,
    "PinpointSMSVoice Errors LimitExceededException initializ": 2.9798944993812573e-06,
    "PinpointSMSVoice Errors InternalServiceErrorException messag": 2.9798944993812573e-06,
    "PinpointSMSVoice Errors InternalServiceErrorException initializ": 2.9798944993812573e-06,
    "PinpointSMSVoice Errors BadRequestException messag": 2.9798944993812573e-06,
    "PinpointSMSVoice Errors BadRequestException initializ": 2.9798944993812573e-06,
    "PinpointSMSVoice Errors AlreadyExistsException messag": 2.9798944993812573e-06,
    "PinpointSMSVoice Errors AlreadyExistsException initializ": 2.9798944993812573e-06,
    "PinpointSMSVoice Client list_configuration_": 2.9798944993812573e-06,
    "PinpointSMSVoice Plugins Endpoints add_handler": 2.9798944993812573e-06,
    "PinpointSMSVoice Plugins Endpoints Handler parameters_for_oper": 2.9798944993812573e-06,
    "PinpointSMSVoice Plugins Endpoints Handler apply_endpoint_header": 2.9798944993812573e-06,
    "PinpointSMSVoice Plugins Endpoints Handler call": 2.9798944993812573e-06,
    "PinpointSMSVoice Endpoints UpdateConfigurationSetEventDestination buil": 2.9798944993812573e-06,
    "PinpointSMSVoice Endpoints SendVoiceMessage buil": 2.9798944993812573e-06,
    "PinpointSMSVoice Endpoints ListConfigurationSets buil": 2.9798944993812573e-06,
    "PinpointSMSVoice Endpoints GetConfigurationSetEventDestinations buil": 2.9798944993812573e-06,
    "PinpointSMSVoice Endpoints DeleteConfigurationSetEventDestination buil": 2.9798944993812573e-06,
    "PinpointSMSVoice Endpoints DeleteConfigurationSet buil": 2.9798944993812573e-06,
    "PinpointSMSVoice Endpoints CreateConfigurationSetEventDestination buil": 2.9798944993812573e-06,
    "PinpointSMSVoice Endpoints CreateConfigurationSet buil": 2.9798944993812573e-06,
    "PinpointSMSVoice EndpointProvider resolve_": 2.9798944993812573e-06,
    "PinpointSMSVoice EndpointProvider initializ": 2.9798944993812573e-06,
    "PinpointSMSVoice initializ": 2.9798944993812573e-06
}