{
    "RDSDataService Resource clien": 2.9798944993812573e-06,
    "RDSDataService Resource initializ": 2.9798944993812573e-06,
    "RDSDataService Client errors_modul": 2.9798944993812573e-06,
    "RDSDataService Client waiter_nam": 2.9798944993812573e-06,
    "RDSDataService Client build_requ": 2.9798944993812573e-06,
    "RDSDataService Client execute_sql": 2.9798944993812573e-06,
    "RDSDataService Client initializ": 2.9798944993812573e-06,
    "RDSDataService Errors StatementTimeoutException messag": 2.9798944993812573e-06,
    "RDSDataService Errors StatementTimeoutException db_connection_": 2.9798944993812573e-06,
    "RDSDataService Errors StatementTimeoutException initializ": 2.9798944993812573e-06,
    "RDSDataService Errors ForbiddenException messag": 2.9798944993812573e-06,
    "RDSDataService Errors ForbiddenException initializ": 2.9798944993812573e-06,
    "RDSDataService Errors BadRequestException messag": 2.9798944993812573e-06,
    "RDSDataService Errors BadRequestException initializ": 2.9798944993812573e-06,
    "RDSDataService Errors NotFoundException messag": 2.9798944993812573e-06,
    "RDSDataService Errors NotFoundException initializ": 2.9798944993812573e-06,
    "RDSDataService Client rollback_transaction": 2.9798944993812573e-06,
    "RDSDataService Client execute_statemen": 2.9798944993812573e-06,
    "RDSDataService Client commit_transaction": 2.9798944993812573e-06,
    "RDSDataService Client begin_transaction": 2.9798944993812573e-06,
    "RDSDataService Client batch_execute_statemen": 2.9798944993812573e-06,
    "RDSDataService Errors ServiceUnavailableError initializ": 2.9798944993812573e-06,
    "RDSDataService Errors InternalServerErrorException initializ": 2.9798944993812573e-06,
    "RDSDataService Errors AccessDeniedException messag": 2.9798944993812573e-06,
    "RDSDataService Errors AccessDeniedException initializ": 2.9798944993812573e-06,
    "RDSDataService Plugins Endpoints add_handl": 2.9798944993812573e-06,
    "RDSDataService Plugins Endpoints Handler parameters_for_operation": 2.9798944993812573e-06,
    "RDSDataService Plugins Endpoints Handler apply_endpoint_h": 2.9798944993812573e-06,
    "RDSDataService Plugins Endpoints Handler call": 2.9798944993812573e-06,
    "RDSDataService Endpoints RollbackTransaction buil": 2.9798944993812573e-06,
    "RDSDataService Endpoints ExecuteStatement buil": 2.9798944993812573e-06,
    "RDSDataService Endpoints ExecuteSql buil": 2.9798944993812573e-06,
    "RDSDataService Endpoints CommitTransaction buil": 2.9798944993812573e-06,
    "RDSDataService Endpoints BeginTransaction buil": 2.9798944993812573e-06,
    "RDSDataService Endpoints BatchExecuteStatement buil": 2.9798944993812573e-06,
    "RDSDataService EndpointProvider resolve_endpoin": 2.9798944993812573e-06,
    "RDSDataService EndpointProvider initializ": 2.9798944993812573e-06,
    "RDSDataService initializ": 2.9798944993812573e-06
}