{
    "LaunchWizard Resource client": 2.9798944993812573e-06,
    "LaunchWizard Resource initialize": 2.9798944993812573e-06,
    "LaunchWizard Plugins Endpoints add_handle": 2.9798944993812573e-06,
    "LaunchWizard Plugins Endpoints Handler parameters_for_operatio": 2.9798944993812573e-06,
    "LaunchWizard Plugins Endpoints Handler apply_endpoint_heade": 2.9798944993812573e-06,
    "LaunchWizard Plugins Endpoints Handle": 2.9798944993812573e-06,
    "LaunchWizard Errors ValidationException message": 2.9798944993812573e-06,
    "LaunchWizard Errors ValidationException initialize": 2.9798944993812573e-06,
    "LaunchWizard Errors ResourceNotFoundException message": 2.9798944993812573e-06,
    "LaunchWizard Errors ResourceNotFoundException initialize": 2.9798944993812573e-06,
    "LaunchWizard Errors ResourceLimitException message": 2.9798944993812573e-06,
    "LaunchWizard Errors ResourceLimitException initialize": 2.9798944993812573e-06,
    "LaunchWizard Errors InternalServerException message": 2.9798944993812573e-06,
    "LaunchWizard Errors InternalServerException initialize": 2.9798944993812573e-06,
    "LaunchWizard Endpoints ListWorkloads b": 2.9798944993812573e-06,
    "LaunchWizard Endpoints ListWorkloadDeploymentPatterns b": 2.9798944993812573e-06,
    "LaunchWizard Endpoints ListDeployments b": 2.9798944993812573e-06,
    "LaunchWizard Endpoints ListDeploymentEvents b": 2.9798944993812573e-06,
    "LaunchWizard Endpoints GetWorkload b": 2.9798944993812573e-06,
    "LaunchWizard Endpoints GetDeployment b": 2.9798944993812573e-06,
    "LaunchWizard Endpoints DeleteDeployment b": 2.9798944993812573e-06,
    "LaunchWizard Endpoints CreateDeployment b": 2.9798944993812573e-06,
    "LaunchWizard EndpointProvider resolve_endpoint": 2.9798944993812573e-06,
    "LaunchWizard initialize": 2.9798944993812573e-06,
    "LaunchWizard Client errors_module": 2.9798944993812573e-06,
    "LaunchWizard Client waiter_name": 2.9798944993812573e-06,
    "LaunchWizard Client build_request": 2.9798944993812573e-06,
    "LaunchWizard Client list_worklo": 2.9798944993812573e-06,
    "LaunchWizard Client list_workload_deployment_patte": 2.9798944993812573e-06,
    "LaunchWizard Client list_deployment": 2.9798944993812573e-06,
    "LaunchWizard Client list_deployment_event": 2.9798944993812573e-06,
    "LaunchWizard Client get_worklo": 2.9798944993812573e-06,
    "LaunchWizard Client get_deployment": 2.9798944993812573e-06,
    "LaunchWizard Client delete_deployment": 2.9798944993812573e-06,
    "LaunchWizard Client create_deployment": 2.9798944993812573e-06,
    "LaunchWizard Client initialize": 2.9798944993812573e-06
}