{
    "EC2InstanceConnect Resource cl": 2.9798944993812573e-06,
    "EC2InstanceConnect Resource initializ": 2.9798944993812573e-06,
    "EC2InstanceConnect Errors ThrottlingException messag": 2.9798944993812573e-06,
    "EC2InstanceConnect Errors ThrottlingException initializ": 2.9798944993812573e-06,
    "EC2InstanceConnect Errors ServiceException messag": 2.9798944993812573e-06,
    "EC2InstanceConnect Errors ServiceException initializ": 2.9798944993812573e-06,
    "EC2InstanceConnect Errors InvalidArgsException messag": 2.9798944993812573e-06,
    "EC2InstanceConnect Errors InvalidArgsException initializ": 2.9798944993812573e-06,
    "EC2InstanceConnect Errors EC2InstanceNotFoundException messag": 2.9798944993812573e-06,
    "EC2InstanceConnect Errors EC2InstanceNotFoundException initializ": 2.9798944993812573e-06,
    "EC2InstanceConnect Errors AuthException messag": 2.9798944993812573e-06,
    "EC2InstanceConnect Errors AuthException initializ": 2.9798944993812573e-06,
    "EC2InstanceConnect Client errors_modul": 2.9798944993812573e-06,
    "EC2InstanceConnect Client waiter_nam": 2.9798944993812573e-06,
    "EC2InstanceConnect Client build_requ": 2.9798944993812573e-06,
    "EC2InstanceConnect Client send_ssh_public_key": 2.9798944993812573e-06,
    "EC2InstanceConnect Client initializ": 2.9798944993812573e-06,
    "EC2InstanceConnect Errors SerialConsoleSessionUnavailableException messag": 2.9798944993812573e-06,
    "EC2InstanceConnect Errors SerialConsoleSessionUnavailableException initializ": 2.9798944993812573e-06,
    "EC2InstanceConnect Errors SerialConsoleSessionLimitExceededException messag": 2.9798944993812573e-06,
    "EC2InstanceConnect Errors SerialConsoleSessionLimitExceededException initializ": 2.9798944993812573e-06,
    "EC2InstanceConnect Errors SerialConsoleAccessDisabledException messag": 2.9798944993812573e-06,
    "EC2InstanceConnect Errors SerialConsoleAccessDisabledException initializ": 2.9798944993812573e-06,
    "EC2InstanceConnect Errors EC2InstanceTypeInvalidException messag": 2.9798944993812573e-06,
    "EC2InstanceConnect Errors EC2InstanceTypeInvalidException initializ": 2.9798944993812573e-06,
    "EC2InstanceConnect Client send_serial_console_ssh_public_key": 2.9798944993812573e-06,
    "EC2InstanceConnect Errors EC2InstanceStateInvalidException messag": 2.9798944993812573e-06,
    "EC2InstanceConnect Errors EC2InstanceStateInvalidException initializ": 2.9798944993812573e-06,
    "EC2InstanceConnect Errors EC2InstanceUnavailableException messag": 2.9798944993812573e-06,
    "EC2InstanceConnect Errors EC2InstanceUnavailableException initializ": 2.9798944993812573e-06,
    "EC2InstanceConnect Plugins Endpoints add_handler": 2.9798944993812573e-06,
    "EC2InstanceConnect Plugins Endpoints Handler parameters_for_oper": 2.9798944993812573e-06,
    "EC2InstanceConnect Plugins Endpoints Handler apply_endpoint_header": 2.9798944993812573e-06,
    "EC2InstanceConnect Plugins Endpoints Handler call": 2.9798944993812573e-06,
    "EC2InstanceConnect Endpoints SendSerialConsoleSSHPublicKey buil": 2.9798944993812573e-06,
    "EC2InstanceConnect Endpoints SendSSHPublicKey buil": 2.9798944993812573e-06,
    "EC2InstanceConnect EndpointProvider resolve_endp": 2.9798944993812573e-06,
    "EC2InstanceConnect EndpointProvider initializ": 2.9798944993812573e-06,
    "EC2InstanceConnect initializ": 2.9798944993812573e-06
}