{
    "EBS Resource client": 2.9798944993812573e-06,
    "EBS Resource initializ": 2.9798944993812573e-06,
    "EBS Errors ValidationException reason": 2.9798944993812573e-06,
    "EBS Errors ValidationException messag": 2.9798944993812573e-06,
    "EBS Errors ValidationException initializ": 2.9798944993812573e-06,
    "EBS Errors ResourceNotFoundException messag": 2.9798944993812573e-06,
    "EBS Errors ResourceNotFoundException initializ": 2.9798944993812573e-06,
    "EBS Client errors_modul": 2.9798944993812573e-06,
    "EBS Client waiter_nam": 2.9798944993812573e-06,
    "EBS Client build_request": 2.9798944993812573e-06,
    "EBS Client list_snapshot_bloc": 2.9798944993812573e-06,
    "EBS Client list_changed_bloc": 2.9798944993812573e-06,
    "EBS Client get_snapshot_bloc": 2.9798944993812573e-06,
    "EBS Client initializ": 2.9798944993812573e-06,
    "EBS Errors ServiceQuotaExceededException reason": 2.9798944993812573e-06,
    "EBS Errors ServiceQuotaExceededException messag": 2.9798944993812573e-06,
    "EBS Errors ServiceQuotaExceededException initializ": 2.9798944993812573e-06,
    "EBS Errors ResourceNotFoundException reason": 2.9798944993812573e-06,
    "EBS Errors RequestThrottledException reason": 2.9798944993812573e-06,
    "EBS Errors RequestThrottledException messag": 2.9798944993812573e-06,
    "EBS Errors RequestThrottledException initializ": 2.9798944993812573e-06,
    "EBS Errors InternalServerException messag": 2.9798944993812573e-06,
    "EBS Errors InternalServerException initializ": 2.9798944993812573e-06,
    "EBS Errors ConflictException messag": 2.9798944993812573e-06,
    "EBS Errors ConflictException initializ": 2.9798944993812573e-06,
    "EBS Errors ConcurrentLimitExceededException messag": 2.9798944993812573e-06,
    "EBS Errors ConcurrentLimitExceededException initializ": 2.9798944993812573e-06,
    "EBS Errors AccessDeniedException reason": 2.9798944993812573e-06,
    "EBS Errors AccessDeniedException messag": 2.9798944993812573e-06,
    "EBS Errors AccessDeniedException initializ": 2.9798944993812573e-06,
    "EBS Client start_snapshot": 2.9798944993812573e-06,
    "EBS Client put_snapshot_bloc": 2.9798944993812573e-06,
    "EBS Client complete_snapshot": 2.9798944993812573e-06,
    "EBS Plugins Endpoints add_handler": 2.9798944993812573e-06,
    "EBS Plugins Endpoints Handler parameters_for_operation": 2.9798944993812573e-06,
    "EBS Plugins Endpoints Handler apply_endpoint_header": 2.9798944993812573e-06,
    "EBS Plugins Endpoints Handler call": 2.9798944993812573e-06,
    "EBS Endpoints StartSnapshot buil": 2.9798944993812573e-06,
    "EBS Endpoints PutSnapshotBlock buil": 2.9798944993812573e-06,
    "EBS Endpoints ListSnapshotBlocks buil": 2.9798944993812573e-06,
    "EBS Endpoints ListChangedBlocks buil": 2.9798944993812573e-06,
    "EBS Endpoints GetSnapshotBlock buil": 2.9798944993812573e-06,
    "EBS Endpoints CompleteSnapshot buil": 2.9798944993812573e-06,
    "EBS EndpointProvider resolve_endpoint": 2.9798944993812573e-06,
    "EBS EndpointProvider initializ": 2.9798944993812573e-06,
    "EBS initializ": 2.9798944993812573e-06
}