{
    "Route53RecoveryCluster Resource clien": 2.9798944993812573e-06,
    "Route53RecoveryCluster Resource initializ": 2.9798944993812573e-06,
    "Route53RecoveryCluster Errors ValidationException fi": 2.9798944993812573e-06,
    "Route53RecoveryCluster Errors ValidationException reason": 2.9798944993812573e-06,
    "Route53RecoveryCluster Errors ValidationException messag": 2.9798944993812573e-06,
    "Route53RecoveryCluster Errors ValidationException initializ": 2.9798944993812573e-06,
    "Route53RecoveryCluster Errors ThrottlingException retry_after_secon": 2.9798944993812573e-06,
    "Route53RecoveryCluster Errors ThrottlingException messag": 2.9798944993812573e-06,
    "Route53RecoveryCluster Errors ThrottlingException initializ": 2.9798944993812573e-06,
    "Route53RecoveryCluster Errors ResourceNotFoundException resource_typ": 2.9798944993812573e-06,
    "Route53RecoveryCluster Errors ResourceNotFoundException resource_i": 2.9798944993812573e-06,
    "Route53RecoveryCluster Errors ResourceNotFoundException messag": 2.9798944993812573e-06,
    "Route53RecoveryCluster Errors ResourceNotFoundException initializ": 2.9798944993812573e-06,
    "Route53RecoveryCluster Errors InternalServerException retry_after_secon": 2.9798944993812573e-06,
    "Route53RecoveryCluster Errors InternalServerException messag": 2.9798944993812573e-06,
    "Route53RecoveryCluster Errors InternalServerException initializ": 2.9798944993812573e-06,
    "Route53RecoveryCluster Errors EndpointTemporarilyUnavailableException messag": 2.9798944993812573e-06,
    "Route53RecoveryCluster Errors EndpointTemporarilyUnavailableException initializ": 2.9798944993812573e-06,
    "Route53RecoveryCluster Errors ConflictException resource_typ": 2.9798944993812573e-06,
    "Route53RecoveryCluster Errors ConflictException resource_i": 2.9798944993812573e-06,
    "Route53RecoveryCluster Errors ConflictException messag": 2.9798944993812573e-06,
    "Route53RecoveryCluster Errors ConflictException initializ": 2.9798944993812573e-06,
    "Route53RecoveryCluster Errors AccessDeniedException messag": 2.9798944993812573e-06,
    "Route53RecoveryCluster Errors AccessDeniedException initializ": 2.9798944993812573e-06,
    "Route53RecoveryCluster Client errors_m": 2.9798944993812573e-06,
    "Route53RecoveryCluster Client waiter_nam": 2.9798944993812573e-06,
    "Route53RecoveryCluster Client build_req": 2.9798944993812573e-06,
    "Route53RecoveryCluster Client update_routing_control_": 2.9798944993812573e-06,
    "Route53RecoveryCluster Client get_routing_control_": 2.9798944993812573e-06,
    "Route53RecoveryCluster Client initializ": 2.9798944993812573e-06,
    "Route53RecoveryCluster Errors ServiceLimitExceededException service_": 2.9798944993812573e-06,
    "Route53RecoveryCluster Errors ServiceLimitExceededException limit_": 2.9798944993812573e-06,
    "Route53RecoveryCluster Errors ServiceLimitExceededException resource_typ": 2.9798944993812573e-06,
    "Route53RecoveryCluster Errors ServiceLimitExceededException resource_i": 2.9798944993812573e-06,
    "Route53RecoveryCluster Errors ServiceLimitExceededException messag": 2.9798944993812573e-06,
    "Route53RecoveryCluster Errors ServiceLimitExceededException initializ": 2.9798944993812573e-06,
    "Route53RecoveryCluster Client list_routing_con": 2.9798944993812573e-06,
    "Route53RecoveryCluster Plugins Endpoints add_han": 2.9798944993812573e-06,
    "Route53RecoveryCluster Plugins Endpoints Handler parameters_for_operation": 2.9798944993812573e-06,
    "Route53RecoveryCluster Plugins Endpoints Handler apply_endpoint_h": 2.9798944993812573e-06,
    "Route53RecoveryCluster Plugins Endpoints Han": 2.9798944993812573e-06,
    "Route53RecoveryCluster Endpoints UpdateRoutingControlStates bui": 2.9798944993812573e-06,
    "Route53RecoveryCluster Endpoints UpdateRoutingControlState bui": 2.9798944993812573e-06,
    "Route53RecoveryCluster Endpoints ListRoutingControls bui": 2.9798944993812573e-06,
    "Route53RecoveryCluster Endpoints GetRoutingControlState bui": 2.9798944993812573e-06,
    "Route53RecoveryCluster EndpointProvider resolve_endpoin": 2.9798944993812573e-06,
    "Route53RecoveryCluster EndpointProvider initializ": 2.9798944993812573e-06,
    "Route53RecoveryCluster initializ": 2.9798944993812573e-06
}