{
    "ApiGatewayManagementApi Resource cl": 2.9798944993812573e-06,
    "ApiGatewayManagementApi Resource initializ": 2.9798944993812573e-06,
    "ApiGatewayManagementApi Client errors_modul": 2.9798944993812573e-06,
    "ApiGatewayManagementApi Client waiter_": 2.9798944993812573e-06,
    "ApiGatewayManagementApi Client build_requ": 2.9798944993812573e-06,
    "ApiGatewayManagementApi Client post_to_connectio": 2.9798944993812573e-06,
    "ApiGatewayManagementApi Client initializ": 2.9798944993812573e-06,
    "ApiGatewayManagementApi Errors PayloadTooLargeExceptio": 2.9798944993812573e-06,
    "ApiGatewayManagementApi Errors PayloadTooLargeException initializ": 2.9798944993812573e-06,
    "ApiGatewayManagementApi Client get_connectio": 2.9798944993812573e-06,
    "ApiGatewayManagementApi Client delete_connectio": 2.9798944993812573e-06,
    "ApiGatewayManagementApi Errors LimitExceededException initializ": 2.9798944993812573e-06,
    "ApiGatewayManagementApi Errors GoneException initializ": 2.9798944993812573e-06,
    "ApiGatewayManagementApi Errors ForbiddenException initializ": 2.9798944993812573e-06,
    "ApiGatewayManagementApi Plugins Endpoints add_handler": 2.9798944993812573e-06,
    "ApiGatewayManagementApi Plugins Endpoints Handler parameters_for_operatio": 2.9798944993812573e-06,
    "ApiGatewayManagementApi Plugins Endpoints Handler apply_endpoint_header": 2.9798944993812573e-06,
    "ApiGatewayManagementApi Plugins Endpoints Handler call": 2.9798944993812573e-06,
    "ApiGatewayManagementApi Endpoints PostToConnection buil": 2.9798944993812573e-06,
    "ApiGatewayManagementApi Endpoints GetConnection buil": 2.9798944993812573e-06,
    "ApiGatewayManagementApi Endpoints DeleteConnection buil": 2.9798944993812573e-06,
    "ApiGatewayManagementApi EndpointProvider resolve_endpo": 2.9798944993812573e-06,
    "ApiGatewayManagementApi EndpointProvider initializ": 2.9798944993812573e-06,
    "ApiGatewayManagementApi initializ": 2.9798944993812573e-06
}