{
    "Mobile Resource client": 2.9798944993812573e-06,
    "Mobile Resource initializ": 2.9798944993812573e-06,
    "Mobile Client errors_modu": 2.9798944993812573e-06,
    "Mobile Client waiter_n": 2.9798944993812573e-06,
    "Mobile Client build_request": 2.9798944993812573e-06,
    "Mobile Client update_project": 2.9798944993812573e-06,
    "Mobile Client list_project": 2.9798944993812573e-06,
    "Mobile Client list_bun": 2.9798944993812573e-06,
    "Mobile Client export_project": 2.9798944993812573e-06,
    "Mobile Client export_bun": 2.9798944993812573e-06,
    "Mobile Client describe_project": 2.9798944993812573e-06,
    "Mobile Client describe_bun": 2.9798944993812573e-06,
    "Mobile Client delete_project": 2.9798944993812573e-06,
    "Mobile Client create_project": 2.9798944993812573e-06,
    "Mobile Client initializ": 2.9798944993812573e-06,
    "Mobile Errors UnauthorizedException messag": 2.9798944993812573e-06,
    "Mobile Errors UnauthorizedException initializ": 2.9798944993812573e-06,
    "Mobile Errors TooManyRequestsException messag": 2.9798944993812573e-06,
    "Mobile Errors TooManyRequestsException retry_after_secon": 2.9798944993812573e-06,
    "Mobile Errors TooManyRequestsException initializ": 2.9798944993812573e-06,
    "Mobile Errors ServiceUnavailableException messag": 2.9798944993812573e-06,
    "Mobile Errors ServiceUnavailableException retry_after_secon": 2.9798944993812573e-06,
    "Mobile Errors ServiceUnavailableException initializ": 2.9798944993812573e-06,
    "Mobile Errors NotFoundException messag": 2.9798944993812573e-06,
    "Mobile Errors NotFoundException initializ": 2.9798944993812573e-06,
    "Mobile Errors LimitExceededException messag": 2.9798944993812573e-06,
    "Mobile Errors LimitExceededException retry_after_secon": 2.9798944993812573e-06,
    "Mobile Errors LimitExceededException initializ": 2.9798944993812573e-06,
    "Mobile Errors InternalFailureException messag": 2.9798944993812573e-06,
    "Mobile Errors InternalFailureException initializ": 2.9798944993812573e-06,
    "Mobile Errors BadRequestException messag": 2.9798944993812573e-06,
    "Mobile Errors BadRequestException initializ": 2.9798944993812573e-06,
    "Mobile Errors AccountActionRequiredException messag": 2.9798944993812573e-06,
    "Mobile Errors AccountActionRequiredException initializ": 2.9798944993812573e-06,
    "Mobile Plugins Endpoints add_handler": 2.9798944993812573e-06,
    "Mobile Plugins Endpoints Handler parameters_for_operation": 2.9798944993812573e-06,
    "Mobile Plugins Endpoints Handler apply_endpoint_header": 2.9798944993812573e-06,
    "Mobile Plugins Endpoints Handler c": 2.9798944993812573e-06,
    "Mobile Endpoints UpdateProject bu": 2.9798944993812573e-06,
    "Mobile Endpoints ListProjects bu": 2.9798944993812573e-06,
    "Mobile Endpoints ListBundles bu": 2.9798944993812573e-06,
    "Mobile Endpoints ExportProject bu": 2.9798944993812573e-06,
    "Mobile Endpoints ExportBundle bu": 2.9798944993812573e-06,
    "Mobile Endpoints DescribeProject bu": 2.9798944993812573e-06,
    "Mobile Endpoints DescribeBundle bu": 2.9798944993812573e-06,
    "Mobile Endpoints DeleteProject bu": 2.9798944993812573e-06,
    "Mobile Endpoints CreateProject bu": 2.9798944993812573e-06,
    "Mobile EndpointProvider resolve_endpoint": 2.9798944993812573e-06,
    "Mobile EndpointProvider initializ": 2.9798944993812573e-06,
    "Mobile initializ": 2.9798944993812573e-06
}