{
    "KinesisVideoMedia Resource client": 2.9798944993812573e-06,
    "KinesisVideoMedia Resource initializ": 2.9798944993812573e-06,
    "KinesisVideoMedia Client errors_modul": 2.9798944993812573e-06,
    "KinesisVideoMedia Client waiter_": 2.9798944993812573e-06,
    "KinesisVideoMedia Client build_request": 2.9798944993812573e-06,
    "KinesisVideoMedia Client get_": 2.9798944993812573e-06,
    "KinesisVideoMedia Client initializ": 2.9798944993812573e-06,
    "KinesisVideoMedia Errors ResourceNotFoundException messag": 2.9798944993812573e-06,
    "KinesisVideoMedia Errors ResourceNotFoundException initializ": 2.9798944993812573e-06,
    "KinesisVideoMedia Errors NotAuthorizedException messag": 2.9798944993812573e-06,
    "KinesisVideoMedia Errors NotAuthorizedException initializ": 2.9798944993812573e-06,
    "KinesisVideoMedia Errors InvalidEndpointException messag": 2.9798944993812573e-06,
    "KinesisVideoMedia Errors InvalidEndpointException initializ": 2.9798944993812573e-06,
    "KinesisVideoMedia Errors InvalidArgumentException messag": 2.9798944993812573e-06,
    "KinesisVideoMedia Errors InvalidArgumentException initializ": 2.9798944993812573e-06,
    "KinesisVideoMedia Errors ConnectionLimitExceededException messag": 2.9798944993812573e-06,
    "KinesisVideoMedia Errors ConnectionLimitExceededException initializ": 2.9798944993812573e-06,
    "KinesisVideoMedia Errors ClientLimitExceededException messag": 2.9798944993812573e-06,
    "KinesisVideoMedia Errors ClientLimitExceededException initializ": 2.9798944993812573e-06,
    "KinesisVideoMedia Plugins Endpoints add_handler": 2.9798944993812573e-06,
    "KinesisVideoMedia Plugins Endpoints Handler parameters_for_operat": 2.9798944993812573e-06,
    "KinesisVideoMedia Plugins Endpoints Handler apply_endpoint_header": 2.9798944993812573e-06,
    "KinesisVideoMedia Plugins Endpoints Handler call": 2.9798944993812573e-06,
    "KinesisVideoMedia Endpoints GetMedia buil": 2.9798944993812573e-06,
    "KinesisVideoMedia EndpointProvider resolve_endpoint": 2.9798944993812573e-06,
    "KinesisVideoMedia EndpointProvider initializ": 2.9798944993812573e-06,
    "KinesisVideoMedia initializ": 2.9798944993812573e-06
}