{
    "ForecastQueryService Resource clien": 2.9798944993812573e-06,
    "ForecastQueryService Resource initializ": 2.9798944993812573e-06,
    "ForecastQueryService Errors ResourceNotFoundException messag": 2.9798944993812573e-06,
    "ForecastQueryService Errors ResourceNotFoundException initializ": 2.9798944993812573e-06,
    "ForecastQueryService Errors ResourceInUseException messag": 2.9798944993812573e-06,
    "ForecastQueryService Errors ResourceInUseException initializ": 2.9798944993812573e-06,
    "ForecastQueryService Errors LimitExceededException messag": 2.9798944993812573e-06,
    "ForecastQueryService Errors LimitExceededException initializ": 2.9798944993812573e-06,
    "ForecastQueryService Errors InvalidNextTokenException messag": 2.9798944993812573e-06,
    "ForecastQueryService Errors InvalidNextTokenException initializ": 2.9798944993812573e-06,
    "ForecastQueryService Errors InvalidInputException messag": 2.9798944993812573e-06,
    "ForecastQueryService Errors InvalidInputException initializ": 2.9798944993812573e-06,
    "ForecastQueryService Client errors_modul": 2.9798944993812573e-06,
    "ForecastQueryService Client waiter_nam": 2.9798944993812573e-06,
    "ForecastQueryService Client build_": 2.9798944993812573e-06,
    "ForecastQueryService Client query_": 2.9798944993812573e-06,
    "ForecastQueryService Client initializ": 2.9798944993812573e-06,
    "ForecastQueryService Client query_what_if_": 2.9798944993812573e-06,
    "ForecastQueryService Plugins Endpoints add_handl": 2.9798944993812573e-06,
    "ForecastQueryService Plugins Endpoints Handler parameters_for_operation": 2.9798944993812573e-06,
    "ForecastQueryService Plugins Endpoints Handler apply_endpoint_h": 2.9798944993812573e-06,
    "ForecastQueryService Plugins Endpoints Handler call": 2.9798944993812573e-06,
    "ForecastQueryService Endpoints QueryWhatIfForecast buil": 2.9798944993812573e-06,
    "ForecastQueryService Endpoints QueryForecast buil": 2.9798944993812573e-06,
    "ForecastQueryService EndpointProvider resolve_endpoin": 2.9798944993812573e-06,
    "ForecastQueryService EndpointProvider initializ": 2.9798944993812573e-06,
    "ForecastQueryService initializ": 2.9798944993812573e-06
}