{
    "AppConfigData Resource clie": 2.9798944993812573e-06,
    "AppConfigData Resource initialize": 2.9798944993812573e-06,
    "AppConfigData Errors ThrottlingException message": 2.9798944993812573e-06,
    "AppConfigData Errors ThrottlingException initialize": 2.9798944993812573e-06,
    "AppConfigData Errors ResourceNotFoundException resource_type": 2.9798944993812573e-06,
    "AppConfigData Errors ResourceNotFoundException referenced_by": 2.9798944993812573e-06,
    "AppConfigData Errors ResourceNotFoundException message": 2.9798944993812573e-06,
    "AppConfigData Errors ResourceNotFoundException initialize": 2.9798944993812573e-06,
    "AppConfigData Errors InternalServerException message": 2.9798944993812573e-06,
    "AppConfigData Errors InternalServerException initialize": 2.9798944993812573e-06,
    "AppConfigData Errors BadRequestException re": 2.9798944993812573e-06,
    "AppConfigData Errors BadRequestException message": 2.9798944993812573e-06,
    "AppConfigData Errors BadRequestException detail": 2.9798944993812573e-06,
    "AppConfigData Errors BadRequestException initialize": 2.9798944993812573e-06,
    "AppConfigData Client errors_module": 2.9798944993812573e-06,
    "AppConfigData Client waiter_name": 2.9798944993812573e-06,
    "AppConfigData Client build_reque": 2.9798944993812573e-06,
    "AppConfigData Client start_configuration_se": 2.9798944993812573e-06,
    "AppConfigData Client get_latest_configur": 2.9798944993812573e-06,
    "AppConfigData Client initialize": 2.9798944993812573e-06,
    "AppConfigData Plugins Endpoints add_handler": 2.9798944993812573e-06,
    "AppConfigData Plugins Endpoints Handler parameters_for_oper": 2.9798944993812573e-06,
    "AppConfigData Plugins Endpoints Handler apply_endpoint_header": 2.9798944993812573e-06,
    "AppConfigData Plugins Endpoints Handler call": 2.9798944993812573e-06,
    "AppConfigData Endpoints StartConfigurationSession buil": 2.9798944993812573e-06,
    "AppConfigData Endpoints GetLatestConfiguration buil": 2.9798944993812573e-06,
    "AppConfigData EndpointProvider resolve_e": 2.9798944993812573e-06,
    "AppConfigData initialize": 2.9798944993812573e-06,
    "AppConfigData EndpointProvider initialize": 2.9798944993812573e-06
}