{
    "IoTSecureTunneling R": 2.9798944993812573e-06,
    "IoTSecureTunneling Resource initializ": 2.9798944993812573e-06,
    "IoTSecureTunneling Errors ResourceNotFoundException m": 2.9798944993812573e-06,
    "IoTSecureTunneling Errors ResourceNotFoundException initializ": 2.9798944993812573e-06,
    "IoTSecureTunneling Errors LimitExceededException m": 2.9798944993812573e-06,
    "IoTSecureTunneling Errors LimitExceededException initializ": 2.9798944993812573e-06,
    "IoTSecureTunneling Client errors_m": 2.9798944993812573e-06,
    "IoTSecureTunneling Client waiter_nam": 2.9798944993812573e-06,
    "IoTSecureTunneling Client build_req": 2.9798944993812573e-06,
    "IoTSecureTunneling Client untag_": 2.9798944993812573e-06,
    "IoTSecureTunneling Client tag_": 2.9798944993812573e-06,
    "IoTSecureTunneling Client open_": 2.9798944993812573e-06,
    "IoTSecureTunneling Client list_": 2.9798944993812573e-06,
    "IoTSecureTunneling Client list_tags_for_": 2.9798944993812573e-06,
    "IoTSecureTunneling Client describe_": 2.9798944993812573e-06,
    "IoTSecureTunneling Client close_": 2.9798944993812573e-06,
    "IoTSecureTunneling Client initializ": 2.9798944993812573e-06,
    "IoTSecureTunneling Client rotate_tunnel_access_": 2.9798944993812573e-06,
    "IoTSecureTunneling Plugins Endpoints add_h": 2.9798944993812573e-06,
    "IoTSecureTunneling Plugins Endpoints Handler parameters_for_op": 2.9798944993812573e-06,
    "IoTSecureTunneling Plugins Endpoints Handler apply_endpoint_h": 2.9798944993812573e-06,
    "IoTSecureTunneling Plugins Endpoints H": 2.9798944993812573e-06,
    "IoTSecureTunneling Endpoints UntagResource b": 2.9798944993812573e-06,
    "IoTSecureTunneling Endpoints TagResource b": 2.9798944993812573e-06,
    "IoTSecureTunneling Endpoints RotateTunnelAccessToken b": 2.9798944993812573e-06,
    "IoTSecureTunneling Endpoints OpenTunnel b": 2.9798944993812573e-06,
    "IoTSecureTunneling Endpoints ListTunnels b": 2.9798944993812573e-06,
    "IoTSecureTunneling Endpoints ListTagsForResource b": 2.9798944993812573e-06,
    "IoTSecureTunneling Endpoints DescribeTunnel b": 2.9798944993812573e-06,
    "IoTSecureTunneling Endpoints CloseTunnel b": 2.9798944993812573e-06,
    "IoTSecureTunneling EndpointProvider resolve_endp": 2.9798944993812573e-06,
    "IoTSecureTunneling EndpointProvider initializ": 2.9798944993812573e-06,
    "IoTSecureTunneling initializ": 2.9798944993812573e-06
}