{
    "ActionView Handlers AxlsxBuilder axlsx_autho": 2.9798944993812573e-06,
    "ActionView Handlers AxlsxBuilder c": 2.9798944993812573e-06,
    "ActionView Handlers AxlsxBuilder default_format": 2.9798944993812573e-06,
    "Responder to": 2.9798944993812573e-06
}