{
    "Base64 urlsafe_decod": 2.9798944993812573e-06,
    "Base64 urlsafe_encod": 2.9798944993812573e-06,
    "Base64 strict_decod": 2.9798944993812573e-06,
    "Base64 strict_encod": 2.9798944993812573e-06,
    "Base64 decod": 2.9798944993812573e-06,
    "Base64 encod": 1.3111614609166624e-05
}