{
    "BestInPlace BestInPlaceGenerator copy_f": 2.9798944993812573e-06,
    "BestInPlace BestInPlaceHelper": 2.9798944993812573e-06,
    "BestInPlace SetupGenerator copy_j": 2.9798944993812573e-06,
    "BestInPlace TestHelper": 2.9798944993812573e-06,
    "BestInPlace TestHelpers bip_boo": 2.9798944993812573e-06,
    "BestInPlace TestHelpers bip_tex": 2.9798944993812573e-06,
    "BestInPlace BestInPlaceHelpers best_in_place_if": 2.9798944993812573e-06,
    "BestInPlace Utils build_best_in_place_id": 2.9798944993812573e-06,
    "BestInPlace TestHelpers bip_ar": 2.9798944993812573e-06,
    "BestInPlace BestInPlaceHelpers build_value_for": 2.9798944993812573e-06,
    "BestInPlace DisplayMethods add": 2.9798944993812573e-06,
    "BestInPlace DisplayMethods looku": 2.9798944993812573e-06,
    "BestInPlace ControllerExtensions respond_bip_error": 2.9798944993812573e-06,
    "BestInPlace ControllerExtensions respond_bip_ok": 2.9798944993812573e-06,
    "BestInPlace ControllerExtensions respond_with": 2.9798944993812573e-06,
    "BestInPlace DisplayMethods add_helper_method": 2.9798944993812573e-06,
    "BestInPlace DisplayMethods add_model_method": 2.9798944993812573e-06,
    "BestInPlace DisplayMethods Renderer render_jso": 2.9798944993812573e-06,
    "BestInPlace BestInPlaceHelpers attribu": 2.9798944993812573e-06,
    "BestInPlace Utils object_to_key": 2.9798944993812573e-06,
    "BestInPlace BestInPlaceHelpers real_object_for": 2.9798944993812573e-06,
    "BestInPlace DisplayMethods add_helper_pro": 2.9798944993812573e-06,
    "BestInPlace Configuration initializ": 2.9798944993812573e-06,
    "BestInPlace method_missing": 2.9798944993812573e-06,
    "BestInPlace configur": 2.9798944993812573e-06,
    "BestInPlace Utils model_name_from_record_or": 2.9798944993812573e-06,
    "BestInPlace Utils convert_to_mod": 2.9798944993812573e-06,
    "BestInPlace Helper best_in_place_default_collectio": 2.9798944993812573e-06,
    "BestInPlace Helper best_in_place_collection_builder": 2.9798944993812573e-06,
    "BestInPlace Helper best_in_place_deprecated_optio": 2.9798944993812573e-06,
    "BestInPlace Helper best_in_place_assert_argum": 2.9798944993812573e-06,
    "BestInPlace Helper best_in_place_real_object_for": 2.9798944993812573e-06,
    "BestInPlace Helper best_in_place_build_value_for": 2.9798944993812573e-06,
    "BestInPlace Helper best_in_place_u": 2.9798944993812573e-06,
    "BestInPlace Helper best_in_place_if": 2.9798944993812573e-06,
    "BestInPlace Helper": 2.9798944993812573e-06,
    "BestInPlace DisplayMethods model_attribu": 2.9798944993812573e-06,
    "BestInPlace TestHelpers wait_u": 2.9798944993812573e-06,
    "BestInPlace TestHelpers finished_all_ajax_requests?": 2.9798944993812573e-06,
    "BestInPlace TestHelpers wait_for_ajax": 2.9798944993812573e-06,
    "BestInPlace Helper pass_through_html_optio": 2.9798944993812573e-06,
    "BestInPlace Helper best_in_place_collectio": 2.9798944993812573e-06,
    "BestInPlace Helper best_in_place_collection_checkbox": 2.9798944993812573e-06
}