{
    "Rational to_": 2.9798944993812573e-06,
    "BigDecimal to_": 2.9798944993812573e-06,
    "BigDecimal to_digits": 2.9798944993812573e-06,
    "String to_": 2.9798944993812573e-06,
    "Float to_": 2.9798944993812573e-06,
    "Integer to_": 2.9798944993812573e-06,
    "Newton nlsolv": 2.9798944993812573e-06,
    "Newton nor": 2.9798944993812573e-06,
    "BigMath E": 2.9798944993812573e-06,
    "BigMath PI": 2.9798944993812573e-06,
    "BigMath atan": 2.9798944993812573e-06,
    "BigMath cos": 2.9798944993812573e-06,
    "BigMath sin": 2.9798944993812573e-06,
    "BigMath sqrt": 2.9798944993812573e-06,
    "LUSolve lusolv": 2.9798944993812573e-06,
    "LUSolve ludecomp": 2.9798944993812573e-06,
    "Jacobian jacobian": 2.9798944993812573e-06,
    "Jacobian dfdx": 2.9798944993812573e-06,
    "Jacobian isEqu": 2.9798944993812573e-06,
    "NilClass to_": 2.9798944993812573e-06,
    "new": 2.9798944993812573e-06,
    "BigDecimal inherit": 2.9798944993812573e-06,
    "BigDecimal Deprecation new": 2.9798944993812573e-06,
    "Complex to_": 2.9798944993812573e-06
}