{
    "": 2.9798944993812573e-06,
    "BindingOfCaller BindingExtensions frame_typ": 2.9798944993812573e-06,
    "BindingOfCaller BindingExtensions frame_count": 2.9798944993812573e-06,
    "BindingOfCaller BindingExtensions callers": 2.9798944993812573e-06,
    "BindingOfCaller BindingExtensions frame_descript": 2.9798944993812573e-06,
    "BindingOfCaller BindingExtensions": 2.9798944993812573e-06,
    "mri_2?": 2.9798944993812573e-06,
    "BindingOfCaller BindingExtensions setup_binding_from_locat": 2.9798944993812573e-06,
    "ThreadContext": 2.9798944993812573e-06,
    "BindingOfCaller JRubyBindingHolder method_des": 2.9798944993812573e-06,
    "BindingOfCaller JRubyBindingHolder block_des": 2.9798944993812573e-06,
    "BindingOfCaller JRubyBindingHolder top?": 2.9798944993812573e-06,
    "BindingOfCaller JRubyBindingHolder eval?": 2.9798944993812573e-06,
    "BindingOfCaller JRubyBindingHolder block?": 2.9798944993812573e-06,
    "BindingOfCaller JRubyBindingHolder frame_descript": 2.9798944993812573e-06,
    "BindingOfCaller JRubyBindingHolder frame_typ": 2.9798944993812573e-06,
    "BindingOfCaller JRubyBindingHolder ev": 2.9798944993812573e-06,
    "BindingOfCaller JRubyBindingHolder initializ": 2.9798944993812573e-06,
    "Binding ev": 2.9798944993812573e-06
}