{
    "Builder XmlMarkup _ensure_no_block": 2.9798944993812573e-06,
    "Builder XmlMarkup _insert_attributes": 2.9798944993812573e-06,
    "Builder XmlMarkup _end_tag": 2.9798944993812573e-06,
    "Builder XmlMarkup _start_tag": 2.9798944993812573e-06,
    "Builder XmlMarkup _specia": 2.9798944993812573e-06,
    "Builder XmlMarkup _text": 2.9798944993812573e-06,
    "Builder XmlMarkup instruct!": 6.357134535976379e-06,
    "Builder XmlMarkup declare!": 2.9798944993812573e-06,
    "Builder XmlMarkup comment!": 2.9798944993812573e-06,
    "Builder XmlMarkup target!": 6.357134535976379e-06,
    "Builder XmlMarkup initializ": 2.450979973267516e-05,
    "Builder XmlEvents _end_tag": 2.9798944993812573e-06,
    "Builder XmlEvents _start_tag": 2.9798944993812573e-06,
    "Builder XmlEvents text!": 2.9798944993812573e-06,
    "Builder XmlBase _nested_structures": 2.9798944993812573e-06,
    "Builder XmlBase _indent": 2.9798944993812573e-06,
    "Builder XmlBase _newlin": 2.9798944993812573e-06,
    "Builder XmlBase _capture_outer_self": 2.9798944993812573e-06,
    "Builder XmlBase _escap": 2.9798944993812573e-06,
    "Builder XmlBase nil?": 2.9798944993812573e-06,
    "Builder XmlBase <<": 2.9798944993812573e-06,
    "Builder XmlBase text!": 2.9798944993812573e-06,
    "Builder XmlBase method_missing": 2.9798944993812573e-06,
    "Builder XmlBase tag!": 2.9798944993812573e-06,
    "Builder XmlBase initializ": 2.9798944993812573e-06,
    "Object method_a": 2.9798944993812573e-06,
    "Kernel method_a": 2.9798944993812573e-06,
    "Builder BlankSlate h": 2.9798944993812573e-06,
    "Builder XmlMarkup cdata!": 3.824204508530037e-06,
    "Builder XmlMarkup _attr_va": 2.9798944993812573e-06,
    "Builder XmlBase _escape_quot": 2.9798944993812573e-06,
    "String to_xs": 2.9798944993812573e-06,
    "Fixnum xch": 2.9798944993812573e-06,
    "Builder check_for_name_collision": 2.9798944993812573e-06,
    "Module append_features": 2.9798944993812573e-06,
    "Object find_hidden_metho": 2.9798944993812573e-06,
    "BlankSlate revea": 2.9798944993812573e-06,
    "BlankSlate find_hidden_metho": 2.9798944993812573e-06,
    "BlankSlate h": 2.9798944993812573e-06,
    "Builder XChar enco": 2.9798944993812573e-06,
    "Builder XChar unico": 2.9798944993812573e-06,
    "Builder XmlBase cache_method_ca": 2.9798944993812573e-06,
    "Builder XmlBase _escape_attribut": 2.9798944993812573e-06,
    "Symbol _blankslate_as_nam": 2.9798944993812573e-06,
    "String _blankslate_as_nam": 2.9798944993812573e-06,
    "Builder XmlBase explicit_nil_handling?": 2.9798944993812573e-06,
    "Integer xch": 2.9798944993812573e-06,
    "Builder XmlMarkup cdata_value!": 2.9798944993812573e-06
}