{
    "XML to_": 0.0014957524626874818,
    "XML load": 0.0014957524626874818,
    "XML new_nod": 0.0014957524626874818,
    "ReXMLParser new_nod": 0.0014957524626874818,
    "ReXMLParser to_": 0.0014957524626874818,
    "ReXMLParser load": 0.0014957524626874818
}