{
    "Chartkick Helper chartkick_div": 2.9798944993812573e-06,
    "Chartkick Helper column_": 2.9798944993812573e-06,
    "Chartkick Helper pie_": 2.9798944993812573e-06,
    "Chartkick Helper line_": 2.9798944993812573e-06,
    "Chartkick Helper chartkick_": 2.9798944993812573e-06,
    "Chartkick Helper area_": 2.9798944993812573e-06,
    "Chartkick Helper bar_": 2.9798944993812573e-06,
    "Chartkick Helper geo_": 2.9798944993812573e-06,
    "Chartkick Helper chartkick_deep_merge": 2.9798944993812573e-06,
    "Enumerable chart_json": 2.9798944993812573e-06,
    "Chartkick Helper timeline": 2.9798944993812573e-06,
    "Chartkick Helper scatter_": 2.9798944993812573e-06,
    "Chartkick Helper chartkick_json_escape": 2.9798944993812573e-06,
    "Chartkick Utils json_escape": 2.9798944993812573e-06,
    "Chartkick Utils deep_merge": 2.9798944993812573e-06,
    "Hash chart_json": 2.9798944993812573e-06,
    "Array chart_json": 2.9798944993812573e-06
}