{
    "String encoding_detect": 2.9798944993812573e-06,
    "String detect_encoding!": 2.9798944993812573e-06,
    "String detect_encoding": 2.9798944993812573e-06,
    "CharlockHolmes EncodingDetector detect": 2.9798944993812573e-06,
    "CharlockHolmes EncodingDetector initializ": 2.9798944993812573e-06,
    "CharlockHolmes EncodingDetector build_encoding_tab": 2.9798944993812573e-06,
    "CharlockHolmes EncodingDetector encoding_tab": 2.9798944993812573e-06
}