{
    "ChronicDuration white_lis": 2.9798944993812573e-06,
    "ChronicDuration join_words": 2.9798944993812573e-06,
    "ChronicDuration mappings": 2.9798944993812573e-06,
    "ChronicDuration filter_through_white_lis": 2.9798944993812573e-06,
    "ChronicDuration float_matche": 2.9798944993812573e-06,
    "ChronicDuration filter_by_type": 2.9798944993812573e-06,
    "ChronicDuration error_message": 2.9798944993812573e-06,
    "ChronicDuration duration_units_seconds_multiplie": 2.9798944993812573e-06,
    "ChronicDuration duration_units_lis": 2.9798944993812573e-06,
    "ChronicDuration convert_to_numbe": 2.9798944993812573e-06,
    "ChronicDuration cleanup": 2.9798944993812573e-06,
    "ChronicDuration calculate_from_words": 2.9798944993812573e-06,
    "ChronicDuration humanize_time": 2.9798944993812573e-06,
    "ChronicDuration outp": 2.9798944993812573e-06,
    "ChronicDuration parse": 2.9798944993812573e-06,
    "ChronicDuration raise_exceptions=": 2.9798944993812573e-06,
    "ChronicDuration raise_exceptions": 2.9798944993812573e-06,
    "ChronicDuration days_per_week=": 2.9798944993812573e-06,
    "ChronicDuration days_per_week": 2.9798944993812573e-06,
    "ChronicDuration hours_per_day=": 2.9798944993812573e-06,
    "ChronicDuration hours_per_day": 2.9798944993812573e-06,
    "Numerize": 2.9798944993812573e-06,
    "Numerizer numerize": 2.9798944993812573e-06
}