{
    "Chromedriver Helper platf": 2.9798944993812573e-06,
    "Chromedriver Helper install_": 2.9798944993812573e-06,
    "Chromedriver Helper platform_install_": 2.9798944993812573e-06,
    "Chromedriver Helper binary_pat": 2.9798944993812573e-06,
    "Chromedriver Helper download_u": 2.9798944993812573e-06,
    "Chromedriver Helper downloa": 2.9798944993812573e-06,
    "Chromedriver Helper run": 2.9798944993812573e-06,
    "Chromedriver Helper GoogleCodeParser downloads": 2.9798944993812573e-06,
    "Chromedriver Helper GoogleCodeParser initializ": 2.9798944993812573e-06,
    "Chromedriver Helper updat": 2.9798944993812573e-06,
    "Chromedriver Helper GoogleCodeParser newest_downloa": 2.9798944993812573e-06,
    "Chromedriver Helper GoogleCodeParser grab_version_string_f": 2.9798944993812573e-06,
    "Chromedriver Helper GoogleCodeParser version_of": 2.9798944993812573e-06,
    "Chromedriver Helper base_install_": 2.9798944993812573e-06,
    "Chromedriver Helper version_install_": 2.9798944993812573e-06,
    "Chromedriver Helper version_pat": 2.9798944993812573e-06,
    "Chromedriver Helper google_code_pars": 2.9798944993812573e-06,
    "Chromedriver Helper download_version": 2.9798944993812573e-06,
    "Chromedriver Helper current_version": 2.9798944993812573e-06,
    "Chromedriver set_version": 2.9798944993812573e-06,
    "Chromedriver Helper GoogleCodeParser version_download_u": 2.9798944993812573e-06,
    "Chromedriver Helper GoogleCodeParser newest_download_version": 2.9798944993812573e-06
}