{
    "ClimateControl Modifier OverlappingKeysWithChangedValues overlapping_keys": 2.9798944993812573e-06,
    "ClimateControl Modifier OverlappingKeysWithChangedValues keys": 2.9798944993812573e-06,
    "ClimateControl Modifier OverlappingKeysWithChangedValues initializ": 2.9798944993812573e-06,
    "ClimateControl Modifier clone_env": 2.9798944993812573e-06,
    "ClimateControl Modifier revert_changed_keys": 2.9798944993812573e-06,
    "ClimateControl Modifier delete_keys_that_do_not_belong": 2.9798944993812573e-06,
    "ClimateControl Modifier cache_environment_after_block": 2.9798944993812573e-06,
    "ClimateControl Modifier keys_changed_by_block": 2.9798944993812573e-06,
    "ClimateControl Modifier keys_to_remov": 2.9798944993812573e-06,
    "ClimateControl Modifier copy_overrides_to_env": 2.9798944993812573e-06,
    "ClimateControl Modifier run_block": 2.9798944993812573e-06,
    "ClimateControl Modifier prepare_environment_for_block": 2.9798944993812573e-06,
    "ClimateControl Modifier process": 2.9798944993812573e-06,
    "ClimateControl Modifier initializ": 2.9798944993812573e-06,
    "ClimateControl modify": 8.045754554273942e-06,
    "ClimateControl env": 2.9798944993812573e-06,
    "ClimateControl Environment env": 2.9798944993812573e-06,
    "ClimateControl Environment initializ": 2.9798944993812573e-06,
    "ClimateControl Modifier stringify_keys": 2.9798944993812573e-06,
    "ClimateControl Environment synchroniz": 2.9798944993812573e-06,
    "ClimateControl copy": 2.9798944993812573e-06,
    "ClimateControl unsafe_modify": 2.9798944993812573e-06
}