{
    "Cliver assert": 2.9798944993812573e-06,
    "Cliver Assertion installed_version": 2.9798944993812573e-06,
    "Cliver Assertion assert!": 2.9798944993812573e-06,
    "Cliver Assertion initializ": 2.9798944993812573e-06,
    "Cliver Detector to_pro": 2.9798944993812573e-06,
    "Cliver Detector detect_version": 2.9798944993812573e-06,
    "Cliver Detector version_pattern": 2.9798944993812573e-06,
    "Cliver Detector version_command": 2.9798944993812573e-06,
    "Cliver Detector new": 2.9798944993812573e-06,
    "Cliver Default version_command": 2.9798944993812573e-06,
    "Cliver Default command_arg": 2.9798944993812573e-06,
    "Cliver Default version_pattern": 2.9798944993812573e-06,
    "Cliver Default initializ": 2.9798944993812573e-06,
    "Cliver Which Windows which": 2.9798944993812573e-06,
    "Cliver Which Posix which": 2.9798944993812573e-06,
    "Cliver dependency_unmet?": 2.9798944993812573e-06,
    "Cliver Filter requirements": 2.9798944993812573e-06,
    "Cliver Detector command_arg": 2.9798944993812573e-06,
    "Cliver Detector initializ": 2.9798944993812573e-06,
    "Cliver detect": 4.246359513104428e-06,
    "Cliver detect!": 4.246359513104428e-06,
    "Cliver Filter apply": 2.9798944993812573e-06,
    "Cliver Detector shell_out_and_captu": 2.9798944993812573e-06,
    "Cliver Detector generat": 2.9798944993812573e-06,
    "Cliver Dependency find_executables": 2.9798944993812573e-06,
    "Cliver Dependency detect_version": 2.9798944993812573e-06,
    "Cliver Dependency strict?": 2.9798944993812573e-06,
    "Cliver Dependency requirements_description": 2.9798944993812573e-06,
    "Cliver Dependency executable_description": 2.9798944993812573e-06,
    "Cliver Dependency raise_version_mismatch!": 2.9798944993812573e-06,
    "Cliver Dependency raise_not_found!": 2.9798944993812573e-06,
    "Cliver Dependency requirement_satisfied_by?": 2.9798944993812573e-06,
    "Cliver Dependency filtered_requirement": 2.9798944993812573e-06,
    "Cliver Dependency detect!": 2.9798944993812573e-06,
    "Cliver Dependency detect": 2.9798944993812573e-06,
    "Cliver Dependency installed_versions": 2.9798944993812573e-06,
    "Cliver Dependency initializ": 2.9798944993812573e-06,
    "File absolute_path?": 2.9798944993812573e-06,
    "Cliver verify!": 2.9798944993812573e-06,
    "Cliver Dependency check_compatibility!": 2.9798944993812573e-06,
    "Cliver ShellCapture initializ": 2.9798944993812573e-06
}