{
    "Coffee Generators AssetsGenerator copy_": 2.9798944993812573e-06,
    "Coffee Rails TemplateHand": 2.9798944993812573e-06,
    "Coffee Rails TemplateHandler erb_hand": 2.9798944993812573e-06
}