{
    "String color_matrix": 2.9798944993812573e-06,
    "String colors": 2.9798944993812573e-06,
    "String modes": 2.9798944993812573e-06,
    "String colorized?": 2.9798944993812573e-06,
    "String un": 2.9798944993812573e-06,
    "String": 2.9798944993812573e-06,
    "String set_color_parameters": 2.9798944993812573e-06,
    "String color_samples": 2.9798944993812573e-06,
    "String set_from_symb": 2.9798944993812573e-06,
    "String set_from_hash": 2.9798944993812573e-06,
    "String set_from_params": 2.9798944993812573e-06,
    "String set_defaults": 2.9798944993812573e-06,
    "String windows_requires": 2.9798944993812573e-06,
    "Colorize InstanceMethods require_windows_libs": 2.9798944993812573e-06,
    "Colorize InstanceMethods scan_for_colors": 2.9798944993812573e-06,
    "Colorize InstanceMethods mod": 2.9798944993812573e-06,
    "Colorize InstanceMethods background_": 2.9798944993812573e-06,
    "Colorize InstanceMethods": 2.9798944993812573e-06,
    "Colorize InstanceMethods color_from_symb": 2.9798944993812573e-06,
    "Colorize InstanceMethods colors_from_hash": 2.9798944993812573e-06,
    "Colorize InstanceMethods colors_from_params": 2.9798944993812573e-06,
    "Colorize InstanceMethods defaults_colors": 2.9798944993812573e-06,
    "Colorize InstanceMethods colorized?": 2.9798944993812573e-06,
    "Colorize InstanceMethods un": 2.9798944993812573e-06,
    "Colorize ClassMethods color_matrix": 2.9798944993812573e-06,
    "Colorize ClassMethods color_samples": 2.9798944993812573e-06,
    "Colorize ClassMethods modes_methods": 2.9798944993812573e-06,
    "Colorize ClassMethods color_methods": 2.9798944993812573e-06,
    "Colorize ClassMethods modes": 2.9798944993812573e-06,
    "Colorize ClassMethods mode_codes": 2.9798944993812573e-06,
    "Colorize ClassMethods colors": 2.9798944993812573e-06,
    "Colorize ClassMethods color_codes": 2.9798944993812573e-06,
    "Colorize ClassMethods disable_colorization=": 2.9798944993812573e-06,
    "Colorize ClassMethods disable_colorization": 2.9798944993812573e-06,
    "Colorize InstanceMethods split_colors": 2.9798944993812573e-06,
    "ColorizedString []": 2.9798944993812573e-06,
    "Colorize ClassMethods check_if_color_exist!": 2.9798944993812573e-06,
    "Colorize ClassMethods check_if_color_available!": 2.9798944993812573e-06,
    "Colorize ClassMethods parse_color_alias_params": 2.9798944993812573e-06,
    "Colorize ClassMethods add_color_method": 2.9798944993812573e-06,
    "Colorize ClassMethods add_color_cod": 2.9798944993812573e-06,
    "Colorize ClassMethods add_color_alias": 2.9798944993812573e-06,
    "Colorize ClassMethods prevent_colors=": 2.9798944993812573e-06,
    "Colorize ClassMethods prevent_colors": 2.9798944993812573e-06,
    "Colorize ClassMethods color_exist?": 2.9798944993812573e-06,
    "Colorize InstanceMethods scan_for_colors_regex": 2.9798944993812573e-06,
    "Colorize InstanceMethods colorized_string": 2.9798944993812573e-06,
    "Colorize ClassMethods enable_readline_support=": 2.9798944993812573e-06,
    "Colorize ClassMethods enable_readline_support": 2.9798944993812573e-06
}