{
    "ConnectionPool check": 2.9798944993812573e-06,
    "ConnectionPool checkou": 2.9798944993812573e-06,
    "ConnectionPool method_missing": 2.9798944993812573e-06,
    "ConnectionPool with": 2.9798944993812573e-06,
    "ConnectionPool initializ": 1.1845149595443454e-05,
    "TimedQueue length": 2.9798944993812573e-06,
    "TimedQueue clear": 2.9798944993812573e-06,
    "TimedQueue empty?": 2.9798944993812573e-06,
    "TimedQueue timed": 2.9798944993812573e-06,
    "TimedQueue push": 2.9798944993812573e-06,
    "TimedQueue initializ": 2.9798944993812573e-06,
    "ConnectionPool Wrapper method_missing": 2.9798944993812573e-06,
    "ConnectionPool Wrapper with": 2.9798944993812573e-06,
    "ConnectionPool Wrapper initializ": 2.9798944993812573e-06,
    "ConnectionPool wra": 2.9798944993812573e-06,
    "ConnectionPool Wrapper respond_to?": 2.9798944993812573e-06,
    "TimedStack length": 2.9798944993812573e-06,
    "TimedStack clear": 2.9798944993812573e-06,
    "TimedStack empty?": 2.9798944993812573e-06,
    "TimedStack": 2.9798944993812573e-06,
    "TimedStack push": 2.9798944993812573e-06,
    "TimedStack initializ": 4.246359513104428e-06,
    "ConnectionPool shutdow": 2.9798944993812573e-06,
    "TimedStack shutdow": 2.9798944993812573e-06,
    "ConnectionPool Wrapper pool_shutdow": 2.9798944993812573e-06,
    "TimedStack try_crea": 2.9798944993812573e-06,
    "TimedStack stor": 2.9798944993812573e-06,
    "TimedStack shutdown_connections": 2.9798944993812573e-06,
    "TimedStack fetch": 2.9798944993812573e-06,
    "TimedStack connection_stored?": 2.9798944993812573e-06,
    "ConnectionPool stack": 2.9798944993812573e-06,
    "ConnectionP": 2.9798944993812573e-06,
    "TimedStack discard!": 2.9798944993812573e-06,
    "ConnectionPool monotonic_tim": 2.9798944993812573e-06,
    "ConnectionPool get_tim": 2.9798944993812573e-06,
    "ConnectionPool Wrapper pool_availab": 2.9798944993812573e-06,
    "ConnectionPool Wrapper pool_siz": 2.9798944993812573e-06,
    "ConnectionPool availab": 2.9798944993812573e-06,
    "ConnectionPool siz": 2.9798944993812573e-06,
    "ConnectionPool Wrapper wrapped": 2.9798944993812573e-06,
    "TimedStack current_tim": 2.9798944993812573e-06,
    "ConnectionPool reload": 2.9798944993812573e-06,
    "ConnectionPool after_fork": 2.9798944993812573e-06,
    "ConnectionPool ForkTracker _fork": 2.9798944993812573e-06
}