{
    "ContentForInControllers content_for?": 2.9798944993812573e-06,
    "ContentForInC": 2.9798944993812573e-06,
    "ContentForInControllers view_contex": 2.9798944993812573e-06
}