{
    "CookieJar Jar add_cookie_to_path": 2.9798944993812573e-06,
    "CookieJar Jar find_or_add_domain_for_": 2.9798944993812573e-06,
    "CookieJar Jar find_domain": 2.9798944993812573e-06,
    "CookieJar Jar to_u": 2.9798944993812573e-06,
    "CookieJar Jar gather_header_values": 2.9798944993812573e-06,
    "CookieJar Jar get_cookie_head": 2.9798944993812573e-06,
    "CookieJar Jar get_cookies": 2.9798944993812573e-06,
    "CookieJar Jar expire_cookies": 2.9798944993812573e-06,
    "CookieJar Jar from_": 2.9798944993812573e-06,
    "CookieJar Jar json_creat": 2.9798944993812573e-06,
    "CookieJar Jar to_json": 2.9798944993812573e-06,
    "CookieJar Jar to_": 2.9798944993812573e-06,
    "CookieJar Jar add_": 2.9798944993812573e-06,
    "CookieJar Jar set_cookies_from_headers": 2.9798944993812573e-06,
    "CookieJar Jar set_cookie2": 2.9798944993812573e-06,
    "CookieJar Jar set_": 2.9798944993812573e-06,
    "CookieJar Jar initializ": 1.0156529577145891e-05,
    "CookieJar CookieValidation parse_set_cookie2": 2.9798944993812573e-06,
    "CookieJar CookieValidation decode_valu": 2.9798944993812573e-06,
    "CookieJar CookieValidation value_to_string": 2.9798944993812573e-06,
    "CookieJar CookieValidation parse_set_": 2.9798944993812573e-06,
    "CookieJar CookieValidation validate_": 2.9798944993812573e-06,
    "CookieJar CookieValidation effective_host": 2.9798944993812573e-06,
    "CookieJar CookieValidation determine_cookie_domain": 2.9798944993812573e-06,
    "CookieJar CookieValidation compute_search_domains_for_host": 2.9798944993812573e-06,
    "CookieJar CookieValidation compute_search_domains": 2.9798944993812573e-06,
    "CookieJar CookieValidation determine_cookie_path": 2.9798944993812573e-06,
    "CookieJar CookieValidation cookie_base_path": 2.9798944993812573e-06,
    "CookieJar CookieValidation hostname_reach": 2.9798944993812573e-06,
    "CookieJar CookieValidation domains_match": 2.9798944993812573e-06,
    "CookieJar CookieValidation to_domain": 2.9798944993812573e-06,
    "CookieJar CookieValidation to_path": 2.9798944993812573e-06,
    "CookieJar CookieValidation to_u": 2.9798944993812573e-06,
    "CookieJar InvalidCookieError initializ": 2.9798944993812573e-06,
    "CookieJar Cookie initializ": 2.9798944993812573e-06,
    "CookieJar Cookie compute_search_domains": 2.9798944993812573e-06,
    "CookieJar Cookie json_creat": 2.9798944993812573e-06,
    "CookieJar Cookie to_json": 2.9798944993812573e-06,
    "CookieJar Cookie decoded_valu": 2.9798944993812573e-06,
    "CookieJar Cookie should_send?": 2.9798944993812573e-06,
    "CookieJar Cookie to_s": 2.9798944993812573e-06,
    "CookieJar Cookie from_set_cookie2": 2.9798944993812573e-06,
    "CookieJar Cookie from_set_": 2.9798944993812573e-06,
    "CookieJar Cookie session?": 2.9798944993812573e-06,
    "CookieJar Cookie expired?": 2.9798944993812573e-06,
    "CookieJar Cookie expires_at": 2.9798944993812573e-06,
    "CookieJar Cookie to_hash": 2.9798944993812573e-06
}