{
    "Crack XML parse": 2.9798944993812573e-06,
    "REXMLUtilityNode to_s": 2.9798944993812573e-06,
    "REXMLUtilityNode to_html": 2.9798944993812573e-06,
    "REXMLUtilityNode inner_html": 2.9798944993812573e-06,
    "REXMLUtilityNode undasherize_keys": 2.9798944993812573e-06,
    "REXMLUtilityNode translate_xml_entities": 2.9798944993812573e-06,
    "REXMLUtilityNode typecast_value": 2.9798944993812573e-06,
    "REXMLUtilityNode to_hash": 2.9798944993812573e-06,
    "REXMLUtilityNode add_node": 2.9798944993812573e-06,
    "REXMLUtilityNode initialize": 2.9798944993812573e-06,
    "REXMLUtilityNode available_typecasts=": 2.9798944993812573e-06,
    "REXMLUtilityNode available_typecasts": 2.9798944993812573e-06,
    "REXMLUtilityNode typecasts=": 2.9798944993812573e-06,
    "REXMLUtilityNode typecasts": 2.9798944993812573e-06,
    "Crack JSON convert_json_to_yaml": 2.9798944993812573e-06,
    "Crack JSON unescape": 2.9798944993812573e-06,
    "Crack JSON parse": 3.4864805048705254e-06,
    "Hash to_xml_attributes": 2.9798944993812573e-06,
    "Hash normalize_param": 2.9798944993812573e-06,
    "Hash to_params": 2.9798944993812573e-06,
    "String snake_case": 2.9798944993812573e-06,
    "String blank?": 2.9798944993812573e-06,
    "FalseClass blank?": 2.9798944993812573e-06,
    "TrueClass blank?": 2.9798944993812573e-06,
    "NilClass blank?": 2.9798944993812573e-06,
    "Numeric blank?": 2.9798944993812573e-06,
    "Object blank?": 2.9798944993812573e-06,
    "REXMLUtilityNode unnormalize_xml_entities": 2.9798944993812573e-06,
    "Crack Util to_xml_attributes": 2.9798944993812573e-06,
    "Crack Util snake_case": 2.9798944993812573e-06,
    "Crack XML parser=": 2.9798944993812573e-06,
    "Crack REXMLParser parse": 2.9798944993812573e-06,
    "Crack JSON parser_exceptions": 2.9798944993812573e-06,
    "Crack JSON format_dates": 2.9798944993812573e-06
}