{
    "Date Infinity to_f": 2.9798944993812573e-06,
    "Date Infinity coerc": 2.9798944993812573e-06,
    "Date Infinity <=>": 2.9798944993812573e-06,
    "Date Infinity +@": 2.9798944993812573e-06,
    "Date Infinity -@": 2.9798944993812573e-06,
    "Date Infinity abs": 2.9798944993812573e-06,
    "Date Infinity nan?": 2.9798944993812573e-06,
    "Date Infinity infinite?": 2.9798944993812573e-06,
    "Date Infinity finite?": 2.9798944993812573e-06,
    "Date Infinity zero?": 2.9798944993812573e-06,
    "Date Infinity": 2.9798944993812573e-06,
    "Date Infinity initializ": 2.9798944993812573e-06,
    "Date infinite?": 2.9798944993812573e-06
}