{
    "TaskList Item complete?": 2.9798944993812573e-06,
    "TaskList summary": 2.9798944993812573e-06,
    "TaskList initializ": 2.9798944993812573e-06,
    "TaskList Summary incomplete_coun": 2.9798944993812573e-06,
    "TaskList Summary complete_coun": 2.9798944993812573e-06,
    "TaskList Summary item_coun": 2.9798944993812573e-06,
    "TaskList Summary items?": 2.9798944993812573e-06,
    "TaskList asset_path": 2.9798944993812573e-06,
    "TaskList root_path": 2.9798944993812573e-06,
    "TaskList F": 2.9798944993812573e-06,
    "TaskList Filter filter!": 2.9798944993812573e-06,
    "TaskList Filter list_item": 2.9798944993812573e-06,
    "TaskList Filter render_task_list_item": 2.9798944993812573e-06,
    "TaskList Filter render_item_checkbox": 2.9798944993812573e-06,
    "TaskList Filter task_list_item": 2.9798944993812573e-06,
    "TaskList Filter XPathSelectorFunction task_list_item": 2.9798944993812573e-06,
    "TaskList f": 2.9798944993812573e-06,
    "TaskList Filter item_contain": 2.9798944993812573e-06,
    "TaskList Filter checkbox_attribu": 2.9798944993812573e-06
}