{
    "Declarative Variables Appen": 2.9798944993812573e-06,
    "Declarative Variables Merg": 2.9798944993812573e-06,
    "Declarative Variables merg": 2.9798944993812573e-06,
    "Declarative Inspect g": 2.9798944993812573e-06,
    "Declarative Inspect insp": 2.9798944993812573e-06,
    "Declarative Inspect Schema insp": 2.9798944993812573e-06,
    "Declarative Insp": 2.9798944993812573e-06,
    "Declarative Schema Feature register_featu": 2.9798944993812573e-06,
    "Declarative Schema Feature featu": 2.9798944993812573e-06,
    "Declarative Schema DSL wrap_arrays_from_block": 2.9798944993812573e-06,
    "Declarative Schema DSL nested_bu": 2.9798944993812573e-06,
    "Declarative Schema DSL _defaults": 2.9798944993812573e-06,
    "Declarative Schema DSL build_definition": 2.9798944993812573e-06,
    "Declarative Schema DSL definition_class": 2.9798944993812573e-06,
    "Declarative Schema DSL definitions": 2.9798944993812573e-06,
    "Declarative Schema DSL defaults": 2.9798944993812573e-06,
    "Declarative Schema DSL property": 2.9798944993812573e-06,
    "Declarative Schema exten": 2.9798944993812573e-06,
    "Declarative Heritage Included inclu": 2.9798944993812573e-06,
    "Declarative Heritage Inherited inh": 2.9798944993812573e-06,
    "Declarative Heritage DSL heritag": 2.9798944993812573e-06,
    "Declarative Heritage call!": 2.9798944993812573e-06,
    "Declarative Heritag": 2.9798944993812573e-06,
    "Declarative Heritage reco": 2.9798944993812573e-06,
    "Declarative Definitions build_nes": 2.9798944993812573e-06,
    "Declarative Definitions g": 2.9798944993812573e-06,
    "Declarative Definitions": 2.9798944993812573e-06,
    "Declarative Definitions each": 2.9798944993812573e-06,
    "Declarative Definitions initializ": 2.9798944993812573e-06,
    "Declarative Definitions Definition merg": 2.9798944993812573e-06,
    "Declarative Definitions Definition merge!": 2.9798944993812573e-06,
    "Declarative Definitions Definition []": 2.9798944993812573e-06,
    "Declarative Definitions Definition initializ": 2.9798944993812573e-06,
    "Declarative Defaults wrap_arrays": 2.9798944993812573e-06,
    "Declarative Defaults handle_array_and_dep": 2.9798944993812573e-06,
    "Declarative Defaults": 2.9798944993812573e-06,
    "Declarative Defaults merge!": 2.9798944993812573e-06,
    "Declarative Defaults initializ": 2.9798944993812573e-06,
    "Declarative DeepDup dup_items": 2.9798944993812573e-06,
    "Declarative DeepDup": 2.9798944993812573e-06,
    "Declarative Inheritance inclu": 2.9798944993812573e-06,
    "Declarative DSL heritag": 2.9798944993812573e-06,
    "Declarative Schema Heritage inh": 2.9798944993812573e-06,
    "Declarative Schema Heritage heritag": 2.9798944993812573e-06,
    "Declarative Defaults dynamic_options": 2.9798944993812573e-06,
    "Declarative Defaults Merg": 2.9798944993812573e-06
}