{
    "Base DeepC": 2.9798944993812573e-06,
    "Base DeepCloneable Dup du": 2.9798944993812573e-06,
    "Base DeepCloneable perform_validations": 2.9798944993812573e-06,
    "Base DeepCloneable dup_join_associati": 2.9798944993812573e-06,
    "Base DeepCloneable dup_has_and_belongs_to_many_associati": 2.9798944993812573e-06,
    "Base DeepCloneable dup_has_many_through": 2.9798944993812573e-06,
    "Base DeepCloneable dup_has_many_associati": 2.9798944993812573e-06,
    "Base DeepCloneable dup_has_one_associati": 2.9798944993812573e-06,
    "Base DeepCloneable dup_belongs_to_associati": 2.9798944993812573e-06,
    "Base DeepCloneable du": 2.9798944993812573e-06,
    "Base DeepCloneable dup_has_many_through_associati": 2.9798944993812573e-06,
    "Base DeepCloneable evaluate_conditions": 2.9798944993812573e-06,
    "Base DeepCloneable find_in_dict_or_du": 2.9798944993812573e-06,
    "Base DeepCloneable dup_default_attribute_value_t": 2.9798944993812573e-06,
    "Base DeepCloneable normalized_includes_list": 2.9798944993812573e-06,
    "Base DeepCloneable array_wr": 2.9798944993812573e-06,
    "Base DeepCloneable process_joined_object_for": 2.9798944993812573e-06,
    "Base DeepCloneable deep_cloneable_objects_for": 2.9798944993812573e-06,
    "Base DeepCloneable deep_cloneable_object_for": 2.9798944993812573e-06,
    "Base DeepCloneable find_reverse_associati": 2.9798944993812573e-06,
    "Base DeepCloneable dup_has_one_through_associati": 2.9798944993812573e-06,
    "Base DeepCloneable find_in_dictionary_or_du": 2.9798944993812573e-06,
    "DeepCloneable SkipValidations perform_validations": 2.9798944993812573e-06,
    "DeepCloneable DeepClone normalized_includes_list": 2.9798944993812573e-06,
    "DeepCloneable DeepClone dup_default_attribute_value_t": 2.9798944993812573e-06,
    "DeepCloneable DeepClone evaluate_conditions": 2.9798944993812573e-06,
    "DeepCloneable DeepClone process_joined_object_for": 2.9798944993812573e-06,
    "DeepCloneable DeepClone deep_cloneable_objects_for": 2.9798944993812573e-06,
    "DeepCloneable DeepClone deep_cloneable_object_for": 2.9798944993812573e-06,
    "DeepCloneable DeepClone find_reverse_associati": 2.9798944993812573e-06,
    "DeepCloneable DeepClone dup_has_and_belongs_to_many_associati": 2.9798944993812573e-06,
    "DeepCloneable DeepClone dup_has_many_through_associati": 2.9798944993812573e-06,
    "DeepCloneable DeepClone dup_has_one_through_associati": 2.9798944993812573e-06,
    "DeepCloneable DeepClone dup_has_many_associati": 2.9798944993812573e-06,
    "DeepCloneable DeepClone dup_has_one_associati": 2.9798944993812573e-06,
    "DeepCloneable DeepClone dup_belongs_to_associati": 2.9798944993812573e-06,
    "DeepCloneable DeepClone find_in_dictionary_or_du": 2.9798944993812573e-06,
    "DeepCloneable DeepC": 2.9798944993812573e-06
}