{
    "DescendantsTracker inheri": 2.9798944993812573e-06,
    "DescendantsT": 2.9798944993812573e-06,
    "DescendantsTracker setup": 2.9798944993812573e-06,
    "DescendantsTracker ex": 2.9798944993812573e-06
}