{
    "DomainN": 2.9798944993812573e-06,
    "DomainName normaliz": 2.9798944993812573e-06,
    "DomainName inspect": 2.9798944993812573e-06,
    "DomainName to_s": 2.9798944993812573e-06,
    "DomainName ==": 4.246359513104428e-06,
    "DomainName cookie_domain?": 5.090669522253209e-06,
    "DomainName initializ": 1.1717296829984533e-05,
    "DomainName canonical?": 2.9798944993812573e-06,
    "DomainName canonical_tld?": 2.9798944993812573e-06,
    "DomainName ipaddr?": 2.9798944993812573e-06,
    "DomainName Punycode encode_host": 2.9798944993812573e-06,
    "DomainName Punycode enc": 2.9798944993812573e-06,
    "DomainName Punycode encode_digit": 2.9798944993812573e-06,
    "DomainName etld_dat": 2.9798944993812573e-06,
    "DomainName >=": 2.9798944993812573e-06,
    "DomainName <=": 2.9798944993812573e-06,
    "DomainName >": 2.9798944993812573e-06,
    "DomainName <": 2.9798944993812573e-06,
    "DomainName <=>": 2.9798944993812573e-06,
    "DomainName Punycode decode_host": 2.9798944993812573e-06,
    "DomainName Punycode dec": 2.9798944993812573e-06,
    "DomainName Punycode decode_digit": 2.9798944993812573e-06,
    "DomainName super": 2.9798944993812573e-06,
    "DomainName tl": 2.9798944993812573e-06,
    "DomainName host": 2.9798944993812573e-06
}