{
    "Dry Inflector underscoriz": 2.9798944993812573e-06,
    "Dry Inflector uncountable?": 2.9798944993812573e-06,
    "Dry Inflector unders": 2.9798944993812573e-06,
    "Dry Inflector tableiz": 2.9798944993812573e-06,
    "Dry Inflector singulariz": 2.9798944993812573e-06,
    "Dry Inflector pluraliz": 2.9798944993812573e-06,
    "Dry Inflector ordinaliz": 2.9798944993812573e-06,
    "Dry Inflector foreign_k": 2.9798944993812573e-06,
    "Dry Inflector humaniz": 2.9798944993812573e-06,
    "Dry Inflector demoduliz": 2.9798944993812573e-06,
    "Dry Inflector dasheriz": 2.9798944993812573e-06,
    "Dry Inflector class": 2.9798944993812573e-06,
    "Dry Inflector constantiz": 2.9798944993812573e-06,
    "Dry Inflector cameliz": 2.9798944993812573e-06,
    "Dry Inflector initializ": 5.512824526827599e-06,
    "Dry Inflector Rules each": 2.9798944993812573e-06,
    "Dry Inflector Rules ins": 2.9798944993812573e-06,
    "Dry Inflector Rules apply_": 2.9798944993812573e-06,
    "Dry Inflector Rules initializ": 2.9798944993812573e-06,
    "Dry Inflector Inflections ru": 2.9798944993812573e-06,
    "Dry Inflector Inflections add_irregula": 2.9798944993812573e-06,
    "Dry Inflector Inflections huma": 2.9798944993812573e-06,
    "Dry Inflector Inflections uncountab": 2.9798944993812573e-06,
    "Dry Inflector Inflections irregula": 2.9798944993812573e-06,
    "Dry Inflector Inflections singula": 2.9798944993812573e-06,
    "Dry Inflector Inflections plura": 2.9798944993812573e-06,
    "Dry Inflector Inflections initializ": 2.9798944993812573e-06,
    "Dry Inflector Inflections bu": 2.9798944993812573e-06,
    "Dry Inflector Inflections Defaults uncountab": 2.9798944993812573e-06,
    "Dry Inflector Inflections Defaults irregula": 2.9798944993812573e-06,
    "Dry Inflector Inflections Defaults singula": 2.9798944993812573e-06,
    "Dry Inflector Inflections Defaults plura": 2.9798944993812573e-06,
    "Dry Inflector Inflections Defaults ca": 2.9798944993812573e-06,
    "Dry Inflector Inflections acronym": 2.9798944993812573e-06,
    "Dry Inflector Inflections Defaults acronyms": 2.9798944993812573e-06,
    "Dry Inflector Acronyms define_regex_patterns": 2.9798944993812573e-06,
    "Dry Inflector Acronyms a": 2.9798944993812573e-06,
    "Dry Inflector Acronyms apply_": 2.9798944993812573e-06,
    "Dry Inflector Acronyms initializ": 2.9798944993812573e-06,
    "Dry Inflector internal_cameliz": 2.9798944993812573e-06,
    "Dry Inflector to_s": 2.9798944993812573e-06,
    "Dry Inflector camelize_upp": 2.9798944993812573e-06,
    "Dry Inflector camelize_low": 2.9798944993812573e-06
}