{
    "Edmunds Vin basic": 2.9798944993812573e-06,
    "Edmunds Vin full": 2.9798944993812573e-06,
    "Edmunds Vin f": 2.9798944993812573e-06,
    "Edmunds Vin initializ": 2.9798944993812573e-06
}