{
    "EventMachine Socksify socks_method": 2.9798944993812573e-06,
    "EventMachine Socksify parse_socks_respon": 2.9798944993812573e-06,
    "EventMachine Socksify send_socks_connect_request": 2.9798944993812573e-06,
    "EventMachine Socksify send_socks_handsha": 2.9798944993812573e-06,
    "EventMachine Socksify proxy_receive_data": 2.9798944993812573e-06,
    "EventMachine S": 2.9798944993812573e-06,
    "EventMachine Socksify socks_receive_data": 2.9798944993812573e-06,
    "EventMachine Socksify socks_unh": 2.9798944993812573e-06,
    "EventMachine Socksify socks_h": 2.9798944993812573e-06,
    "EventMachine Socksify SOCKSError for_response_cod": 2.9798944993812573e-06,
    "EventMachine Socksify SOCKSError defin": 2.9798944993812573e-06,
    "EventMachine Socksify SOCKS5 socks_method": 2.9798944993812573e-06,
    "EventMachine Socksify SOCKS5 socks_parse_respon": 2.9798944993812573e-06,
    "EventMachine Socksify SOCKS5 socks_send_authentication": 2.9798944993812573e-06,
    "EventMachine Socksify SOCKS5 socks_send_connect_request": 2.9798944993812573e-06,
    "EventMachine Socksify SOCKS5 socks_send_handsha": 2.9798944993812573e-06,
    "trict_encode64": 5.512824526827599e-06,
    "EventMachine Connectify connect_receive_data": 2.9798944993812573e-06,
    "EventMachine Connectify connect_unh": 2.9798944993812573e-06,
    "EventMachine Connectify connect_h": 2.9798944993812573e-06,
    "EventMachine Connectify connect": 2.9798944993812573e-06,
    "EventMachine Connectify CONNECT connect_parse_respon": 2.9798944993812573e-06,
    "EventMachine Connectify CONNECT connect_send_handsha": 2.9798944993812573e-06
}