{
    "Huberry E": 2.9798944993812573e-06,
    "Huberry Encryptor d": 2.9798944993812573e-06,
    "E": 2.9798944993812573e-06,
    "Encryptor d": 2.9798944993812573e-06,
    "Encryptor default_options": 2.9798944993812573e-06,
    "Encryptor String decrypt!": 2.9798944993812573e-06,
    "Encryptor String d": 2.9798944993812573e-06,
    "Encryptor String encrypt!": 2.9798944993812573e-06,
    "Encryptor String": 2.9798944993812573e-06,
    "Encryptor Version to_s": 2.9798944993812573e-06,
    "Encryptor extract_auth_tag": 2.9798944993812573e-06,
    "Encryptor extract_cipher_tex": 2.9798944993812573e-06,
    "Encryptor encryption?": 2.9798944993812573e-06
}