{
    "Tilt ErubiTemplate precompiled": 2.9798944993812573e-06,
    "Tilt ErubiTemplate precompiled_postambl": 2.9798944993812573e-06,
    "Tilt ErubiTemplate precompiled_preambl": 2.9798944993812573e-06,
    "Tilt ErubiTemplate prepa": 2.9798944993812573e-06,
    "Erubi Engine add_cod": 2.9798944993812573e-06,
    "Erubi Engine add_text": 2.9798944993812573e-06,
    "Erubi Engine initializ": 3.824204508530037e-06,
    "Erubi h": 2.9798944993812573e-06,
    "Tilt ErubiTemplate precompiled_templat": 2.9798944993812573e-06,
    "Erubi Engine handl": 2.9798944993812573e-06,
    "Erubi CaptureEngine handl": 2.9798944993812573e-06,
    "Erubi CaptureEngine initializ": 2.9798944993812573e-06,
    "Erubi Buffer escap": 2.9798944993812573e-06,
    "Erubi Buffer new_buff": 2.9798944993812573e-06,
    "Erubi Buffer to_s": 2.9798944993812573e-06,
    "Erubi Buffer escape=": 2.9798944993812573e-06,
    "Erubi Buffer append=": 2.9798944993812573e-06,
    "Erubi Buffer before_append!": 2.9798944993812573e-06,
    "Erubi Buffer <<": 2.9798944993812573e-06,
    "Erubi Buffer buff": 2.9798944993812573e-06,
    "Erubi Buffer initializ": 2.9798944993812573e-06,
    "Erubi Engine add_postambl": 2.9798944993812573e-06,
    "Erubi Engine add_expression_result_escaped": 2.9798944993812573e-06,
    "Erubi Engine add_expression_result": 2.9798944993812573e-06,
    "Erubi Engine add_expression": 2.9798944993812573e-06,
    "Erubi CaptureEndEngine handl": 2.9798944993812573e-06,
    "Erubi CaptureEndEngine initializ": 2.9798944993812573e-06,
    "Erubi Engine terminate_expression": 2.9798944993812573e-06,
    "Erubi Engine with_buff": 2.9798944993812573e-06
}