{
    "Rack Utils escape_htm": 2.9798944993812573e-06,
    "Haml Helpers htm": 2.9798944993812573e-06,
    "ERB Util htm": 2.9798944993812573e-06,
    "CGI escapeHTML": 2.9798944993812573e-06,
    "ActionView Helpers JavaScriptHelper escape_javascr": 2.9798944993812573e-06,
    "Rack Utils un": 2.9798944993812573e-06,
    "Rack U": 2.9798944993812573e-06,
    "ERB Util url_encod": 2.9798944993812573e-06,
    "CGI un": 2.9798944993812573e-06,
    "CGI": 2.9798944993812573e-06,
    "EscapeUtils HtmlSafety _escape_htm": 2.9798944993812573e-06,
    "CGI unescapeHTML": 2.9798944993812573e-06,
    "URI un": 2.9798944993812573e-06,
    "URI": 2.9798944993812573e-06,
    "EscapeUtils html_secure=": 2.9798944993812573e-06,
    "EscapeUtils html_secur": 2.9798944993812573e-06,
    "Builder XmlB": 2.9798944993812573e-06,
    "EscapeUtils html_safe_string": 2.9798944993812573e-06,
    "EscapeUtils unescape_ur": 2.9798944993812573e-06,
    "EscapeUtils escape_ur": 2.9798944993812573e-06,
    "EscapeUtils unescape_htm": 2.9798944993812573e-06,
    "EscapeUtils escape_html_as_html_saf": 2.9798944993812573e-06,
    "EscapeUtils escape_htm": 2.9798944993812573e-06,
    "EscapeUtils escape_html_once_as_html_saf": 2.9798944993812573e-06,
    "EscapeUtils html_safe_string_class=": 2.9798944993812573e-06,
    "EscapeUtils HtmlSafety escape_on": 2.9798944993812573e-06,
    "EscapeUtils CGIHtmlSafety unescapeHTML": 2.9798944993812573e-06,
    "EscapeUtils CGIHtmlSafety escapeHTML": 2.9798944993812573e-06
}