{
    "ExpressionParser Token unknown?": 2.9798944993812573e-06,
    "ExpressionParser Token initializ": 2.9798944993812573e-06,
    "ExpressionParser Parser numb": 2.9798944993812573e-06,
    "ExpressionParser Parser fact": 2.9798944993812573e-06,
    "ExpressionParser P": 4.246359513104428e-06,
    "ExpressionParser Lexer revert": 2.9798944993812573e-06,
    "ExpressionParser Lexer get_next_tok": 2.9798944993812573e-06,
    "ExpressionParser Lexer initializ": 2.9798944993812573e-06
}