{
    "FactoryGirl Generators Base source": 2.9798944993812573e-06,
    "FactoryGirl Generators ModelGenerator create_fixture_file": 2.9798944993812573e-06,
    "FactoryGirl Generators Base explicit_class_option": 2.9798944993812573e-06,
    "FactoryGirl Generators ModelGenerator factory_girl_option": 2.9798944993812573e-06,
    "FactoryGirl Generators ModelGenerator gene": 2.9798944993812573e-06,
    "FactoryGirl Generators ModelGenerator filename_suffix": 2.9798944993812573e-06,
    "FactoryGirlRails Generators RSpecGenerator factory_girl_dire": 2.9798944993812573e-06,
    "FactoryGirlRails Generators RSpecGenerator fixture_replacement_settin": 2.9798944993812573e-06,
    "FactoryGirlRails Generators RSpecGenerator run": 2.9798944993812573e-06,
    "FactoryGirlRails Generators RSpecGenerator initialize": 2.9798944993812573e-06,
    "FactoryGirlRails Generators NullGenerator run": 2.9798944993812573e-06,
    "FactoryGirlRails Generators NullGenerator initialize": 2.9798944993812573e-06,
    "FactoryGirlRails Generators NonRSpecGenerator test_framework": 2.9798944993812573e-06,
    "FactoryGirlRails Generators NonRSpecGenerator run": 2.9798944993812573e-06,
    "FactoryGirlRails Generators NonRSpecGenerator initialize": 2.9798944993812573e-06,
    "FactoryGirlRails Generator rails_option": 2.9798944993812573e-06,
    "FactoryGirlRails Generator factory_girl_disabled?": 2.9798944993812573e-06,
    "FactoryGirlRails Generator test_framework": 2.9798944993812573e-06,
    "FactoryGirlRails Generator gene": 2.9798944993812573e-06,
    "FactoryGirlRails Generator run": 2.9798944993812573e-06,
    "FactoryGirlRails Generator initialize": 2.9798944993812573e-06,
    "FactoryGirl Generators ModelGenerator factory_attribute": 2.9798944993812573e-06,
    "FactoryGirl Generators ModelGenerator single_file_factory_definition": 2.9798944993812573e-06,
    "FactoryGirl Generators ModelGenerator factory_definition": 2.9798944993812573e-06,
    "FactoryGirl Generators ModelGenerator create_factory_file": 2.9798944993812573e-06,
    "FactoryGirl Generators ModelGenerator insert_factory_into_existing_file": 2.9798944993812573e-06,
    "FactoryGirl Generators ModelGenerator factories_file": 2.9798944993812573e-06,
    "FactoryGirl Generators ModelGenerator filename": 2.9798944993812573e-06
}