{
    "FactoryBot Generators Base explicit_class_option": 2.9798944993812573e-06,
    "FactoryBot Generators Base source": 2.9798944993812573e-06,
    "FactoryBot Generators ModelGenerator gene": 2.9798944993812573e-06,
    "FactoryBot Generators ModelGenerator factory_bot_option": 2.9798944993812573e-06,
    "FactoryBot Generators ModelGenerator filename_suffix": 2.9798944993812573e-06,
    "FactoryBot Generators ModelGenerator filename": 2.9798944993812573e-06,
    "FactoryBot Generators ModelGenerator factory_attribute": 2.9798944993812573e-06,
    "FactoryBot Generators ModelGenerator single_file_factory_definition": 2.9798944993812573e-06,
    "FactoryBot Generators ModelGenerator factory_definition": 2.9798944993812573e-06,
    "FactoryBot Generators ModelGenerator create_factory_file": 2.9798944993812573e-06,
    "FactoryBot Generators ModelGenerator insert_factory_into_existing_file": 2.9798944993812573e-06,
    "FactoryBot Generators ModelGenerator factories_file": 2.9798944993812573e-06,
    "FactoryBot Generators ModelGenerator create_fixture_file": 2.9798944993812573e-06,
    "FactoryBotRails Generators RSpecGenerator factory_bot_dire": 2.9798944993812573e-06,
    "FactoryBotRails Generators RSpecGenerator fixture_replacement_setting": 2.9798944993812573e-06,
    "FactoryBotRails Generators RSpecGenerator run": 2.9798944993812573e-06,
    "FactoryBotRails Generators RSpecGenerator initialize": 2.9798944993812573e-06,
    "FactoryBotRails Generators NullGenerator run": 2.9798944993812573e-06,
    "FactoryBotRails Generators NullGenerator initialize": 2.9798944993812573e-06,
    "FactoryBotRails Generators NonRSpecGenerator test_framework": 2.9798944993812573e-06,
    "FactoryBotRails Generators NonRSpecGenerator run": 2.9798944993812573e-06,
    "FactoryBotRails Generators NonRSpecGenerator initialize": 2.9798944993812573e-06,
    "FactoryBotRails Generator rails_option": 2.9798944993812573e-06,
    "FactoryBotRails Generator factory_bot_disabled?": 2.9798944993812573e-06,
    "FactoryBotRails Generator test_framework": 2.9798944993812573e-06,
    "FactoryBotRails Generator gene": 2.9798944993812573e-06,
    "FactoryBotRails Generator run": 2.9798944993812573e-06,
    "FactoryBotRails Generator initialize": 2.9798944993812573e-06,
    "FactoryBotRails Reloader register_reloade": 2.9798944993812573e-06,
    "FactoryBotRails Reloader reloade": 2.9798944993812573e-06,
    "FactoryBotRails Reloader build_reloade": 2.9798944993812573e-06,
    "FactoryBotRails Reloader run": 2.9798944993812573e-06,
    "FactoryBotRails Reloader initialize": 2.9798944993812573e-06,
    "FactoryBotRails Railtie definition_file_path": 2.9798944993812573e-06,
    "FactoryBotRails Generators RSpecGenerator factory_bot_option": 2.9798944993812573e-06,
    "FactoryBotRails DefinitionFilePaths initialize": 2.9798944993812573e-06,
    "FactoryBotRails DefinitionFilePaths file": 2.9798944993812573e-06,
    "FactoryBotRails DefinitionFilePaths directorie": 2.9798944993812573e-06,
    "FactoryBotRails DefinitionFilePaths any?": 2.9798944993812573e-06,
    "FactoryBot Generators Base factory_name": 2.9798944993812573e-06,
    "FactoryBotRails FactoryValidator rails_5_2_supp": 2.9798944993812573e-06,
    "FactoryBotRails FactoryValidator rails_6_0_supp": 2.9798944993812573e-06,
    "FactoryBotRails FactoryValidator validate_compiled": 2.9798944993812573e-06,
    "FactoryBotRails FactoryValidator run": 2.9798944993812573e-06,
    "FactoryBotRails FactoryValidator add_valid": 2.9798944993812573e-06,
    "FactoryBotRails FactoryValidator initialize": 2.9798944993812573e-06,
    "FactoryBotRails FactoryValidator ActiveRecordValidator validate!": 2.9798944993812573e-06
}