{
    "Faraday Mashify Middleware parse": 2.9798944993812573e-06,
    "Faraday Mashify Middleware on_complete": 2.9798944993812573e-06,
    "Faraday Mashify Middleware initialize": 2.9798944993812573e-06
}