{
    "Faye Redis with_lock": 2.9798944993812573e-06,
    "Faye Redis gc": 2.9798944993812573e-06,
    "Faye Redis get_current_tim": 2.9798944993812573e-06,
    "Faye Redis empty_queu": 2.9798944993812573e-06,
    "Faye Redis publish": 2.9798944993812573e-06,
    "Faye Redis unsubscrib": 2.9798944993812573e-06,
    "Faye Redis subscrib": 2.9798944993812573e-06,
    "Faye Redis ping": 2.9798944993812573e-06,
    "Faye Redis client_exist": 2.9798944993812573e-06,
    "Faye Redis after_destro": 2.9798944993812573e-06,
    "Faye Redis destroy_client": 2.9798944993812573e-06,
    "Faye Redis create_client": 2.9798944993812573e-06,
    "Faye Redis disconnect": 2.9798944993812573e-06,
    "Faye Redis init": 2.9798944993812573e-06,
    "Faye Redis initializ": 2.9798944993812573e-06,
    "Faye Redis creat": 2.9798944993812573e-06,
    "Faye Redis after_subscriptions_remov": 2.9798944993812573e-06
}