{
    "F": 2.9798944993812573e-06,
    "Filelock WaitTimeout messag": 2.9798944993812573e-06,
    "Filelock ExecTimeout messag": 2.9798944993812573e-06
}