{
    "Fog DNS Dnsimple Mock update_recor": 2.9798944993812573e-06,
    "Fog DNS Dnsimple Real update_recor": 2.9798944993812573e-06,
    "Fog DNS Dnsimple Mock list_recor": 2.9798944993812573e-06,
    "Fog DNS Dnsimple Real list_recor": 2.9798944993812573e-06,
    "Fog DNS Dnsimple Mock list_doma": 2.9798944993812573e-06,
    "Fog DNS Dnsimple Real list_doma": 2.9798944993812573e-06,
    "Fog DNS Dnsimple Mock get_recor": 2.9798944993812573e-06,
    "Fog DNS Dnsimple Real get_recor": 2.9798944993812573e-06,
    "Fog DNS Dnsimple Mock get_doma": 2.9798944993812573e-06,
    "Fog DNS Dnsimple Real get_doma": 2.9798944993812573e-06,
    "Fog DNS Dnsimple Mock delete_recor": 2.9798944993812573e-06,
    "Fog DNS Dnsimple Real delete_recor": 2.9798944993812573e-06,
    "Fog DNS Dnsimple Mock delete_doma": 2.9798944993812573e-06,
    "Fog DNS Dnsimple Real delete_doma": 2.9798944993812573e-06,
    "Fog DNS Dnsimple Mock create_recor": 2.9798944993812573e-06,
    "Fog DNS Dnsimple Real create_recor": 2.9798944993812573e-06,
    "Fog DNS Dnsimple Mock create_doma": 2.9798944993812573e-06,
    "Fog DNS Dnsimple Real create_doma": 2.9798944993812573e-06,
    "Fog DNS Dnsimple Zones get": 2.9798944993812573e-06,
    "Fog DNS Dnsimple Zones a": 2.9798944993812573e-06,
    "Fog DNS Dnsimple Zone sav": 2.9798944993812573e-06,
    "Fog DNS Dnsimple Zone nameserver": 2.9798944993812573e-06,
    "Fog DNS Dnsimple Zone recor": 2.9798944993812573e-06,
    "Fog DNS Dnsimple Zone destroy": 2.9798944993812573e-06,
    "Fog DNS Dnsimple Records new": 2.9798944993812573e-06,
    "Fog DNS Dnsimple Records get": 2.9798944993812573e-06,
    "Fog DNS Dnsimple Records a": 2.9798944993812573e-06,
    "Fog DNS Dnsimple Record zone=": 2.9798944993812573e-06,
    "Fog DNS Dnsimple Record sav": 2.9798944993812573e-06,
    "Fog DNS Dnsimple Record z": 2.9798944993812573e-06,
    "Fog DNS Dnsimple Record destroy": 2.9798944993812573e-06,
    "Fog DNS Dnsimple Record initializ": 2.9798944993812573e-06,
    "Fog DNS Dnsimple Real request": 2.9798944993812573e-06,
    "Fog DNS Dnsimple Real reloa": 2.9798944993812573e-06,
    "Fog DNS Dnsimple Real initializ": 2.9798944993812573e-06,
    "Fog DNS Dnsimple Mock reset_data": 2.9798944993812573e-06,
    "Fog DNS Dnsimple Mock data": 2.9798944993812573e-06,
    "Fog DNS Dnsimple Mock initializ": 2.9798944993812573e-06,
    "Fog DNS Dnsimple Mock reset": 2.9798944993812573e-06,
    "Dnsimple servic": 2.9798944993812573e-06,
    "Dnsimple []": 2.9798944993812573e-06,
    "Dnsimple class_for": 2.9798944993812573e-06,
    "Fog DNS Dnsimple Mock list_all_recor": 2.9798944993812573e-06,
    "Fog DNS Dnsimple Real list_all_recor": 2.9798944993812573e-06,
    "Fog DNS Dnsimple Mock list_all_doma": 2.9798944993812573e-06,
    "Fog DNS Dnsimple Real list_all_doma": 2.9798944993812573e-06,
    "Fog DNS Dnsimple Real paginat": 2.9798944993812573e-06
}