{
    "Fog Compute Serverlove Real raise_if_error!": 2.9798944993812573e-06,
    "Fog Compute Serverlove Real encode_pai": 2.9798944993812573e-06,
    "Fog Compute Serverlove Real request": 2.9798944993812573e-06,
    "Fog Compute Serverlove Real initializ": 2.9798944993812573e-06,
    "Fog Compute Serverlove Mock request": 2.9798944993812573e-06,
    "Fog Compute Serverlove Mock initializ": 2.9798944993812573e-06,
    "Fog Compute Serverlove Real update_": 2.9798944993812573e-06,
    "Fog Compute Serverlove Real update_ima": 2.9798944993812573e-06,
    "Fog Compute Serverlove Real stop_": 2.9798944993812573e-06,
    "Fog Compute Serverlove Real start_": 2.9798944993812573e-06,
    "Fog Compute Serverlove Real shutdown_": 2.9798944993812573e-06,
    "Fog Compute Serverlove Real reset_": 2.9798944993812573e-06,
    "Fog Compute Serverlove Real load_standard_ima": 2.9798944993812573e-06,
    "Fog Compute Serverlove Real get_": 2.9798944993812573e-06,
    "Fog Compute Serverlove Real get_ima": 2.9798944993812573e-06,
    "Fog Compute Serverlove Real destroy_": 2.9798944993812573e-06,
    "Fog Compute Serverlove Real destroy_ima": 2.9798944993812573e-06,
    "Fog Compute Serverlove Mock create_": 2.9798944993812573e-06,
    "Fog Compute Serverlove Real create_": 2.9798944993812573e-06,
    "Fog Compute Serverlove Mock create_ima": 2.9798944993812573e-06,
    "Fog Compute Serverlove Real create_ima": 2.9798944993812573e-06,
    "Fog Compute Serverlove PasswordGenerator generat": 2.9798944993812573e-06,
    "Fog Compute Serverlove Servers get": 2.9798944993812573e-06,
    "Fog Compute Serverlove Servers a": 2.9798944993812573e-06,
    "Fog Compute Serverlove Server default": 2.9798944993812573e-06,
    "Fog Compute Serverlove Server allowed_attribut": 2.9798944993812573e-06,
    "Fog Compute Serverlove Server destroy": 2.9798944993812573e-06,
    "Fog Compute Serverlove Server sa": 2.9798944993812573e-06,
    "Fog Compute Serverlove Images get": 2.9798944993812573e-06,
    "Fog Compute Serverlove Images a": 2.9798944993812573e-06,
    "Fog Compute Serverlove Image allowed_attribut": 2.9798944993812573e-06,
    "Fog Compute Serverlove Image destroy": 2.9798944993812573e-06,
    "Fog Compute Serverlove Image ready?": 2.9798944993812573e-06,
    "Fog Compute Serverlove Image load_standard_ima": 2.9798944993812573e-06,
    "Fog Compute Serverlove Image sa": 2.9798944993812573e-06,
    "Serverlove servic": 4.246359513104428e-06,
    "Serverlove []": 2.9798944993812573e-06,
    "Serverlove class_": 2.9798944993812573e-06
}