{
    "Fog Xml SAXParserConnection request": 2.9798944993812573e-06,
    "Fog Xml Connection request": 2.9798944993812573e-06,
    "Fog XML SAXParserConnection request": 2.9798944993812573e-06,
    "Fog XML Connection request": 5.597255527742478e-06,
    "Fog ToHashDocument start_element": 2.9798944993812573e-06,
    "Fog ToHashDocument response": 2.9798944993812573e-06,
    "Fog ToHashDocument body": 1.8177474664059308e-05,
    "Fog ToHashDocument end_element": 2.9798944993812573e-06,
    "Fog ToHashDocument characters": 2.9798944993812573e-06,
    "Fog ToHashDocument initialize": 0.0005108323650023726,
    "Fog Parsers Base value": 2.9798944993812573e-06,
    "Fog Parsers Base start_element": 2.9798944993812573e-06,
    "Fog Parsers Base end_element_namespace": 2.9798944993812573e-06,
    "Fog Parsers Base start_element_namespace": 2.9798944993812573e-06,
    "Fog Parsers Base characters": 2.9798944993812573e-06,
    "Fog Parsers Base reset": 2.9798944993812573e-06,
    "Fog Parsers Base attr_value": 2.9798944993812573e-06,
    "Fog Parsers Base initialize": 0.0013676381622865622,
    "Fog XML Response finish": 2.9798944993812573e-06,
    "Fog XML Response rewind": 2.9798944993812573e-06,
    "Fog XML Response ca": 2.9798944993812573e-06,
    "Fog XML Response initialize": 2.9798944993812573e-06
}