{
    "Fog RiakCS Utils riakcs_u": 2.9798944993812573e-06,
    "Fog RiakCS Utils configure_uri_option": 2.9798944993812573e-06,
    "Fog RiakCS UserUtils update_mock_use": 2.9798944993812573e-06,
    "Fog RiakCS UserUtils update_riakcs_use": 2.9798944993812573e-06,
    "Fog RiakCS Usage Real initialize": 2.9798944993812573e-06,
    "Fog RiakCS Usage Mock reset_dat": 2.9798944993812573e-06,
    "Fog RiakCS Usage Mock dat": 2.9798944993812573e-06,
    "Fog RiakCS Usage Mock initialize": 2.9798944993812573e-06,
    "Fog RiakCS Usage Mock reset": 2.9798944993812573e-06,
    "Fog RiakCS Usage Mock get_usage": 2.9798944993812573e-06,
    "Fog RiakCS Usage Real get_usage": 2.9798944993812573e-06,
    "Fog RiakCS Usage Utils request_u": 2.9798944993812573e-06,
    "Fog RiakCS Usage Utils format_and_types_to_path": 2.9798944993812573e-06,
    "Fog RiakCS Usage Utils sanitize_and_convert_time": 2.9798944993812573e-06,
    "Fog RiakCS Provisioning Real request": 2.9798944993812573e-06,
    "Fog RiakCS Provisioning Real initialize": 2.9798944993812573e-06,
    "Fog RiakCS Provisioning Mock reset_dat": 2.9798944993812573e-06,
    "Fog RiakCS Provisioning Mock dat": 2.9798944993812573e-06,
    "Fog RiakCS Provisioning Mock initialize": 2.9798944993812573e-06,
    "Fog RiakCS Provisioning Mock reset": 2.9798944993812573e-06,
    "Fog RiakCS Provisioning Mock update_use": 2.9798944993812573e-06,
    "Fog RiakCS Provisioning Real update_use": 2.9798944993812573e-06,
    "Fog RiakCS Provisioning Mock regrant_secret": 2.9798944993812573e-06,
    "Fog RiakCS Provisioning Real regrant_secret": 2.9798944993812573e-06,
    "Fog RiakCS Provisioning Mock list_use": 2.9798944993812573e-06,
    "Fog RiakCS Provisioning Real list_use": 2.9798944993812573e-06,
    "Fog RiakCS Provisioning Mock get_use": 2.9798944993812573e-06,
    "Fog RiakCS Provisioning Real get_use": 2.9798944993812573e-06,
    "Fog RiakCS Provisioning Mock enable_use": 2.9798944993812573e-06,
    "Fog RiakCS Provisioning Real enable_use": 2.9798944993812573e-06,
    "Fog RiakCS Provisioning Mock disable_use": 2.9798944993812573e-06,
    "Fog RiakCS Provisioning Real disable_use": 2.9798944993812573e-06,
    "Fog RiakCS Provisioning Mock create_use": 2.9798944993812573e-06,
    "Fog RiakCS Provisioning Mock user_exists?": 2.9798944993812573e-06,
    "Fog RiakCS Provisioning Mock invalid_email?": 2.9798944993812573e-06,
    "Fog RiakCS Provisioning Real create_use": 2.9798944993812573e-06,
    "Fog RiakCS MultipartUtils parse_multipart_section": 2.9798944993812573e-06,
    "Fog RiakCS MultipartUtils inner_boundary_regex": 2.9798944993812573e-06,
    "Fog RiakCS MultipartUtils end_boundary_regex": 2.9798944993812573e-06,
    "Fog RiakCS MultipartUtils extract_boundary": 2.9798944993812573e-06,
    "Fog RiakCS MultipartUtils parse": 2.9798944993812573e-06,
    "Fog RiakCS MultipartUtils Headers parse": 2.9798944993812573e-06,
    "Fog RiakCS MultipartUtils Headers initialize": 2.9798944993812573e-06,
    "RiakCS service": 4.246359513104428e-06,
    "RiakCS []": 2.9798944993812573e-06,
    "RiakCS class_": 2.9798944993812573e-06
}