{
    "Fog Compute Vmfusion Real initialize": 2.9798944993812573e-06,
    "Fog Compute Vmfusion Mock initialize": 2.9798944993812573e-06,
    "Fog Compute Vmfusion Servers get": 2.9798944993812573e-06,
    "Fog Compute Vmfusion Servers all": 2.9798944993812573e-06,
    "Fog Compute Vmfusion Server raw=": 2.9798944993812573e-06,
    "Fog Compute Vmfusion Server raw": 2.9798944993812573e-06,
    "Fog Compute Vmfusion Server mac": 2.9798944993812573e-06,
    "Fog Compute Vmfusion Server ip": 2.9798944993812573e-06,
    "Fog Compute Vmfusion Server setup": 2.9798944993812573e-06,
    "Fog Compute Vmfusion Server scp": 2.9798944993812573e-06,
    "Fog Compute Vmfusion Server ssh": 2.9798944993812573e-06,
    "Fog Compute Vmfusion Server mac_addresse": 2.9798944993812573e-06,
    "Fog Compute Vmfusion Server state": 2.9798944993812573e-06,
    "Fog Compute Vmfusion Server private_ip_addre": 2.9798944993812573e-06,
    "Fog Compute Vmfusion Server public_ip_addre": 2.9798944993812573e-06,
    "Fog Compute Vmfusion Server ipaddre": 2.9798944993812573e-06,
    "Fog Compute Vmfusion Server path": 2.9798944993812573e-06,
    "Fog Compute Vmfusion Server ready?": 2.9798944993812573e-06,
    "Fog Compute Vmfusion Server power_state": 2.9798944993812573e-06,
    "Fog Compute Vmfusion Server suspend": 2.9798944993812573e-06,
    "Fog Compute Vmfusion Server resume": 2.9798944993812573e-06,
    "Fog Compute Vmfusion Server reboot": 2.9798944993812573e-06,
    "Fog Compute Vmfusion Server shutdow": 2.9798944993812573e-06,
    "Fog Compute Vmfusion Server power": 2.9798944993812573e-06,
    "Fog Compute Vmfusion Server halt": 2.9798944993812573e-06,
    "Fog Compute Vmfusion Server stop": 2.9798944993812573e-06,
    "Fog Compute Vmfusion Server start": 2.9798944993812573e-06,
    "Fog Compute Vmfusion Server destroy": 2.9798944993812573e-06,
    "Fog Compute Vmfusion Server clone": 2.9798944993812573e-06,
    "Fog Compute Vmfusion Server save": 2.9798944993812573e-06,
    "Vmfusion service": 4.246359513104428e-06,
    "Vmfusion collect": 2.9798944993812573e-06,
    "Vmfusion available?": 2.9798944993812573e-06,
    "Vmfusion []": 2.9798944993812573e-06,
    "Vmfusion class_for": 2.9798944993812573e-06
}