{
    "Fog DNS PowerDNS Real update_z": 2.9798944993812573e-06,
    "Fog DNS PowerDNS Real update_server_confi": 2.9798944993812573e-06,
    "Fog DNS PowerDNS Real update_rrset": 2.9798944993812573e-06,
    "Fog DNS PowerDNS Real search_l": 2.9798944993812573e-06,
    "Fog DNS PowerDNS Real retrieve_z": 2.9798944993812573e-06,
    "Fog DNS PowerDNS Real notify_z": 2.9798944993812573e-06,
    "Fog DNS PowerDNS Real list_z": 2.9798944993812573e-06,
    "Fog DNS PowerDNS Real list_serv": 2.9798944993812573e-06,
    "Fog DNS PowerDNS Real list_server_confi": 2.9798944993812573e-06,
    "Fog DNS PowerDNS Real list_cryptokey": 2.9798944993812573e-06,
    "Fog DNS PowerDNS Real get_z": 2.9798944993812573e-06,
    "Fog DNS PowerDNS Real get_server_stat": 2.9798944993812573e-06,
    "Fog DNS PowerDNS Real get_server_confi": 2.9798944993812573e-06,
    "Fog DNS PowerDNS Real get_serv": 2.9798944993812573e-06,
    "Fog DNS PowerDNS Real get_cryptokey": 2.9798944993812573e-06,
    "Fog DNS PowerDNS Real delete_z": 2.9798944993812573e-06,
    "Fog DNS PowerDNS Real create_z": 2.9798944993812573e-06,
    "Fog DNS PowerDNS Zones get": 2.9798944993812573e-06,
    "Fog DNS PowerDNS Zones all": 2.9798944993812573e-06,
    "Fog DNS PowerDNS Zone sav": 2.9798944993812573e-06,
    "Fog DNS PowerDNS Zone rec": 2.9798944993812573e-06,
    "Fog DNS PowerDNS Zone destroy": 2.9798944993812573e-06,
    "Fog DNS PowerDNS Records all": 2.9798944993812573e-06,
    "Fog DNS PowerDNS Record destroy": 2.9798944993812573e-06,
    "Fog DNS PowerDNS Record domai": 2.9798944993812573e-06,
    "Fog DNS PowerDNS Record initializ": 2.9798944993812573e-06,
    "Fog DNS PowerDNS Real request": 2.9798944993812573e-06,
    "Fog DNS PowerDNS Real reloa": 2.9798944993812573e-06,
    "Fog DNS PowerDNS Real initializ": 2.9798944993812573e-06,
    "PowerDNS servic": 2.9798944993812573e-06,
    "PowerDNS []": 2.9798944993812573e-06,
    "PowerDNS class_": 2.9798944993812573e-06
}