{
    "Fog Storage Atmos Real reque": 2.9798944993812573e-06,
    "Fog Storage Atmos Real reload": 2.9798944993812573e-06,
    "Fog Storage Atmos Real sign": 2.9798944993812573e-06,
    "Fog Storage Atmos Real uid": 2.9798944993812573e-06,
    "Fog Storage Atmos Real initialize": 2.9798944993812573e-06,
    "Fog Storage Atmos Mock reque": 2.9798944993812573e-06,
    "Fog Storage Atmos Mock initialize": 2.9798944993812573e-06,
    "Fog Storage Atmos Utils setup_credential": 2.9798944993812573e-06,
    "Fog Storage Atmos Utils api_path": 2.9798944993812573e-06,
    "Fog Storage Atmos Utils h": 2.9798944993812573e-06,
    "Fog Storage Atmos Utils por": 2.9798944993812573e-06,
    "Fog Storage Atmos Utils ssl?": 2.9798944993812573e-06,
    "Fog Storage Atmos Real put_namespace": 2.9798944993812573e-06,
    "Fog Storage Atmos Real post_namespace": 2.9798944993812573e-06,
    "Fog Storage Atmos Real head_namespace": 2.9798944993812573e-06,
    "Fog Storage Atmos Real get_namespace": 2.9798944993812573e-06,
    "Fog Storage Atmos Real delete_namespace": 2.9798944993812573e-06,
    "Fog Storage Atmos Files new": 2.9798944993812573e-06,
    "Fog Storage Atmos Files head": 2.9798944993812573e-06,
    "Fog Storage Atmos Files get_url": 2.9798944993812573e-06,
    "Fog Storage Atmos Files ge": 2.9798944993812573e-06,
    "Fog Storage Atmos Files all": 2.9798944993812573e-06,
    "Fog Storage Atmos File directory=": 2.9798944993812573e-06,
    "Fog Storage Atmos File save": 2.9798944993812573e-06,
    "Fog Storage Atmos File public_url": 2.9798944993812573e-06,
    "Fog Storage Atmos File public=": 2.9798944993812573e-06,
    "Fog Storage Atmos File file_size": 2.9798944993812573e-06,
    "Fog Storage Atmos File meta_d": 2.9798944993812573e-06,
    "Fog Storage Atmos File destroy": 2.9798944993812573e-06,
    "Fog Storage Atmos File copy": 2.9798944993812573e-06,
    "Fog Storage Atmos File directory": 2.9798944993812573e-06,
    "Fog Storage Atmos File body=": 2.9798944993812573e-06,
    "Fog Storage Atmos File body": 2.9798944993812573e-06,
    "Fog Storage Atmos Directory destroy": 2.9798944993812573e-06,
    "Fog Storage Atmos Directory save": 2.9798944993812573e-06,
    "Fog Storage Atmos Directory directorie": 2.9798944993812573e-06,
    "Fog Storage Atmos Directory file": 2.9798944993812573e-06,
    "Fog Storage Atmos Directories new": 2.9798944993812573e-06,
    "Fog Storage Atmos Directories ge": 2.9798944993812573e-06,
    "Fog Storage Atmos Directories all": 2.9798944993812573e-06,
    "Atmos service": 4.246359513104428e-06,
    "Atmos []": 2.9798944993812573e-06,
    "Atmos class_for": 2.9798944993812573e-06
}