{
    "Fog Voxel create_signatur": 2.9798944993812573e-06,
    "Fog Parsers Compute Voxel VoxcloudStatus end_element": 2.9798944993812573e-06,
    "Fog Parsers Compute Voxel VoxcloudStatus start_element": 2.9798944993812573e-06,
    "Fog Parsers Compute Voxel VoxcloudStatus reset": 2.9798944993812573e-06,
    "Fog Parsers Compute Voxel VoxcloudDelete start_element": 2.9798944993812573e-06,
    "Fog Parsers Compute Voxel VoxcloudDelete reset": 2.9798944993812573e-06,
    "Fog Parsers Compute Voxel VoxcloudCreate end_element": 2.9798944993812573e-06,
    "Fog Parsers Compute Voxel VoxcloudCreate start_element": 2.9798944993812573e-06,
    "Fog Parsers Compute Voxel VoxcloudCreate reset": 2.9798944993812573e-06,
    "Fog Parsers Compute Voxel ImagesList end_element": 2.9798944993812573e-06,
    "Fog Parsers Compute Voxel ImagesList start_element": 2.9798944993812573e-06,
    "Fog Parsers Compute Voxel ImagesList reset": 2.9798944993812573e-06,
    "Fog Parsers Compute Voxel DevicesList end_element": 2.9798944993812573e-06,
    "Fog Parsers Compute Voxel DevicesList start_element": 2.9798944993812573e-06,
    "Fog Parsers Compute Voxel DevicesList reset": 2.9798944993812573e-06,
    "Fog Parsers Compute Voxel Basic start_element": 2.9798944993812573e-06,
    "Fog Parsers Compute Voxel Basic reset": 2.9798944993812573e-06,
    "Fog Compute Voxel Real create_signatur": 2.9798944993812573e-06,
    "Fog Compute Voxel Real request": 2.9798944993812573e-06,
    "Fog Compute Voxel Real initializ": 2.9798944993812573e-06,
    "Fog Compute Voxel Mock reset_data": 2.9798944993812573e-06,
    "Fog Compute Voxel Mock data": 2.9798944993812573e-06,
    "Fog Compute Voxel Mock initializ": 2.9798944993812573e-06,
    "Fog Compute Voxel Mock reset": 2.9798944993812573e-06,
    "Fog Compute Voxel Servers get": 2.9798944993812573e-06,
    "Fog Compute Voxel Servers a": 2.9798944993812573e-06,
    "Fog Compute Voxel Server sa": 2.9798944993812573e-06,
    "Fog Compute Voxel Server stat": 2.9798944993812573e-06,
    "Fog Compute Voxel Server reboot": 2.9798944993812573e-06,
    "Fog Compute Voxel Server public_ip_address": 2.9798944993812573e-06,
    "Fog Compute Voxel Server private_ip_address": 2.9798944993812573e-06,
    "Fog Compute Voxel Server ready?": 2.9798944993812573e-06,
    "Fog Compute Voxel Server ima": 2.9798944993812573e-06,
    "Fog Compute Voxel Server destroy": 2.9798944993812573e-06,
    "Fog Compute Voxel Server initializ": 2.9798944993812573e-06,
    "Fog Compute Voxel Real voxcloud_status": 2.9798944993812573e-06,
    "Fog Compute Voxel Real voxcloud_delet": 2.9798944993812573e-06,
    "Fog Compute Voxel Real voxcloud_creat": 2.9798944993812573e-06,
    "Fog Compute Voxel Real images_list": 2.9798944993812573e-06,
    "Fog Compute Voxel Real devices_power": 2.9798944993812573e-06,
    "Fog Compute Voxel Real devices_list": 2.9798944993812573e-06,
    "Fog Compute Voxel Images get": 2.9798944993812573e-06,
    "Fog Compute Voxel Images a": 2.9798944993812573e-06,
    "Voxel services": 4.246359513104428e-06,
    "Voxel []": 2.9798944993812573e-06,
    "Voxel class_for": 2.9798944993812573e-06
}