{
    "Fog Radosgw Usage Real initialize": 2.9798944993812573e-06,
    "Fog Radosgw Usage Mock reset_dat": 2.9798944993812573e-06,
    "Fog Radosgw Usage Mock dat": 2.9798944993812573e-06,
    "Fog Radosgw Usage Mock initialize": 2.9798944993812573e-06,
    "Fog Radosgw Usage Mock reset": 2.9798944993812573e-06,
    "Fog Radosgw Usage Mock get_usage": 2.9798944993812573e-06,
    "Fog Radosgw Usage Real get_usage": 2.9798944993812573e-06,
    "Fog Radosgw Usage Utils sanitize_and_convert_time": 2.9798944993812573e-06,
    "Fog Radosgw Provisioning Mock update_use": 2.9798944993812573e-06,
    "Fog Radosgw Provisioning Real update_use": 2.9798944993812573e-06,
    "Fog Radosgw Provisioning Mock list_use": 2.9798944993812573e-06,
    "Fog Radosgw Provisioning Real list_use": 2.9798944993812573e-06,
    "Fog Radosgw Provisioning Real list_user_i": 2.9798944993812573e-06,
    "Fog Radosgw Provisioning Mock get_use": 2.9798944993812573e-06,
    "Fog Radosgw Provisioning Real get_use": 2.9798944993812573e-06,
    "Fog Radosgw Provisioning Mock enable_use": 2.9798944993812573e-06,
    "Fog Radosgw Provisioning Real enable_use": 2.9798944993812573e-06,
    "Fog Radosgw Provisioning Mock disable_use": 2.9798944993812573e-06,
    "Fog Radosgw Provisioning Real disable_use": 2.9798944993812573e-06,
    "Fog Radosgw Provisioning Mock delete_use": 2.9798944993812573e-06,
    "Fog Radosgw Provisioning Mock user_exists?": 2.9798944993812573e-06,
    "Fog Radosgw Provisioning Real delete_use": 2.9798944993812573e-06,
    "Fog Radosgw Provisioning Mock create_use": 2.9798944993812573e-06,
    "Fog Radosgw Provisioning Real create_use": 2.9798944993812573e-06,
    "Fog Radosgw Provisioning Real request": 2.9798944993812573e-06,
    "Fog Radosgw Provisioning Real initialize": 2.9798944993812573e-06,
    "Fog Radosgw Provisioning Mock reset_dat": 2.9798944993812573e-06,
    "Fog Radosgw Provisioning Mock dat": 2.9798944993812573e-06,
    "Fog Radosgw Provisioning Mock initialize": 2.9798944993812573e-06,
    "Fog Radosgw Provisioning Mock reset": 2.9798944993812573e-06,
    "Fog Radosgw Utils signed_heade": 2.9798944993812573e-06,
    "Fog Radosgw Utils radosgw_uri": 2.9798944993812573e-06,
    "Fog Radosgw Utils configure_uri_option": 2.9798944993812573e-06,
    "Fog Radosgw UserUtils update_mock_use": 2.9798944993812573e-06,
    "Fog Radosgw UserUtils update_radosgw_use": 2.9798944993812573e-06,
    "Fog Radosgw MultipartUtils parse_multipart_section": 2.9798944993812573e-06,
    "Fog Radosgw MultipartUtils inner_boundary_regex": 2.9798944993812573e-06,
    "Fog Radosgw MultipartUtils end_boundary_regex": 2.9798944993812573e-06,
    "Fog Radosgw MultipartUtils extract_boundary": 2.9798944993812573e-06,
    "Fog Radosgw MultipartUtils parse": 2.9798944993812573e-06,
    "Fog Radosgw MultipartUtils Headers parse": 2.9798944993812573e-06,
    "Fog Radosgw MultipartUtils Headers initialize": 2.9798944993812573e-06,
    "Fog Radosgw Utils signature": 2.9798944993812573e-06,
    "Fog Radosgw Utils escape": 2.9798944993812573e-06
}