{
    "Fog JSON decode": 0.0005332065802448144,
    "Fog JSON encode": 0.003269826397398232,
    "Fog JSON sanitize": 9.312219567997112e-06
}