{
    "Fog Compute CloudAtCost Mock run_mode": 2.9798944993812573e-06,
    "Fog Compute CloudAtCost Real run_mode": 2.9798944993812573e-06,
    "Fog Compute CloudAtCost Mock reverse_dn": 2.9798944993812573e-06,
    "Fog Compute CloudAtCost Real reverse_dn": 2.9798944993812573e-06,
    "Fog Compute CloudAtCost Mock rese": 2.9798944993812573e-06,
    "Fog Compute CloudAtCost Real rese": 2.9798944993812573e-06,
    "Fog Compute CloudAtCost Mock rename_server": 2.9798944993812573e-06,
    "Fog Compute CloudAtCost Real rename_server": 2.9798944993812573e-06,
    "Fog Compute CloudAtCost Mock power_on": 2.9798944993812573e-06,
    "Fog Compute CloudAtCost Real power_on": 2.9798944993812573e-06,
    "Fog Compute CloudAtCost Mock power_": 2.9798944993812573e-06,
    "Fog Compute CloudAtCost Real power_": 2.9798944993812573e-06,
    "Fog Compute CloudAtCost Mock list_template": 2.9798944993812573e-06,
    "Fog Compute CloudAtCost Real list_template": 2.9798944993812573e-06,
    "Fog Compute CloudAtCost Mock list_task": 2.9798944993812573e-06,
    "Fog Compute CloudAtCost Real list_task": 2.9798944993812573e-06,
    "Fog Compute CloudAtCost Mock list_server": 2.9798944993812573e-06,
    "Fog Compute CloudAtCost Real list_server": 2.9798944993812573e-06,
    "Fog Compute CloudAtCost Mock delete_server": 2.9798944993812573e-06,
    "Fog Compute CloudAtCost Real delete_server": 2.9798944993812573e-06,
    "Fog Compute CloudAtCost Mock create_server": 2.9798944993812573e-06,
    "Fog Compute CloudAtCost Real create_server": 2.9798944993812573e-06,
    "Fog Compute CloudAtCost Mock console": 2.9798944993812573e-06,
    "Fog Compute CloudAtCost Real console": 2.9798944993812573e-06,
    "Fog Compute CloudAtCost Templates ge": 2.9798944993812573e-06,
    "Fog Compute CloudAtCost Template": 2.9798944993812573e-06,
    "Fog Compute CloudAtCost Tasks ge": 2.9798944993812573e-06,
    "Fog Compute CloudAtCost Task": 2.9798944993812573e-06,
    "Fog Compute CloudAtCost Servers ge": 2.9798944993812573e-06,
    "Fog Compute CloudAtCost Server": 2.9798944993812573e-06,
    "Fog Compute CloudAtCost Server perform_action": 2.9798944993812573e-06,
    "Fog Compute CloudAtCost Server console": 2.9798944993812573e-06,
    "Fog Compute CloudAtCost Server reverse_dn": 2.9798944993812573e-06,
    "Fog Compute CloudAtCost Server rename_server": 2.9798944993812573e-06,
    "Fog Compute CloudAtCost Server run_mode": 2.9798944993812573e-06,
    "Fog Compute CloudAtCost Server rese": 2.9798944993812573e-06,
    "Fog Compute CloudAtCost Server power_": 2.9798944993812573e-06,
    "Fog Compute CloudAtCost Server power_on": 2.9798944993812573e-06,
    "Fog Compute CloudAtCost Server destroy": 2.9798944993812573e-06,
    "Fog Compute CloudAtCost Server save!": 2.9798944993812573e-06,
    "Fog Compute CloudAtCost Server save": 2.9798944993812573e-06,
    "Fog Compute CloudAtCost Server new_instance?": 2.9798944993812573e-06,
    "Fog Compute CloudAtCost Real reque": 2.9798944993812573e-06,
    "Fog Compute CloudAtCost Real initialize": 2.9798944993812573e-06,
    "Fog Compute CloudAtCost Mock initialize": 2.9798944993812573e-06
}