{
    "Formatador indentation": 2.9798944993812573e-06,
    "Formatador inden": 2.9798944993812573e-06,
    "F": 4.6685145176788185e-06,
    "Formatador display_line": 7.412522047412357e-06,
    "Formatador display": 2.9798944993812573e-06,
    "Formatador initialize": 7.20144454512516e-06,
    "Formatador redisplay": 2.9798944993812573e-06,
    "Formatador display_table": 6.146057033689185e-06,
    "Formatador progressb": 2.9798944993812573e-06,
    "Formatador redisplay_progressb": 2.9798944993812573e-06,
    "Formatador parse": 2.9798944993812573e-06,
    "Formatador display_lines": 4.246359513104428e-06,
    "Formatador length": 2.9798944993812573e-06,
    "Formatador display_compact_table": 8.045754554273942e-06,
    "Formatador new_line": 2.9798944993812573e-06,
    "Formatador redisplay_line": 2.9798944993812573e-06,
    "Formatador strip": 2.9798944993812573e-06,
    "Formatador calculate_datu": 2.9798944993812573e-06,
    "Formatador ProgressBar complete?": 2.9798944993812573e-06,
    "Formatador ProgressBar incremen": 2.9798944993812573e-06,
    "Formatador ProgressBar initialize": 2.9798944993812573e-06
}