{
    "Fuubar state": 2.9798944993812573e-06,
    "Fuubar with_colo": 2.9798944993812573e-06,
    "Fuubar instafail": 2.9798944993812573e-06,
    "Fuubar dump_failures": 2.9798944993812573e-06,
    "Fuubar start_dump": 2.9798944993812573e-06,
    "Fuubar example_failed": 2.9798944993812573e-06,
    "Fuubar example_pending": 2.9798944993812573e-06,
    "Fuubar example_passed": 2.9798944993812573e-06,
    "Fuubar increment": 2.9798944993812573e-06,
    "Fuubar start": 2.9798944993812573e-06,
    "Fuubar colors": 2.9798944993812573e-06,
    "Fuubar message": 2.9798944993812573e-06,
    "Fuubar continuous_integration?": 2.9798944993812573e-06,
    "Fuubar current_colo": 2.9798944993812573e-06,
    "Fuubar color_enabled?": 2.9798944993812573e-06,
    "Fuubar with_current_colo": 2.9798944993812573e-06,
    "Fuubar initialize": 2.9798944993812573e-06,
    "Fuubar configuration": 2.9798944993812573e-06,
    "Fuubar color_code_fo": 2.9798944993812573e-06,
    "Fuubar output": 2.9798944993812573e-06,
    "Fuubar Output tty?": 2.9798944993812573e-06,
    "Fuubar Output __getobj__": 2.9798944993812573e-06,
    "Fuubar Output initialize": 2.9798944993812573e-06,
    "Fuubar start_tick_thread": 2.9798944993812573e-06,
    "Fuubar refresh": 2.9798944993812573e-06,
    "Fuubar example_tick": 2.9798944993812573e-06,
    "Fuubar close": 2.9798944993812573e-06,
    "Fuubar example_finished": 2.9798944993812573e-06,
    "Fuubar example_started": 2.9798944993812573e-06,
    "Fuubar dump_pending": 2.9798944993812573e-06,
    "Fuubar example_tick_thread": 2.9798944993812573e-06
}