{
    "Emoji names": 2.9798944993812573e-06,
    "Emoji images_path": 2.9798944993812573e-06,
    "Emoji path": 2.9798944993812573e-06,
    "Emoji inverted_mappin": 2.9798944993812573e-06,
    "Emoji mappin": 2.9798944993812573e-06,
    "Emoji name_for": 2.9798944993812573e-06,
    "Emoji unicode_for": 2.9798944993812573e-06,
    "Emoji cust": 2.9798944993812573e-06,
    "Emoji unicodes": 2.9798944993812573e-06,
    "Emoji unicodes_index": 2.9798944993812573e-06,
    "Emoji names_index": 2.9798944993812573e-06,
    "Emoji parse_data_fil": 2.9798944993812573e-06,
    "Emoji find_by_unicod": 2.9798944993812573e-06,
    "Emoji find_by_alias": 2.9798944993812573e-06,
    "Emoji edit_": 2.9798944993812573e-06,
    "Emoji creat": 2.9798944993812573e-06,
    "Emoji all": 2.9798944993812573e-06,
    "Emoji data_fil": 2.9798944993812573e-06,
    "Emoji Character image_filena": 2.9798944993812573e-06,
    "Emoji Character hex_inspect": 2.9798944993812573e-06,
    "Emoji Character inspect": 2.9798944993812573e-06,
    "Emoji Character initializ": 2.9798944993812573e-06,
    "Emoji Character add_ta": 2.9798944993812573e-06,
    "Emoji Character add_unicode_alias": 2.9798944993812573e-06,
    "Emoji Character raw": 2.9798944993812573e-06,
    "Emoji Character add_alias": 2.9798944993812573e-06,
    "Emoji Character na": 2.9798944993812573e-06,
    "Emoji Character custom?": 2.9798944993812573e-06,
    "Emoji apple_palett": 2.9798944993812573e-06,
    "Emoji apple_palette_fil": 2.9798944993812573e-06,
    "Emoji Extractor parse_version": 2.9798944993812573e-06,
    "Emoji Extractor extract_sbix_strik": 2.9798944993812573e-06,
    "Emoji Extractor each_glyph_bitmap": 2.9798944993812573e-06,
    "Emoji Extractor extract_glyph_index": 2.9798944993812573e-06,
    "Emoji Extractor each_with_na": 2.9798944993812573e-06,
    "Emoji Extractor each": 2.9798944993812573e-06,
    "Emoji Extractor name_for": 2.9798944993812573e-06,
    "Emoji Extractor parse_tables": 2.9798944993812573e-06,
    "Emoji Extractor parse_ttc": 2.9798944993812573e-06,
    "Emoji Extractor glyph_name_to_": 2.9798944993812573e-06,
    "Emoji Extractor extract!": 2.9798944993812573e-06,
    "Emoji Extractor initializ": 2.9798944993812573e-06,
    "Emoji CLI usage_text": 2.9798944993812573e-06,
    "Emoji CLI extract": 2.9798944993812573e-06,
    "Emoji CLI help": 2.9798944993812573e-06,
    "Emoji CLI dispatch": 2.9798944993812573e-06,
    "Emoji Character default_image_filena": 2.9798944993812573e-06,
    "Emoji Character raw_skin_tone_variants": 2.9798944993812573e-06,
    "Emoji Character skin_tones?": 2.9798944993812573e-06
}