{
    "GitHub Markup execute": 2.9798944993812573e-06,
    "GitHub Markup rendere": 2.9798944993812573e-06,
    "GitHub Markup can_render?": 2.9798944993812573e-06,
    "GitHub Markup add_": 2.9798944993812573e-06,
    "GitHub Markup command": 2.9798944993812573e-06,
    "GitHub M": 2.9798944993812573e-06,
    "GitHub Markup rende": 2.9798944993812573e-06,
    "GitHub Markup RDoc to_html": 2.9798944993812573e-06,
    "GitHub Markup RDoc initialize": 2.9798944993812573e-06,
    "GitHub Markup renderer_name": 2.9798944993812573e-06,
    "GitHub Markup preload!": 2.9798944993812573e-06,
    "GitHub Markup markups": 2.9798944993812573e-06,
    "GitHub Markup Markdown try_require": 2.9798944993812573e-06,
    "GitHub Markup Markdown rende": 2.9798944993812573e-06,
    "GitHub Markup Markdown load": 2.9798944993812573e-06,
    "GitHub Markup Markdown initialize": 2.9798944993812573e-06,
    "GitHub Markup Implementation file_ext_regex": 2.9798944993812573e-06,
    "GitHub Markup Implementation match?": 2.9798944993812573e-06,
    "GitHub Markup Implementation rende": 2.9798944993812573e-06,
    "GitHub Markup Implementation load": 2.9798944993812573e-06,
    "GitHub Markup Implementation initialize": 2.9798944993812573e-06,
    "GitHub Markup GemImplementation rende": 2.9798944993812573e-06,
    "GitHub Markup GemImplementation load": 2.9798944993812573e-06,
    "GitHub Markup GemImplementation initialize": 2.9798944993812573e-06,
    "GitHub Markup CommandImplementation execute": 2.9798944993812573e-06,
    "GitHub Markup CommandImplementation call_bloc": 2.9798944993812573e-06,
    "GitHub Markup CommandImplementation rende": 2.9798944993812573e-06,
    "GitHub Markup CommandImplementation initialize": 2.9798944993812573e-06,
    "GitHub Markup CommandImplementation sanitize": 2.9798944993812573e-06,
    "GitHub Markup RDoc name": 2.9798944993812573e-06,
    "GitHub Markup RDoc rende": 2.9798944993812573e-06,
    "GitHub Markup Markdown name": 2.9798944993812573e-06,
    "GitHub Markup GemImplementation name": 2.9798944993812573e-06,
    "GitHub Markup language": 2.9798944993812573e-06,
    "GitHub Markup markup_impl": 2.9798944993812573e-06,
    "GitHub Markup render_s": 2.9798944993812573e-06,
    "GitHub Markup markup_impls": 2.9798944993812573e-06
}