{
    "Processor signature_header": 2.9798944993812573e-06,
    "Processor json_body": 2.9798944993812573e-06,
    "Processor request_body": 2.9798944993812573e-06,
    "Processor authenticate_github_request!": 2.9798944993812573e-06,
    "Processor crea": 2.9798944993812573e-06,
    "Processor even": 2.9798944993812573e-06,
    "Processor pin": 2.9798944993812573e-06,
    "Processor event_method": 2.9798944993812573e-06,
    "Processor check_github_event!": 2.9798944993812573e-06,
    "Processor github_pin": 2.9798944993812573e-06
}