{
    "Gritter install_": 2.9798944993812573e-06,
    "Gritter initializ": 2.9798944993812573e-06,
    "Gritter Helpers gflash_titles": 2.9798944993812573e-06,
    "Gritter Helpers js": 2.9798944993812573e-06,
    "Gritter Helpers gflash": 2.9798944993812573e-06,
    "Gritter Helpers extend_": 2.9798944993812573e-06,
    "Gritter Helpers remove_": 2.9798944993812573e-06,
    "Gritter Helpers add_": 2.9798944993812573e-06,
    "Gritter Helpers include_gritter_and_jquery": 2.9798944993812573e-06,
    "Gritter Helpers include_": 2.9798944993812573e-06,
    "Gritter Gflash gflash": 2.9798944993812573e-06,
    "Gritter Helpers get_translation": 2.9798944993812573e-06,
    "Gritter install_locales": 2.9798944993812573e-06,
    "Gritter Helpers gflash_tex": 2.9798944993812573e-06,
    "Gritter Gflash gflash_tex": 2.9798944993812573e-06,
    "Gritter Gflash gflash_translation": 2.9798944993812573e-06,
    "Gritter Gflash gflash_push": 2.9798944993812573e-06,
    "Gritter Gflash redirect_to": 2.9798944993812573e-06,
    "Gritter LocaleGenerator copy_gflash_local": 2.9798944993812573e-06,
    "Gritter rails_flash_fallback=": 2.9798944993812573e-06,
    "Gritter rails_flash_fallback": 2.9798944993812573e-06
}