{
    "Guard UI deprecation": 2.9798944993812573e-06,
    "Guard UI deb": 4.6685145176788185e-06,
    "Guard UI e": 4.246359513104428e-06,
    "Guard UI warnin": 2.9798944993812573e-06,
    "Guard UI inf": 6.357134535976379e-06,
    "Guard Notifier notify": 8.045754554273942e-06,
    "Guard Plugin initialize": 2.9798944993812573e-06,
    "Guard MyPlugin s": 2.9798944993812573e-06,
    "Guard MyPlugin run_all": 2.9798944993812573e-06,
    "Guard UI color_enabled?": 2.9798944993812573e-06,
    "Guard Compat UI notify": 4.6685145176788185e-06,
    "Guard Compat UI deprecation": 2.9798944993812573e-06,
    "Guard Compat UI deb": 3.824204508530037e-06,
    "Guard Compat UI e": 2.9798944993812573e-06,
    "Guard Compat UI warnin": 2.9798944993812573e-06,
    "Guard Compat UI inf": 3.824204508530037e-06,
    "Guard Compat UI color_enabled?": 2.9798944993812573e-06,
    "Guard Compat UI col": 2.9798944993812573e-06,
    "Guard Compat matching_files": 2.9798944993812573e-06,
    "Guard MyPlugin run_on_modifications": 2.9798944993812573e-06,
    "Guard Compat Test Template change": 2.9798944993812573e-06,
    "Guard Compat Test Template initialize": 2.9798944993812573e-06,
    "Guard Compat Test Template Session _watches": 2.9798944993812573e-06,
    "Guard Compat Test Template Session watch": 2.9798944993812573e-06,
    "Guard Compat Test Template Session": 2.9798944993812573e-06,
    "Guard Compat Test Template Session match": 2.9798944993812573e-06,
    "Guard Compat Test Template Session initialize": 2.9798944993812573e-06,
    "Guard Compat Test Template Session GlobalWatchesNotImplemented message": 2.9798944993812573e-06,
    "Guard Compat Test Template Session MultipleGuardNotImplemented message": 2.9798944993812573e-06,
    "Guard Compat watched_directories": 2.9798944993812573e-06
}