{
    "Haml Generators TemplatePath source_root": 2.9798944993812573e-06,
    "Haml Generators ScaffoldGenerator template_filename_with_extension": 2.9798944993812573e-06,
    "Haml Generators ScaffoldGenerator handle": 2.9798944993812573e-06,
    "Haml Generators ScaffoldGenerator available_view": 2.9798944993812573e-06,
    "Haml Generators ScaffoldGenerator copy_form_file": 2.9798944993812573e-06,
    "Haml Generators ScaffoldGenerator copy_view_file": 2.9798944993812573e-06,
    "Haml Generators InstallGenerator copy_initializer_file": 2.9798944993812573e-06,
    "Haml Generators ControllerGenerator handle": 2.9798944993812573e-06,
    "Haml Generators MailerGenerator format": 2.9798944993812573e-06,
    "Haml Rails Railtie BlackHole delete_p": 2.9798944993812573e-06,
    "Haml Rails Railtie BlackHole fetc": 2.9798944993812573e-06,
    "Haml Rails Railtie BlackHole put_if_absent": 2.9798944993812573e-06,
    "Haml Rails Railtie BlackHole []=": 2.9798944993812573e-06,
    "Haml Generators ApplicationLayoutGenerator convert": 2.9798944993812573e-06,
    "Haml Generators MailerGenerator copy_view_file": 2.9798944993812573e-06,
    "Haml Generators MailerGenerator handle": 2.9798944993812573e-06
}