{
    "Hash internal_deep_merge!": 2.9798944993812573e-06,
    "Hash deep_": 2.9798944993812573e-06,
    "Hash deep_merge!": 2.9798944993812573e-06
}