{
    "Hash zip_out": 2.9798944993812573e-06,
    "Hash to_tabl": 2.9798944993812573e-06,
    "Hash expand": 2.9798944993812573e-06,
    "Hash group_by_position": 2.9798944993812573e-06,
    "Hash deep_diff": 2.9798944993812573e-06,
    "Hash max_dept": 2.9798944993812573e-06,
    "Hash deep_valu": 2.9798944993812573e-06,
    "Hash apply!": 2.9798944993812573e-06,
    "Hash apply": 2.9798944993812573e-06,
    "Array to_text": 2.9798944993812573e-06,
    "Array to_list": 2.9798944993812573e-06,
    "Array html_tag": 2.9798944993812573e-06,
    "Array style_valu": 2.9798944993812573e-06,
    "Array table_row": 2.9798944993812573e-06,
    "Array table_row_group": 2.9798944993812573e-06,
    "Array to_html": 2.9798944993812573e-06,
    "Array group_by_heading": 2.9798944993812573e-06,
    "Array group_by_position": 2.9798944993812573e-06
}