{
    "Hiredis Connection rea": 2.9798944993812573e-06,
    "Hiredis EM Connection method_missing": 2.9798944993812573e-06,
    "Hiredis EM Connection receive_reply": 2.9798944993812573e-06,
    "Hiredis EM Connection initializ": 2.9798944993812573e-06,
    "Hiredis EM Base send_comman": 2.9798944993812573e-06,
    "Hiredis EM Base receive_reply": 2.9798944993812573e-06,
    "Hiredis EM Base receive_data": 2.9798944993812573e-06,
    "Hiredis EM Base initializ": 2.9798944993812573e-06,
    "Hiredis Ruby Reader Buffer read_lin": 2.9798944993812573e-06,
    "Hiredis Ruby Reader Buffer rea": 2.9798944993812573e-06,
    "Hiredis Ruby Reader Buffer discard!": 2.9798944993812573e-06,
    "Hiredis Ruby Reader Buffer empty?": 2.9798944993812573e-06,
    "Hiredis Ruby Reader Buffer lengt": 2.9798944993812573e-06,
    "Hiredis Ruby Reader Buffer <<": 2.9798944993812573e-06,
    "Hiredis Ruby Reader Buffer initializ": 2.9798944993812573e-06,
    "Hiredis Ruby Reader Task proc": 2.9798944993812573e-06,
    "Hiredis Ruby Reader Task process_protocol_erro": 2.9798944993812573e-06,
    "Hiredis Ruby Reader Task process_multi_bulk_reply": 2.9798944993812573e-06,
    "Hiredis Ruby Reader Task process_bulk_reply": 2.9798944993812573e-06,
    "Hiredis Ruby Reader Task process_integer_reply": 2.9798944993812573e-06,
    "Hiredis Ruby Reader Task process_status_reply": 2.9798944993812573e-06,
    "Hiredis Ruby Reader Task process_error_reply": 2.9798944993812573e-06,
    "Hiredis Ruby Reader Task reset!": 2.9798944993812573e-06,
    "Hiredis Ruby Reader Task root": 2.9798944993812573e-06,
    "Hiredis Ruby Reader Task initializ": 2.9798944993812573e-06,
    "Hiredis Ruby Reader get": 2.9798944993812573e-06,
    "Hiredis Ruby Reader f": 2.9798944993812573e-06,
    "Hiredis Ruby Reader initializ": 2.9798944993812573e-06,
    "Hiredis Ruby Connection string_siz": 2.9798944993812573e-06,
    "Hiredis Ruby Connection rea": 2.9798944993812573e-06,
    "Hiredis Ruby Connection writ": 2.9798944993812573e-06,
    "Hiredis Ruby Connection timeout=": 2.9798944993812573e-06,
    "Hiredis Ruby Connection disconnect": 2.9798944993812573e-06,
    "Hiredis Ruby Connection connect_unix": 2.9798944993812573e-06,
    "Hiredis Ruby Connection connect": 2.9798944993812573e-06,
    "Hiredis Ruby Connection connected?": 2.9798944993812573e-06,
    "Hiredis Ruby Connection initializ": 2.9798944993812573e-06,
    "Hiredis Ext Connection rea": 2.9798944993812573e-06,
    "Hiredis Ruby Connection flu": 2.9798944993812573e-06,
    "Hiredis Ruby Connection fileno": 2.9798944993812573e-06,
    "Hiredis Ruby Connection _connect_socka": 2.9798944993812573e-06,
    "Hiredis Ruby Connection _writ": 2.9798944993812573e-06,
    "Hiredis Ruby Connection _connect_unix": 2.9798944993812573e-06,
    "Hiredis Ruby Connection _connect": 2.9798944993812573e-06,
    "Hiredis Ruby Connection errno_to_cla": 2.9798944993812573e-06,
    "Hiredis Ext Connection sock": 2.9798944993812573e-06,
    "Hiredis Ext Connection disconnect": 2.9798944993812573e-06,
    "Hiredis Ruby Reader Task chil": 2.9798944993812573e-06,
    "Hiredis Ruby Reader Buffer force_encoding": 2.9798944993812573e-06
}