{
    "String encode_": 2.9798944993812573e-06,
    "String decode_": 2.9798944993812573e-06,
    "HTMLEntities encode_extended": 2.9798944993812573e-06,
    "HTMLEntities encode_hexadecima": 2.9798944993812573e-06,
    "HTMLEntities encode_decima": 2.9798944993812573e-06,
    "HTMLEntities encode_named": 2.9798944993812573e-06,
    "HTMLEntities reverse_map": 2.9798944993812573e-06,
    "HTMLEntities named_entity_regexp": 2.9798944993812573e-06,
    "HTMLEntities extended_entity_regexp": 2.9798944993812573e-06,
    "HTMLEntities basic_entity_regexp": 2.9798944993812573e-06,
    "HTMLEntities map": 2.9798944993812573e-06,
    "HTMLEntities encod": 2.9798944993812573e-06,
    "HTMLEntities decod": 4.527796182820688e-06,
    "HTMLEntities initializ": 5.7942611965438595e-06,
    "HTMLEntities xhtml1_": 2.9798944993812573e-06,
    "HTMLEntities decode_": 2.9798944993812573e-06,
    "HTMLEntities encode_": 2.9798944993812573e-06,
    "HTMLEntities encoding_aware?": 2.9798944993812573e-06,
    "HTMLEntities reverse_map_skipping_dup": 2.9798944993812573e-06,
    "HTMLEntities extended_entity_encoder": 2.9798944993812573e-06,
    "HTMLEntities basic_entity_encoder": 2.9798944993812573e-06,
    "HTMLEntities validate_instructio": 2.9798944993812573e-06,
    "HTMLEntities Encoder encoding_aware?": 2.9798944993812573e-06,
    "HTMLEntities Encoder reverse_map": 2.9798944993812573e-06,
    "HTMLEntities Encoder encode_hexadecima": 2.9798944993812573e-06,
    "HTMLEntities Encoder encode_decima": 2.9798944993812573e-06,
    "HTMLEntities Encoder encode_named": 2.9798944993812573e-06,
    "HTMLEntities Encoder build_extended_entity_encoder": 2.9798944993812573e-06,
    "HTMLEntities Encoder build_basic_entity_encoder": 2.9798944993812573e-06,
    "HTMLEntities Encoder validate_instructio": 2.9798944993812573e-06,
    "HTMLEntities Encoder extended_entity_regexp": 2.9798944993812573e-06,
    "HTMLEntities Encoder basic_entity_regexp": 2.9798944993812573e-06,
    "HTMLEntities Encoder encod": 2.9798944993812573e-06,
    "HTMLEntities Encoder initializ": 2.9798944993812573e-06,
    "HTMLEntities Decoder named_entity_regexp": 2.9798944993812573e-06,
    "HTMLEntities Decoder decod": 2.9798944993812573e-06,
    "HTMLEntities Decoder initializ": 2.9798944993812573e-06,
    "HTMLEntities Decoder entity_regexp": 2.9798944993812573e-06,
    "HTMLEntities Encoder prepar": 2.9798944993812573e-06,
    "HTMLEntities Decoder prepar": 2.9798944993812573e-06,
    "HTMLEntities Encoder post_proc": 2.9798944993812573e-06,
    "HTMLEntities Encoder replace_extended": 2.9798944993812573e-06,
    "HTMLEntities Encoder replace_basic": 2.9798944993812573e-06,
    "HTMLEntities Encoder contains_only_ascii?": 2.9798944993812573e-06,
    "HTMLEntities Encoder minimize_encoding": 2.9798944993812573e-06
}