{
    "HTTP Accept Sort by_quality_factor": 2.9798944993812573e-06,
    "HTTP Accept QuotedString to_s": 2.9798944993812573e-06,
    "HTTP Accept QuotedString to_str": 2.9798944993812573e-06,
    "HTTP Accept QuotedString unquo": 2.9798944993812573e-06,
    "HTTP Accept QuotedString initializ": 2.9798944993812573e-06,
    "HTTP Accept MediaTypes pars": 2.9798944993812573e-06,
    "HTTP Accept MediaTypes MediaRange pars": 2.9798944993812573e-06,
    "HTTP Accept MediaTypes MediaRange quality_factor": 2.9798944993812573e-06,
    "HTTP Accept Languages pars": 2.9798944993812573e-06,
    "HTTP Accept Languages LanguageRange prefix_of?": 2.9798944993812573e-06,
    "HTTP Accept Languages LanguageRange pars": 2.9798944993812573e-06,
    "HTTP Accept Languages LanguageRange quality_factor": 2.9798944993812573e-06,
    "HTTP Accept MediaTypes MediaRange spli": 2.9798944993812573e-06,
    "HTTP Accept MediaTypes Map <<": 2.9798944993812573e-06,
    "HTTP Accept MediaTypes Map for": 2.9798944993812573e-06,
    "HTTP Accept MediaTypes Map freez": 2.9798944993812573e-06,
    "HTTP Accept MediaTypes Map initializ": 2.9798944993812573e-06,
    "HTTP Accept Languages Locales include?": 2.9798944993812573e-06,
    "HTTP Accept Languages Locales &": 2.9798944993812573e-06,
    "HTTP Accept Languages Locales freez": 2.9798944993812573e-06,
    "HTTP Accept Languages Locales initializ": 2.9798944993812573e-06,
    "HTTP Accept Languages Locales expand": 2.9798944993812573e-06,
    "HTTP Accept QuotedString quo": 2.9798944993812573e-06,
    "HTTP Accept MediaTypes MediaRange to_s": 2.9798944993812573e-06,
    "HTTP Accept MediaTypes MediaRange ===": 2.9798944993812573e-06,
    "HTTP Accept MediaTypes MediaRange parameters_string": 2.9798944993812573e-06,
    "HTTP Accept ContentType initializ": 2.9798944993812573e-06,
    "HTTP Accept MediaTypes browser_preferred_media_types": 2.9798944993812573e-06,
    "HTTP Accept MediaTypes parse_parameters": 2.9798944993812573e-06,
    "HTTP Accept MediaTypes spli": 2.9798944993812573e-06,
    "HTTP Accept MediaTypes quality_factor": 2.9798944993812573e-06,
    "HTTP Accept MediaTypes to_s": 2.9798944993812573e-06,
    "HTTP Accept MediaTypes ===": 2.9798944993812573e-06,
    "HTTP Accept MediaTypes parameters_string": 2.9798944993812573e-06,
    "HTTP Accept Languages quality_factor": 2.9798944993812573e-06,
    "HTTP Accept MediaTypes Map []": 2.9798944993812573e-06,
    "HTTP Accept MediaTypes Map []=": 2.9798944993812573e-06,
    "HTTP Accept Languages Locales to_": 2.9798944993812573e-06,
    "HTTP Accept Languages Locales +": 2.9798944993812573e-06,
    "HTTP Accept Languages Locales join": 2.9798944993812573e-06,
    "HTTP Accept Languages Locales": 2.9798944993812573e-06,
    "HTTP Accept Encodings browser_preferred_content_codings": 2.9798944993812573e-06,
    "HTTP Accept Encodings pars": 2.9798944993812573e-06,
    "HTTP Accept Encodings quality_factor": 2.9798944993812573e-06,
    "HTTP Accept Charsets browser_preferred_charsets": 2.9798944993812573e-06,
    "HTTP Accept Charsets pars": 2.9798944993812573e-06,
    "HTTP Accept Charsets quality_factor": 2.9798944993812573e-06,
    "HTTP Accept MediaTypes mime_ty": 2.9798944993812573e-06,
    "HTTP Accept MediaTypes initializ": 2.9798944993812573e-06
}