{
    "HTTP FormData multipart?": 2.9798944993812573e-06,
    "HTTP FormData ensure_has": 2.9798944993812573e-06,
    "HTTP FormData create": 6.779289540550769e-06,
    "HTTP FormData Urlencoded content_leng": 2.9798944993812573e-06,
    "HTTP FormData Urlencoded content_type": 2.9798944993812573e-06,
    "HTTP FormData Urlencoded to_s": 2.9798944993812573e-06,
    "HTTP FormData Urlencoded initialize": 2.9798944993812573e-06,
    "HTTP FormData Multipart tail": 2.9798944993812573e-06,
    "HTTP FormData Multipart glue": 2.9798944993812573e-06,
    "HTTP FormData Multipart he": 2.9798944993812573e-06,
    "HTTP FormData Multipart content_leng": 2.9798944993812573e-06,
    "HTTP FormData Multipart content_type": 2.9798944993812573e-06,
    "HTTP FormData Multipart to_s": 2.9798944993812573e-06,
    "HTTP FormData Multipart initialize": 2.9798944993812573e-06,
    "HTTP FormData Multipart Param file?": 2.9798944993812573e-06,
    "HTTP FormData Multipart Param coerce": 2.9798944993812573e-06,
    "HTTP FormData Multipart Param size": 2.9798944993812573e-06,
    "HTTP FormData Multipart Param to_s": 2.9798944993812573e-06,
    "HTTP FormData Multipart Param initialize": 2.9798944993812573e-06,
    "HTTP FormData File with_i": 2.9798944993812573e-06,
    "HTTP FormData File to_s": 2.9798944993812573e-06,
    "HTTP FormData File size": 2.9798944993812573e-06,
    "HTTP FormData File initialize": 2.9798944993812573e-06,
    "HTTP FormData Part to_s": 2.9798944993812573e-06,
    "HTTP FormData Part size": 2.9798944993812573e-06,
    "HTTP FormData Part initialize": 2.9798944993812573e-06,
    "HTTP FormData Readable rewin": 2.9798944993812573e-06,
    "HTTP FormData Readable size": 2.9798944993812573e-06,
    "HTTP FormData Readable re": 2.9798944993812573e-06,
    "HTTP FormData Readable to_s": 2.9798944993812573e-06,
    "HTTP FormData Multipart generate_boundary": 2.9798944993812573e-06,
    "HTTP FormData Multipart Param foote": 2.9798944993812573e-06,
    "HTTP FormData Multipart Param filename": 2.9798944993812573e-06,
    "HTTP FormData Multipart Param content_type": 2.9798944993812573e-06,
    "HTTP FormData Multipart Param parameters": 2.9798944993812573e-06,
    "HTTP FormData Multipart Param heade": 2.9798944993812573e-06,
    "HTTP FormData File filename": 2.9798944993812573e-06,
    "HTTP FormData File make_i": 2.9798944993812573e-06,
    "HTTP FormData CompositeIO advance_i": 2.9798944993812573e-06,
    "HTTP FormData CompositeIO current_i": 2.9798944993812573e-06,
    "HTTP FormData CompositeIO rewin": 2.9798944993812573e-06,
    "HTTP FormData CompositeIO size": 2.9798944993812573e-06,
    "HTTP FormData CompositeIO re": 2.9798944993812573e-06,
    "HTTP FormData CompositeIO initialize": 2.9798944993812573e-06,
    "HTTP FormData Urlencoded encode": 2.9798944993812573e-06,
    "HTTP FormData Urlencoded encoder=": 2.9798944993812573e-06,
    "HTTP FormData CompositeIO readpartial": 2.9798944993812573e-06,
    "HTTP FormData CompositeIO read_chunks": 2.9798944993812573e-06
}