{
    "IceNine recursion_guard_key": 2.9798944993812573e-06,
    "IceNine recursion_guard": 2.9798944993812573e-06,
    "IceNine deep_freez": 8.045754554273942e-06,
    "IceNine Freezer freeze_instance_variables": 2.9798944993812573e-06,
    "IceNine Freezer const_lookup": 2.9798944993812573e-06,
    "IceNine Freezer find": 2.9798944993812573e-06,
    "IceNine Freezer deep_freez": 2.9798944993812573e-06,
    "IceNine Freezer []": 2.9798944993812573e-06,
    "IceNine Freezer Struct deep_freez": 2.9798944993812573e-06,
    "IceNine Freezer Range deep_freez": 2.9798944993812573e-06,
    "IceNine Freezer NoFreeze deep_freez": 2.9798944993812573e-06,
    "IceNine Freezer Hash deep_freez": 2.9798944993812573e-06,
    "IceNine Freezer Array deep_freez": 2.9798944993812573e-06,
    "IceNine RecursionGuard guard": 2.9798944993812573e-06,
    "IceNine RecursionGuard initializ": 2.9798944993812573e-06,
    "IceNine Freezer Object freeze_instance_variables": 2.9798944993812573e-06,
    "IceNine Freezer Object deep_freez": 2.9798944993812573e-06,
    "IceNine CoreExt Object deep_freez": 2.9798944993812573e-06,
    "IceNine deep_freeze!": 2.9798944993812573e-06,
    "IceNine RecursionGuard Frozen guard": 2.9798944993812573e-06,
    "IceNine RecursionGuard ObjectSet guard": 2.9798944993812573e-06,
    "IceNine RecursionGuard ObjectSet initializ": 2.9798944993812573e-06,
    "IceNine Freezer guarded_deep_freez": 2.9798944993812573e-06,
    "IceNine Freezer deep_freeze!": 2.9798944993812573e-06,
    "IceNine Freezer Range guarded_deep_freez": 2.9798944993812573e-06,
    "IceNine Freezer Object guarded_deep_freez": 2.9798944993812573e-06,
    "IceNine Freezer NoFreeze guarded_deep_freez": 2.9798944993812573e-06,
    "IceNine Freezer Hash freeze_key_value_pairs": 2.9798944993812573e-06,
    "IceNine Freezer Hash guarded_deep_freez": 2.9798944993812573e-06,
    "IceNine Freezer Array guarded_deep_freez": 2.9798944993812573e-06,
    "IceNine CoreExt Object deep_freeze!": 2.9798944993812573e-06,
    "IceNine RecursionGuard guarded_objects": 2.9798944993812573e-06,
    "IceNine Freezer Enumerable deep_freez": 2.9798944993812573e-06
}