{
    "Inflection plura": 8.045754554273942e-06,
    "Inflection singular": 2.3243334718951992e-05,
    "Inflection pluralization_rules": 2.9798944993812573e-06,
    "Inflection singularization_rules": 2.9798944993812573e-06,
    "Inflection plural_ru": 2.9798944993812573e-06,
    "Inflection singular_ru": 2.9798944993812573e-06,
    "Inflection ru": 2.9798944993812573e-06,
    "Inflection plural_word": 2.9798944993812573e-06,
    "Inflection singular_word": 2.9798944993812573e-06,
    "Inflection clear": 2.9798944993812573e-06,
    "Inflection word": 2.9798944993812573e-06
}