{
    "IniFile pars": 2.9798944993812573e-06,
    "IniFile restor": 2.9798944993812573e-06,
    "IniFile eql?": 2.9798944993812573e-06,
    "IniFile clo": 2.9798944993812573e-06,
    "IniFile dup": 2.9798944993812573e-06,
    "IniFile taint": 2.9798944993812573e-06,
    "IniFile freez": 2.9798944993812573e-06,
    "IniFile sections": 2.9798944993812573e-06,
    "IniFile has_section?": 2.9798944993812573e-06,
    "IniFile []=": 2.9798944993812573e-06,
    "IniFile []": 2.9798944993812573e-06,
    "IniFile delete_sectio": 2.9798944993812573e-06,
    "IniFile each_sectio": 2.9798944993812573e-06,
    "IniFile each": 2.9798944993812573e-06,
    "IniFile to_h": 2.9798944993812573e-06,
    "IniFile to_s": 2.9798944993812573e-06,
    "IniFile writ": 2.9798944993812573e-06,
    "IniFile initializ": 2.9798944993812573e-06,
    "IniFile load": 2.9798944993812573e-06,
    "IniFile escap": 2.9798944993812573e-06,
    "IniFile unescap": 2.9798944993812573e-06,
    "IniFile finish_property": 2.9798944993812573e-06,
    "IniFile parse_property": 2.9798944993812573e-06,
    "IniFile match": 2.9798944993812573e-06,
    "IniFile merge!": 2.9798944993812573e-06,
    "IniFile merg": 2.9798944993812573e-06,
    "IniFile escape_valu": 2.9798944993812573e-06,
    "IniFile unescape_valu": 2.9798944993812573e-06,
    "IniFile parse_error": 2.9798944993812573e-06,
    "IniFile current_sectio": 2.9798944993812573e-06,
    "IniFile process_property": 2.9798944993812573e-06,
    "IniFile parse!": 2.9798944993812573e-06,
    "IniFile read": 2.9798944993812573e-06,
    "IniFile Parser unescape_valu": 2.9798944993812573e-06,
    "IniFile Parser typecast": 2.9798944993812573e-06,
    "IniFile Parser error": 2.9798944993812573e-06,
    "IniFile Parser sectio": 2.9798944993812573e-06,
    "IniFile Parser process_property": 2.9798944993812573e-06,
    "IniFile Parser pars": 2.9798944993812573e-06,
    "IniFile Parser parse_valu": 2.9798944993812573e-06,
    "IniFile Parser leading_quote?": 2.9798944993812573e-06,
    "IniFile Parser initializ": 2.9798944993812573e-06
}