{
    "H": 2.9798944993812573e-06,
    "InsensitiveHash encod": 2.9798944993812573e-06,
    "InsensitiveHash wrap": 2.9798944993812573e-06,
    "InsensitiveHash del": 2.9798944993812573e-06,
    "InsensitiveHash has_key?": 2.9798944993812573e-06,
    "InsensitiveHash []=": 2.9798944993812573e-06,
    "InsensitiveHash []": 2.9798944993812573e-06,
    "InsensitiveHash initializ": 2.9798944993812573e-06,
    "InsensitiveHash lookup_key": 2.9798944993812573e-06,
    "InsensitiveHash valu": 2.9798944993812573e-06,
    "InsensitiveHash shif": 2.9798944993812573e-06,
    "InsensitiveHash replac": 2.9798944993812573e-06,
    "InsensitiveHash clear": 2.9798944993812573e-06,
    "InsensitiveHash merg": 2.9798944993812573e-06,
    "InsensitiveHash merge!": 2.9798944993812573e-06,
    "InsensitiveHash to": 2.9798944993812573e-06,
    "InsensitiveHash fetc": 2.9798944993812573e-06,
    "InsensitiveHash detect_cl": 2.9798944993812573e-06,
    "InsensitiveHash underscore?": 2.9798944993812573e-06,
    "InsensitiveHash underscore=": 2.9798944993812573e-06,
    "InsensitiveHash safe?": 2.9798944993812573e-06,
    "InsensitiveHash safe=": 2.9798944993812573e-06,
    "InsensitiveHash clo": 2.9798944993812573e-06,
    "InsensitiveHash dup": 2.9798944993812573e-06,
    "InsensitiveHash deep": 2.9798944993812573e-06,
    "InsensitiveHash encoder=": 2.9798944993812573e-06,
    "InsensitiveHash merge_recursive!": 2.9798944993812573e-06
}