{
    "InvisibleCaptcha ViewHelper": 2.9798944993812573e-06,
    "InvisibleCaptcha InvisibleCaptchaValidator robot_presence?": 2.9798944993812573e-06,
    "InvisibleCaptcha InvisibleCaptchaValidator valid": 2.9798944993812573e-06,
    "InvisibleCaptcha call_lambda_or_retur": 2.9798944993812573e-06,
    "InvisibleCaptcha css_strategy": 2.9798944993812573e-06,
    "InvisibleCaptcha get_honeypo": 2.9798944993812573e-06,
    "InvisibleCaptcha generate_random_honeypo": 2.9798944993812573e-06,
    "InvisibleCaptcha honeypo": 2.9798944993812573e-06,
    "InvisibleCaptcha setu": 2.9798944993812573e-06,
    "InvisibleCaptcha timestamp_error_messag": 2.9798944993812573e-06,
    "InvisibleCaptcha sentence_for_hum": 2.9798944993812573e-06,
    "InvisibleCaptcha init!": 2.9798944993812573e-06,
    "InvisibleCaptcha ViewHelpers build_text_field_nam": 2.9798944993812573e-06,
    "InvisibleCaptcha ViewHelpers build_label_nam": 2.9798944993812573e-06,
    "InvisibleCaptcha ViewHelpers visibility": 2.9798944993812573e-06,
    "InvisibleCaptcha ViewHelpers build": 2.9798944993812573e-06,
    "InvisibleCaptcha ViewHelpers invisible_captcha_sty": 2.9798944993812573e-06,
    "InvisibleCaptcha FormHelper": 2.9798944993812573e-06,
    "InvisibleCaptcha ControllerExt honeypot_spam?": 2.9798944993812573e-06,
    "InvisibleCaptcha ControllerExt timestamp_spam?": 2.9798944993812573e-06,
    "InvisibleCaptcha ControllerExt on_spam": 2.9798944993812573e-06,
    "InvisibleCaptcha ControllerExt on_timestamp_spam": 2.9798944993812573e-06,
    "InvisibleCaptcha ControllerExt detect_spam": 2.9798944993812573e-06,
    "InvisibleCaptcha ControllerExt ClassMethod": 2.9798944993812573e-06,
    "InvisibleCaptcha ControllerExt war": 2.9798944993812573e-06,
    "InvisibleCaptcha ViewHelpers default_honeypot_optio": 2.9798944993812573e-06,
    "InvisibleCaptcha ViewHelpers build_input_nam": 2.9798944993812573e-06,
    "InvisibleCaptcha ControllerExt clear_sessio": 2.9798944993812573e-06,
    "InvisibleCaptcha ViewHelpers insert_inline_css_for": 2.9798944993812573e-06,
    "InvisibleCaptcha ViewHelpers inser": 2.9798944993812573e-06,
    "InvisibleCaptcha ViewHelpers generate_html_id": 2.9798944993812573e-06,
    "InvisibleCaptcha ControllerHelpers check": 2.9798944993812573e-06,
    "InvisibleCaptcha fake_field": 2.9798944993812573e-06,
    "InvisibleCaptcha InvisibleCaptchaValidator invisible_captcha?": 2.9798944993812573e-06,
    "InvisibleCaptcha ControllerHelpers invisible_captcha?": 2.9798944993812573e-06,
    "InvisibleCaptcha ControllerMethods invisible_captcha?": 2.9798944993812573e-06,
    "InvisibleCaptcha ControllerMethods check": 2.9798944993812573e-06,
    "InvisibleCaptcha ControllerExt invisible_captcha?": 2.9798944993812573e-06,
    "InvisibleCaptcha ControllerExt default_on_spam": 2.9798944993812573e-06,
    "InvisibleCaptcha ControllerExt on_spam_actio": 2.9798944993812573e-06,
    "InvisibleCaptcha error_messag": 2.9798944993812573e-06,
    "InvisibleCaptcha ControllerExt invisible_captcha_timestamp?": 2.9798944993812573e-06,
    "InvisibleCaptcha ControllerExt on_timestamp_spam_actio": 2.9798944993812573e-06,
    "InvisibleCaptcha ControllerExt warn_spam": 2.9798944993812573e-06,
    "InvisibleCaptcha encod": 2.9798944993812573e-06,
    "InvisibleCaptcha ViewHelpers current_requ": 2.9798944993812573e-06,
    "InvisibleCaptcha ControllerExt spinner_spam?": 2.9798944993812573e-06
}