{
    "_siz": 2.9798944993812573e-06,
    "default_console_siz": 2.9798944993812573e-06
}