{
    "Jquery Generators InstallGenerator download_ujs_driv": 2.9798944993812573e-06,
    "Jquery Generators InstallGenerator download_": 2.9798944993812573e-06,
    "Jquery Generators InstallGenerator remove_prototyp": 2.9798944993812573e-06,
    "ActionDispatch Assertions SelectorAssertions assert_select_": 2.9798944993812573e-06,
    "Jquery Generators InstallGenerator get_": 2.9798944993812573e-06,
    "Jquery Generators InstallGenerator download_jquery_": 2.9798944993812573e-06,
    "ActionDispatch Assertions SelectorAssertions unescape_": 2.9798944993812573e-06,
    "Jquery Generators InstallGenerator copy_ujs_driv": 2.9798944993812573e-06,
    "Jquery Generators InstallGenerator copy_jquery_": 2.9798944993812573e-06,
    "Jquery Generators InstallGenerator copy_": 2.9798944993812573e-06,
    "Jquery Generators InstallGenerator do_nothing": 2.9798944993812573e-06,
    "SelectorAssertions unescape_": 2.9798944993812573e-06,
    "SelectorAssertions assert_select_": 2.9798944993812573e-06,
    "Jquery Rails SelectorAssertions unescape_": 2.9798944993812573e-06,
    "Jquery Rails SelectorAssertions assert_select_": 2.9798944993812573e-06,
    "SelectorAssertions escape_id": 2.9798944993812573e-06
}