{
    "Kaminari PaginatableWithoutCount total_cou": 2.9798944993812573e-06,
    "Kaminari PaginatableWithoutCount out_of_range?": 2.9798944993812573e-06,
    "Kaminari PaginatableWithoutCount last_page?": 2.9798944993812573e-06,
    "Kaminari PaginatableWithoutCount l": 2.9798944993812573e-06,
    "Kaminari ActiveRecordRelationMethods without_cou": 2.9798944993812573e-06,
    "Kaminari ActiveRecordRelationMethods total_cou": 2.9798944993812573e-06,
    "Kaminari ActiveRecordRelationMethods res": 2.9798944993812573e-06,
    "Kaminari ActiveRecordRelationMethods entry_": 2.9798944993812573e-06,
    "Kaminari ActiveRecordExtension ClassMethods inh": 2.9798944993812573e-06,
    "Kaminari PaginatableWithoutCount LimitValueSetter set_limit_valu": 2.9798944993812573e-06
}