{
    "LazyObject method_missing": 2.9798944993812573e-06,
    "LazyObject __targ": 2.9798944993812573e-06,
    "LazyObject initiali": 2.9798944993812573e-06,
    "LazyObject version": 2.9798944993812573e-06,
    "LazyObject !": 2.9798944993812573e-06,
    "LazyObject !=": 2.9798944993812573e-06,
    "LazyObject ==": 2.9798944993812573e-06
}