{
    "LazyHighCharts HighChartsHelper high_grap": 2.9798944993812573e-06,
    "LazyHighCharts HighChartsHelpe": 2.9798944993812573e-06,
    "LazyHighCharts HighChart arguments_to_option": 2.9798944993812573e-06,
    "LazyHighCharts HighChart merge_option": 2.9798944993812573e-06,
    "LazyHighCharts HighChart series_option": 2.9798944993812573e-06,
    "LazyHighCharts HighChart serie": 2.9798944993812573e-06,
    "LazyHighCharts HighChart method_missin": 2.9798944993812573e-06,
    "LazyHighCharts HighChart defaults_option": 2.9798944993812573e-06,
    "LazyHighCharts HighChart initialize": 2.9798944993812573e-06,
    "LazyHighCharts InstallGenerator in": 2.9798944993812573e-06,
    "LazyHighCharts LayoutHelper high_grap": 2.9798944993812573e-06,
    "LazyHighCharts LayoutHelpe": 2.9798944993812573e-06,
    "LazyHighCharts LayoutHelper format_option": 2.9798944993812573e-06,
    "LazyHighCharts LayoutHelper high_graph_stock": 2.9798944993812573e-06,
    "LazyHighCharts LayoutHelper high_stock": 2.9798944993812573e-06,
    "LazyHighCharts LayoutHelper generate_json_from": 2.9798944993812573e-06,
    "LazyHighCharts LayoutHelper build_html_outpu": 2.9798944993812573e-06,
    "String js_code?": 2.9798944993812573e-06,
    "String js_code": 2.9798944993812573e-06,
    "LazyHighCharts LayoutHelper generate_json_from_value": 2.9798944993812573e-06,
    "LazyHighCharts OptionsKeyFilter filte": 2.9798944993812573e-06,
    "LazyHighCharts OptionsKeyFilter date_to_js_code": 2.9798944993812573e-06,
    "LazyHighCharts OptionsKeyFilter millisecond": 2.9798944993812573e-06,
    "LazyHighCharts HighChart deep_merge_option": 2.9798944993812573e-06,
    "LazyHighCharts InstallGenerator do_nothin": 2.9798944993812573e-06,
    "LazyHighCharts InstallGenerator cop": 2.9798944993812573e-06,
    "LazyHighCharts HighChart random_canvas_id": 2.9798944993812573e-06,
    "LazyHighCharts roo": 2.9798944993812573e-06,
    "LazyHighCharts HighChart full_option": 2.9798944993812573e-06,
    "LazyHighCharts LayoutHelper js_end": 2.9798944993812573e-06,
    "LazyHighCharts LayoutHelper j": 2.9798944993812573e-06,
    "LazyHighCharts LayoutHelper encapsulate_j": 2.9798944993812573e-06,
    "LazyHighCharts LayoutHelper options_collection_as_strin": 2.9798944993812573e-06,
    "LazyHighCharts LayoutHelper request_is_referrer?": 2.9798944993812573e-06,
    "LazyHighCharts LayoutHelper request_is_xhr?": 2.9798944993812573e-06,
    "LazyHighCharts LayoutHelper build_globals_html_outpu": 2.9798944993812573e-06,
    "LazyHighCharts LayoutHelper high_chart_glob": 2.9798944993812573e-06,
    "LazyHighCharts HighChartGlobals merge_option": 2.9798944993812573e-06,
    "LazyHighCharts HighChartGlobals method_missin": 2.9798944993812573e-06,
    "LazyHighCharts HighChartGlobals initialize": 2.9798944993812573e-06,
    "LazyHighCharts HighChart to_json": 2.9798944993812573e-06,
    "LazyHighCharts LayoutHelper request_turbolinks_5_tureferrer?": 2.9798944993812573e-06,
    "LazyHighCharts OptionsKeyFilter format_data_item": 2.9798944993812573e-06,
    "LazyHighCharts OptionsKeyFilter format_d": 2.9798944993812573e-06
}