{
    "LetterOpenerWeb DeliveryMethod deliver!": 2.9798944993812573e-06,
    "LetterOpenerWeb DeliveryMethod Launchy": 2.9798944993812573e-06,
    "LetterOpenerWeb reset!": 2.9798944993812573e-06,
    "LetterOpenerWeb configu": 2.9798944993812573e-06,
    "LetterOpenerWeb config": 2.9798944993812573e-06
}