{
    "LetterOpener Message ty": 2.9798944993812573e-06,
    "LetterOpener Message body": 2.9798944993812573e-06,
    "LetterOpener Message content_ty": 2.9798944993812573e-06,
    "LetterOpener Message filepath": 2.9798944993812573e-06,
    "LetterOpener Message templa": 2.9798944993812573e-06,
    "LetterOpener Message rend": 2.9798944993812573e-06,
    "LetterOpener Message initializ": 2.9798944993812573e-06,
    "LetterOpener DeliveryMethod deliver!": 2.9798944993812573e-06,
    "LetterOpener DeliveryMethod initializ": 2.9798944993812573e-06,
    "LetterOpener Message encoding": 2.9798944993812573e-06,
    "LetterOpener Message reply": 2.9798944993812573e-06,
    "LetterOpener Messag": 2.9798944993812573e-06,
    "LetterOpener Message from": 2.9798944993812573e-06,
    "LetterOpener Message <=>": 2.9798944993812573e-06,
    "LetterOpener Message h": 2.9798944993812573e-06,
    "LetterOpener Message auto_link": 2.9798944993812573e-06,
    "LetterOpener Message rendered_messages": 5.512824526827599e-06,
    "LetterOpener Message send": 2.9798944993812573e-06,
    "LetterOpener Message bcc": 2.9798944993812573e-06,
    "LetterOpener Message cc": 2.9798944993812573e-06,
    "LetterOpener Message base_tag": 2.9798944993812573e-06,
    "LetterOpener configu": 2.9798944993812573e-06,
    "LetterOpener configurati": 2.9798944993812573e-06,
    "LetterOpener Message attachment_filenam": 2.9798944993812573e-06,
    "LetterOpener Configuration initializ": 2.9798944993812573e-06,
    "LetterOpener DeliveryMethod validate_mail!": 2.9798944993812573e-06,
    "LetterOpener Message subjec": 2.9798944993812573e-06
}