{
    "LLHttp version": 2.9798944993812573e-06,
    "LLHttp Parser free": 2.9798944993812573e-06,
    "LLHttp Parser build_error": 2.9798944993812573e-06,
    "LLHttp Parser finis": 2.9798944993812573e-06,
    "LLHttp Parser keep_alive?": 2.9798944993812573e-06,
    "LLHttp Parser http_minor": 2.9798944993812573e-06,
    "LLHttp Parser http_major": 2.9798944993812573e-06,
    "LLHttp Parser status_code": 2.9798944993812573e-06,
    "LLHttp Parser method_name": 2.9798944993812573e-06,
    "LLHttp Parser content_leng": 2.9798944993812573e-06,
    "LLHttp Parser parse": 2.9798944993812573e-06,
    "LLHttp Parser initialize": 5.512824526827599e-06,
    "LLHttp Parser rese": 2.9798944993812573e-06
}