{
    "Lockfile errmsg": 2.9798944993812573e-06,
    "Lockfile tra": 2.9798944993812573e-06,
    "Lockfile to_str": 2.9798944993812573e-06,
    "Lockfile getopt": 2.9798944993812573e-06,
    "Lockfile touch": 2.9798944993812573e-06,
    "Lockfile creat": 2.9798944993812573e-06,
    "Lockfile tmpnam": 2.9798944993812573e-06,
    "Lockfile load_lock_id": 2.9798944993812573e-06,
    "Lockfile dump_lock_id": 2.9798944993812573e-06,
    "Lockfile timestamp": 2.9798944993812573e-06,
    "Lockfile gen_lock_id": 2.9798944993812573e-06,
    "Lockfile create_tmp": 2.9798944993812573e-06,
    "Lockfile uncach": 2.9798944993812573e-06,
    "Lockfile validlock?": 2.9798944993812573e-06,
    "Lockfile new_refresher": 2.9798944993812573e-06,
    "Lockfile un": 2.9798944993812573e-06,
    "L": 2.9798944993812573e-06,
    "Lockfile initializ": 2.9798944993812573e-06,
    "Lockfile init": 2.9798944993812573e-06,
    "Lockfile SleepCycle reset": 2.9798944993812573e-06,
    "Lockfile SleepCycle next": 2.9798944993812573e-06,
    "Lockfile SleepCycle initializ": 2.9798944993812573e-06,
    "Lockfile give_up!": 2.9798944993812573e-06,
    "Lockfile try_again!": 2.9798944993812573e-06,
    "Lockfile attempt": 2.9798944993812573e-06,
    "Lockfile alive?": 2.9798944993812573e-06,
    "Lockfile sweep": 2.9798944993812573e-06,
    "Lockfile version": 2.9798944993812573e-06,
    "Lockfile description": 2.9798944993812573e-06,
    "Lockfile synchroniz": 2.9798944993812573e-06
}