{
    "MimeType root_types": 2.9798944993812573e-06,
    "MimeType most_specific_typ": 2.9798944993812573e-06,
    "MimeType parse_media_typ": 2.9798944993812573e-06,
    "MimeType with_io": 2.9798944993812573e-06,
    "MimeType for_declared_typ": 2.9798944993812573e-06,
    "MimeType for_extension": 2.9798944993812573e-06,
    "MimeType for_n": 2.9798944993812573e-06,
    "MimeType for_dat": 2.9798944993812573e-06,
    "MimeType fo": 2.9798944993812573e-06,
    "MimeType extend": 2.9798944993812573e-06,
    "Marcel MimeType root_types": 2.9798944993812573e-06,
    "Marcel MimeType most_specific_typ": 2.9798944993812573e-06,
    "Marcel MimeType parse_media_typ": 2.9798944993812573e-06,
    "Marcel MimeType with_io": 2.9798944993812573e-06,
    "Marcel MimeType for_declared_typ": 2.9798944993812573e-06,
    "Marcel MimeType for_extension": 2.9798944993812573e-06,
    "Marcel MimeType for_n": 2.9798944993812573e-06,
    "Marcel MimeType for_dat": 2.9798944993812573e-06,
    "Marcel MimeType fo": 2.9798944993812573e-06,
    "Marcel MimeType extend": 2.9798944993812573e-06,
    "Marcel Magic magic_match_io": 2.9798944993812573e-06,
    "Marcel Magic magic_match": 2.9798944993812573e-06,
    "Marcel Magic child?": 2.9798944993812573e-06,
    "Marcel Magic hash": 2.9798944993812573e-06,
    "Marcel Magic eql?": 2.9798944993812573e-06,
    "Marcel Magic to_s": 2.9798944993812573e-06,
    "Marcel Magic all_by_magi": 2.9798944993812573e-06,
    "Marcel Magic by_magi": 2.9798944993812573e-06,
    "Marcel Magic by_path": 2.9798944993812573e-06,
    "Marcel Magic by_extension": 2.9798944993812573e-06,
    "Marcel Magic comment": 2.9798944993812573e-06,
    "Marcel Magic extensions": 2.9798944993812573e-06,
    "Marcel Magic child_of?": 2.9798944993812573e-06,
    "Marcel Magic video?": 2.9798944993812573e-06,
    "Marcel Magic audio?": 2.9798944993812573e-06,
    "Marcel Magic image?": 2.9798944993812573e-06,
    "Marcel Magic text?": 2.9798944993812573e-06,
    "Marcel Magic remov": 2.9798944993812573e-06,
    "Marcel Magic add": 2.9798944993812573e-06,
    "Marcel Magic initializ": 2.9798944993812573e-06
}