{
    "MethodDecorator +@": 2.9798944993812573e-06,
    "MethodDecorator curren": 2.9798944993812573e-06,
    "MethodDecorators define_others_singleton": 2.9798944993812573e-06,
    "MethodDecorators singleton": 2.9798944993812573e-06,
    "MethodD": 2.9798944993812573e-06,
    "MethodDecorators decorate_callabl": 2.9798944993812573e-06,
    "Retry call": 2.9798944993812573e-06,
    "Retry initializ": 2.9798944993812573e-06,
    "Precondition passes?": 2.9798944993812573e-06,
    "Precondition call": 2.9798944993812573e-06,
    "Precondition initializ": 2.9798944993812573e-06,
    "Memoize call": 2.9798944993812573e-06,
    "Memoize initializ": 2.9798944993812573e-06,
    "Memoiz": 2.9798944993812573e-06,
    "MethodDecorators Within call": 2.9798944993812573e-06,
    "MethodDecorators Within initializ": 2.9798944993812573e-06,
    "MethodDecorators Retry call": 2.9798944993812573e-06,
    "MethodDecorators Retry initializ": 2.9798944993812573e-06,
    "MethodDecorators Precondition passes?": 2.9798944993812573e-06,
    "MethodDecorators Precondition call": 2.9798944993812573e-06,
    "MethodDecorators Precondition initializ": 2.9798944993812573e-06,
    "MethodDecorators Memoiz": 2.9798944993812573e-06,
    "MethodDecorators Memoize call": 2.9798944993812573e-06,
    "MethodDecorators Decorator +@": 2.9798944993812573e-06,
    "MethodDecorators Decorator curren": 2.9798944993812573e-06,
    "MethodDecorators Memoize initializ": 2.9798944993812573e-06,
    "MethodDecorators Deprecated messag": 2.9798944993812573e-06,
    "MethodDecorators Deprecated call": 2.9798944993812573e-06,
    "MethodDecorators Deprecated initializ": 2.9798944993812573e-06
}