{
    "MimeMagic magic_match_io": 2.9798944993812573e-06,
    "MimeMagic magic_match": 2.9798944993812573e-06,
    "MimeMagic child?": 2.9798944993812573e-06,
    "MimeMagic hash": 2.9798944993812573e-06,
    "MimeMagic eql?": 2.9798944993812573e-06,
    "MimeMagic to_s": 2.9798944993812573e-06,
    "MimeMagic all_by_": 2.9798944993812573e-06,
    "MimeMagic by_": 5.512824526827599e-06,
    "MimeMagic by_path": 2.9798944993812573e-06,
    "MimeMagic by_extension": 2.9798944993812573e-06,
    "MimeMagic comment": 2.9798944993812573e-06,
    "MimeMagic extensions": 2.9798944993812573e-06,
    "MimeMagic child_of?": 2.9798944993812573e-06,
    "MimeMagic video?": 2.9798944993812573e-06,
    "MimeMagic audio?": 2.9798944993812573e-06,
    "MimeMagic image?": 2.9798944993812573e-06,
    "MimeMagic text?": 2.9798944993812573e-06,
    "MimeMagic remov": 2.9798944993812573e-06,
    "MimeMagic add": 2.9798944993812573e-06,
    "MimeMagic initializ": 2.9798944993812573e-06,
    "MimeMagic parse_databas": 2.9798944993812573e-06,
    "MimeMagic open_mime_databas": 2.9798944993812573e-06,
    "MimeMagic get_matches": 2.9798944993812573e-06,
    "MimeMagic str2int": 2.9798944993812573e-06
}