{
    "Spec": 2.9798944993812573e-06,
    "TestCase run_": 2.9798944993812573e-06,
    "Spec DSL": 2.9798944993812573e-06,
    "TestC": 2.9798944993812573e-06,
    "T": 2.9798944993812573e-06,
    "DSL": 2.9798944993812573e-06,
    "Spec DSL af": 2.9798944993812573e-06,
    "Spec DSL bef": 2.9798944993812573e-06,
    "": 2.9798944993812573e-06,
    "f": 2.9798944993812573e-06,
    "bef": 2.9798944993812573e-06
}