{
    "MiniMime Db lookup_by_content_typ": 2.9798944993812573e-06,
    "MiniMime Db lookup_by_extensio": 2.9798944993812573e-06,
    "MiniMime Db initializ": 2.9798944993812573e-06,
    "MiniMime Db RandomAccessDb resolv": 2.9798944993812573e-06,
    "MiniMime Db RandomAccessDb lookup_uncached": 2.9798944993812573e-06,
    "MiniMime Db RandomAccessDb lookup": 2.9798944993812573e-06,
    "MiniMime Db RandomAccessDb initializ": 2.9798944993812573e-06,
    "MiniMime Db Cache fetch": 2.9798944993812573e-06,
    "MiniMime Db Cache []=": 2.9798944993812573e-06,
    "MiniMime Db Cache initializ": 2.9798944993812573e-06,
    "MiniMime Db lookup_by_filena": 2.9798944993812573e-06,
    "MiniMime Info []": 2.9798944993812573e-06,
    "MiniMime Info initializ": 2.9798944993812573e-06,
    "MiniMime content_typ": 7.834677051986746e-06,
    "MiniMime binary_content_type?": 2.9798944993812573e-06,
    "MiniMime binary?": 2.9798944993812573e-06,
    "MiniMime Info binary?": 2.9798944993812573e-06,
    "MiniMime lookup_by_content_typ": 5.512824526827599e-06,
    "MiniMime lookup_by_filena": 1.4167002120602598e-05,
    "MiniMime lookup_by_extensio": 2.9798944993812573e-06,
    "MiniMime Db PReadFile pread": 2.9798944993812573e-06,
    "MiniMime Db PReadFile readl": 2.9798944993812573e-06,
    "MiniMime Db PReadFile initializ": 2.9798944993812573e-06
}