{
    "Nenv instanc": 2.9798944993812573e-06,
    "Nenv reset": 2.9798944993812573e-06,
    "Nenv method_missing": 2.9798944993812573e-06,
    "Nenv respond_to?": 2.9798944993812573e-06,
    "N": 2.9798944993812573e-06,
    "Nenv Environment _sanitiz": 2.9798944993812573e-06,
    "Nenv Environment create_method": 2.9798944993812573e-06,
    "Nenv Environment initializ": 2.9798944993812573e-06,
    "Nenv Environment AlreadyExistsError messag": 2.9798944993812573e-06,
    "Nenv Environment MethodError initializ": 2.9798944993812573e-06,
    "Nenv Environment Loader _to_bool": 2.9798944993812573e-06,
    "Nenv Environment Loader load": 2.9798944993812573e-06,
    "Nenv Environment Loader initializ": 2.9798944993812573e-06,
    "Nenv Environment Dumper dump": 2.9798944993812573e-06,
    "Nenv AutoEnvironment method_missing": 2.9798944993812573e-06,
    "Nenv Environment _fail_if_exists": 2.9798944993812573e-06,
    "Nenv Environment _create_env_method": 2.9798944993812573e-06,
    "Nenv Builder build": 2.9798944993812573e-06,
    "Nenv Environment _fail_if_accessor_exists": 2.9798944993812573e-06,
    "Nenv Environment _create_env_reader": 2.9798944993812573e-06,
    "Nenv Environment _create_env_writer": 2.9798944993812573e-06,
    "Nenv Environment _create_env_accessor": 2.9798944993812573e-06,
    "Nenv Environment _namespaced_sanitiz": 2.9798944993812573e-06,
    "Nenv Environment Loader setup": 2.9798944993812573e-06,
    "Nenv Environment Predicate call": 2.9798944993812573e-06,
    "Nenv Environment Default call": 2.9798944993812573e-06,
    "Nenv Environment Dumper setup": 2.9798944993812573e-06
}