{
    "Net SMTP star": 0.003084476976420658,
    "Net SMTP enable_starttls_auto": 0.001813497365434117,
    "Net SMTP initializ": 0.001813497365434117
}