{
    "DigestAuth make_cnonc": 2.9798944993812573e-06,
    "DigestAuth auth_header": 2.9798944993812573e-06,
    "DigestAuth initializ": 4.457437015391623e-06,
    "DigestAuth next_nonc": 2.9798944993812573e-06
}