{
    "Pipeline pipeline_keep_alive?": 2.9798944993812573e-06,
    "Pipeline pipeline_end_transpor": 2.9798944993812573e-06,
    "P": 2.9798944993812573e-06,
    "Pipeline pipeline_send": 2.9798944993812573e-06,
    "Pipeline pipeline_res": 2.9798944993812573e-06,
    "Pipeline pipeline_receiv": 2.9798944993812573e-06,
    "Pipeline pipeline_finis": 2.9798944993812573e-06,
    "Pipeline pipeline_check": 2.9798944993812573e-06,
    "Pipeline idempotent?": 2.9798944993812573e-06,
    "Pipeline ResponseError initializ": 2.9798944993812573e-06,
    "Pipeline PipelineError initializ": 2.9798944993812573e-06,
    "Pipeline PersistenceError initializ": 2.9798944993812573e-06,
    "Pipeline VersionError initializ": 2.9798944993812573e-06,
    "Pipeline Error initializ": 2.9798944993812573e-06
}