{
    "Net ReadAdapter call_block": 2.9798944993812573e-06,
    "Net ReadAdapter <<": 2.9798944993812573e-06,
    "Net ReadAdapter ins": 2.9798944993812573e-06,
    "Net ReadAdapter initializ": 2.9798944993812573e-06,
    "Net WriteAdapter printf": 2.9798944993812573e-06,
    "Net WriteAdapter puts": 2.9798944993812573e-06,
    "Net WriteAdapter <<": 2.9798944993812573e-06,
    "Net WriteAdapter wri": 2.9798944993812573e-06,
    "Net WriteAdapter ins": 2.9798944993812573e-06,
    "Net WriteAdapter initializ": 2.9798944993812573e-06,
    "Net InternetMessageIO buffer_filling": 2.9798944993812573e-06,
    "Net InternetMessageIO each_crlf_li": 2.9798944993812573e-06,
    "Net InternetMessageIO using_each_crlf_li": 2.9798944993812573e-06,
    "Net InternetMessageIO dot_stuff": 2.9798944993812573e-06,
    "Net InternetMessageIO write_message_by_block": 2.9798944993812573e-06,
    "Net InternetMessageIO write_messag": 2.9798944993812573e-06,
    "Net InternetMessageIO write_message_0": 2.9798944993812573e-06,
    "Net InternetMessageIO each_list_item": 2.9798944993812573e-06,
    "Net InternetMessageIO each_message_chunk": 2.9798944993812573e-06,
    "Net InternetMessageIO initializ": 2.9798944993812573e-06,
    "Net BufferedIO LOG": 2.9798944993812573e-06,
    "Net BufferedIO LOG_": 2.9798944993812573e-06,
    "Net BufferedIO LOG_off": 2.9798944993812573e-06,
    "Net BufferedIO write0": 2.9798944993812573e-06,
    "Net BufferedIO writing": 2.9798944993812573e-06,
    "Net BufferedIO writeli": 2.9798944993812573e-06,
    "Net BufferedIO wri": 2.9798944993812573e-06,
    "Net BufferedIO rbuf_consum": 2.9798944993812573e-06,
    "Net BufferedIO rbuf_fi": 2.9798944993812573e-06,
    "Net BufferedIO readli": 2.9798944993812573e-06,
    "Net BufferedIO readunti": 2.9798944993812573e-06,
    "Net BufferedIO read_a": 2.9798944993812573e-06,
    "Net BufferedIO read": 2.9798944993812573e-06,
    "Net BufferedIO clos": 2.9798944993812573e-06,
    "Net BufferedIO closed?": 2.9798944993812573e-06,
    "Net BufferedIO eof?": 2.9798944993812573e-06,
    "Net BufferedIO ins": 2.9798944993812573e-06,
    "Net BufferedIO initializ": 2.9798944993812573e-06,
    "Net WriteTimeout messag": 2.9798944993812573e-06,
    "Net WriteTimeout initializ": 2.9798944993812573e-06,
    "Net ReadTimeout messag": 2.9798944993812573e-06,
    "Net ReadTimeout initializ": 2.9798944993812573e-06,
    "Net Protocol ssl_socket_": 2.9798944993812573e-06,
    "Net Protocol protocol_param": 2.9798944993812573e-06,
    "Net BufferedIO rbuf_consume_all_shareable!": 2.9798944993812573e-06,
    "Net BufferedIO rbuf_siz": 2.9798944993812573e-06,
    "Net BufferedIO rbuf_flush": 2.9798944993812573e-06,
    "Net BufferedIO rbuf_consume_a": 2.9798944993812573e-06
}