{
    "Netrc unpars": 2.9798944993812573e-06,
    "Netrc sav": 2.9798944993812573e-06,
    "Netrc new_item": 2.9798944993812573e-06,
    "Netrc cou": 2.9798944993812573e-06,
    "Netrc []=": 2.9798944993812573e-06,
    "Netrc []": 4.457437015391623e-06,
    "Netrc initializ": 2.9798944993812573e-06,
    "Netrc pars": 2.9798944993812573e-06,
    "Netrc skip?": 2.9798944993812573e-06,
    "Netrc lex": 2.9798944993812573e-06,
    "Netrc read": 4.457437015391623e-06,
    "Netrc default_nam": 2.9798944993812573e-06,
    "Netrc default_path": 2.9798944993812573e-06,
    "Netrc each": 2.9798944993812573e-06,
    "Netrc del": 2.9798944993812573e-06,
    "Netrc length": 2.9798944993812573e-06,
    "Netrc check_permissions": 2.9798944993812573e-06,
    "Netrc configu": 2.9798944993812573e-06,
    "Netrc config": 2.9798944993812573e-06,
    "Netrc netrc_filenam": 2.9798944993812573e-06,
    "Netrc home_path": 2.9798944993812573e-06,
    "Netrc TokenArray readto": 2.9798944993812573e-06,
    "Netrc TokenArray tak": 2.9798944993812573e-06
}