{
    "NhtsaVin ge": 2.9798944993812573e-06,
    "NhtsaVin Query fetc": 2.9798944993812573e-06,
    "NhtsaVin Query build_url": 2.9798944993812573e-06,
    "NhtsaVin Query value_id_for": 2.9798944993812573e-06,
    "NhtsaVin Query value_for": 2.9798944993812573e-06,
    "NhtsaVin Query get_row": 2.9798944993812573e-06,
    "NhtsaVin Query vehicle_type": 2.9798944993812573e-06,
    "NhtsaVin Query parse": 2.9798944993812573e-06,
    "NhtsaVin Query valid?": 2.9798944993812573e-06,
    "NhtsaVin Query ge": 2.9798944993812573e-06,
    "NhtsaVin Query initialize": 2.9798944993812573e-06,
    "NhtsaVin Validation checksum": 2.9798944993812573e-06,
    "NhtsaVin Validation regex": 2.9798944993812573e-06,
    "NhtsaVin Validation valid?": 2.9798944993812573e-06,
    "NhtsaVin Validation initialize": 2.9798944993812573e-06,
    "NhtsaVin validate": 2.9798944993812573e-06
}