{
    "Numerizer anditio": 2.9798944993812573e-06,
    "N": 5.512824526827599e-06
}