{
    "OAuth TTY Commands VersionCommand run": 2.9798944993812573e-06,
    "OAuth TTY Commands SignCommand xmpp_outp": 2.9798944993812573e-06,
    "OAuth TTY Commands SignCommand puts_verbose_reques": 2.9798944993812573e-06,
    "OAuth TTY Commands SignCommand puts_verbose_parameters": 2.9798944993812573e-06,
    "OAuth TTY Commands SignCommand _run": 2.9798944993812573e-06,
    "OAuth TTY Commands SignCommand required_options": 2.9798944993812573e-06,
    "OAuth TTY Commands QueryCommand _run": 2.9798944993812573e-06,
    "OAuth TTY Commands QueryCommand required_options": 2.9798944993812573e-06,
    "OAuth TTY Commands HelpCommand run": 2.9798944993812573e-06,
    "OAuth TTY Commands AuthorizeCommand verbosely_get_access_token": 2.9798944993812573e-06,
    "OAuth TTY Commands AuthorizeCommand ask_user_for_verifier": 2.9798944993812573e-06,
    "OAuth TTY Commands AuthorizeCommand get_consumer": 2.9798944993812573e-06,
    "OAuth TTY Commands AuthorizeCommand get_request_token": 2.9798944993812573e-06,
    "OAuth TTY Commands AuthorizeCommand _run": 2.9798944993812573e-06,
    "OAuth TTY Commands AuthorizeCommand required_options": 2.9798944993812573e-06,
    "OAuth TTY Command _option_parser_authorization": 2.9798944993812573e-06,
    "OAuth TTY Command _option_parser_sign_and_quer": 2.9798944993812573e-06,
    "OAuth TTY Command _option_parser_common": 2.9798944993812573e-06,
    "OAuth TTY Command _option_parser_defaults": 2.9798944993812573e-06,
    "OAuth TTY Command option_parser": 2.9798944993812573e-06,
    "OAuth TTY Command parameters": 2.9798944993812573e-06,
    "OAuth TTY Command aler": 2.9798944993812573e-06,
    "OAuth TTY Command puts": 2.9798944993812573e-06,
    "OAuth TTY Command verbose?": 2.9798944993812573e-06,
    "OAuth TTY Command xmpp?": 2.9798944993812573e-06,
    "OAuth TTY Command show_missing": 2.9798944993812573e-06,
    "OAuth TTY Command required_options": 2.9798944993812573e-06,
    "OAuth TTY Command run": 2.9798944993812573e-06,
    "OAuth TTY Command initialize": 2.9798944993812573e-06,
    "OAuth TTY CLI parse_command": 2.9798944993812573e-06,
    "OAuth TTY CLI get_command_class": 2.9798944993812573e-06,
    "OAuth TTY CLI run": 2.9798944993812573e-06,
    "OAuth TTY CLI initialize": 2.9798944993812573e-06,
    "OAuth TTY CLI puts_red": 2.9798944993812573e-06
}