{
    "OS bit": 2.9798944993812573e-06,
    "OS windows?": 9.312219567997112e-06,
    "OS java?": 2.9798944993812573e-06,
    "OS linux?": 2.9798944993812573e-06,
    "OS ruby_exe": 2.9798944993812573e-06,
    "OS posix?": 2.9798944993812573e-06,
    "OS ruby_bin": 2.9798944993812573e-06,
    "OS mac?": 2.9798944993812573e-06,
    "OS cygwin?": 2.9798944993812573e-06,
    "OS Underlying windows?": 2.9798944993812573e-06,
    "OS rss_byte": 2.9798944993812573e-06,
    "OS iron_ruby?": 2.9798944993812573e-06,
    "OS dev_null": 2.9798944993812573e-06,
    "OS report": 2.9798944993812573e-06,
    "OS Underlying linux?": 2.9798944993812573e-06,
    "OS Underlying bsd?": 2.9798944993812573e-06,
    "OS osx?": 2.9798944993812573e-06,
    "OS config": 2.9798944993812573e-06,
    "OS hwprefs_available?": 2.9798944993812573e-06,
    "OS cpu_count": 2.9798944993812573e-06,
    "OS open_file_command": 2.9798944993812573e-06,
    "OS x?": 2.9798944993812573e-06,
    "OS freebsd?": 2.9798944993812573e-06,
    "OS app_config_path": 2.9798944993812573e-06,
    "OS Underlying docker?": 2.9798944993812573e-06,
    "OS parse_os_release": 2.9798944993812573e-06
}