{
    "PandocRuby convert_options": 2.9798944993812573e-06,
    "PandocRuby convert": 2.9798944993812573e-06,
    "PandocRuby execute": 2.9798944993812573e-06,
    "PandocRuby initialize": 2.9798944993812573e-06,
    "PandocRuby bin_path=": 2.9798944993812573e-06,
    "PandocRuby to_html": 2.9798944993812573e-06,
    "PandocRuby convert_opts_with_args": 2.9798944993812573e-06,
    "PandocRuby allow_file_paths=": 2.9798944993812573e-06,
    "PandocRuby will_output_binary?": 2.9798944993812573e-06,
    "PandocRuby convert_bi": 2.9798944993812573e-06,
    "PandocRuby set_pandoc_ruby_options": 2.9798944993812573e-06,
    "PandocRuby option_flag": 2.9798944993812573e-06,
    "PandocRuby create_opti": 2.9798944993812573e-06,
    "PandocRuby prepare_options": 2.9798944993812573e-06,
    "PandocRuby command_with_options": 2.9798944993812573e-06,
    "PandocRuby convert_string": 2.9798944993812573e-06,
    "PandocRuby executable": 2.9798944993812573e-06,
    "PandocRuby write": 2.9798944993812573e-06,
    "PandocRuby binary_output": 2.9798944993812573e-06,
    "PandocRuby options_string": 2.9798944993812573e-06,
    "PandocRuby options": 2.9798944993812573e-06,
    "PandocRuby format_flag": 2.9798944993812573e-06,
    "PandocRuby option_string": 2.9798944993812573e-06,
    "PandocRuby pandoc_path=": 2.9798944993812573e-06,
    "PandocRuby execute_": 2.9798944993812573e-06
}