{
    "PathExpander filter_files": 2.9798944993812573e-06,
    "PathExpander process": 4.246359513104428e-06,
    "PathExpander process_flags": 2.9798944993812573e-06,
    "PathExpander process_args": 2.9798944993812573e-06,
    "PathExpander process_fil": 2.9798944993812573e-06,
    "PathExpander expand_dirs_to_files": 2.9798944993812573e-06,
    "PathExpander initializ": 4.246359513104428e-06
}