{
    "PidFile process_exists?": 2.9798944993812573e-06,
    "PidFile remove_": 2.9798944993812573e-06,
    "PidFile create_": 2.9798944993812573e-06,
    "PidFile running?": 2.9798944993812573e-06,
    "PidFile pidfile_exists?": 2.9798944993812573e-06,
    "PidFile locktim": 2.9798944993812573e-06,
    "PidFile releas": 2.9798944993812573e-06,
    "PidFile alive?": 2.9798944993812573e-06,
    "PidF": 2.9798944993812573e-06,
    "PidFile pidpath": 2.9798944993812573e-06,
    "PidFile initializ": 2.9798944993812573e-06
}