{
    "POSIX Spawn adjust_process_spawn_argv": 2.9798944993812573e-06,
    "POSIX Spawn fd_to_": 2.9798944993812573e-06,
    "POSIX Spawn fd?": 2.9798944993812573e-06,
    "POSIX Spawn default_file_reopen_inf": 2.9798944993812573e-06,
    "POSIX Spawn normalize_process_spawn_redirect_file_options!": 2.9798944993812573e-06,
    "POSIX Spawn flatten_process_spawn_options!": 2.9798944993812573e-06,
    "POSIX Spawn extract_process_spawn_argument": 2.9798944993812573e-06,
    "POSIX Spawn popen4": 2.9798944993812573e-06,
    "POSIX Spawn `": 2.9798944993812573e-06,
    "POSIX Spawn system": 2.9798944993812573e-06,
    "POSIX Spawn f": 2.9798944993812573e-06,
    "POSIX S": 2.9798944993812573e-06,
    "POSIX Spawn Child waitpid": 2.9798944993812573e-06,
    "POSIX Spawn Child read_and_write": 2.9798944993812573e-06,
    "POSIX Spawn Child exec!": 2.9798944993812573e-06,
    "POSIX Spawn Child success?": 2.9798944993812573e-06,
    "POSIX Spawn Child initialize": 2.9798944993812573e-06,
    "POSIX Spawn system_command_prefixe": 2.9798944993812573e-06,
    "IO posix_file": 2.9798944993812573e-06,
    "POSIX Spawn Child build": 2.9798944993812573e-06
}