{
    "PrivatePub faye_extension": 2.9798944993812573e-06,
    "PrivatePub publish": 2.9798944993812573e-06,
    "PrivatePub subscription": 2.9798944993812573e-06,
    "PrivatePub reset_config": 2.9798944993812573e-06,
    "PrivatePub secret_token": 2.9798944993812573e-06,
    "PrivatePub secret_token=": 2.9798944993812573e-06,
    "PrivatePub signature_expiration": 2.9798944993812573e-06,
    "PrivatePub signature_expiration=": 2.9798944993812573e-06,
    "PrivatePub s": 2.9798944993812573e-06,
    "PrivatePub server=": 2.9798944993812573e-06,
    "PrivatePub FayeExtension authenticate_publish": 2.9798944993812573e-06,
    "PrivatePub FayeExtension authenticate_subsc": 2.9798944993812573e-06,
    "PrivatePub FayeExtension incoming": 2.9798944993812573e-06,
    "PrivatePubHelper subscribe_to": 2.9798944993812573e-06,
    "PrivatePubHelper publish_to": 2.9798944993812573e-06,
    "PrivatePub Generators InstallGenerator copy_files": 2.9798944993812573e-06,
    "PrivatePub Generators InstallGenerator source_roo": 2.9798944993812573e-06,
    "PrivatePub signature_expired?": 2.9798944993812573e-06,
    "PrivatePub load_config": 2.9798944993812573e-06,
    "PrivatePub ViewHelpers subscribe_to": 2.9798944993812573e-06,
    "PrivatePub ViewHelpers publish_to": 2.9798944993812573e-06,
    "PrivatePub fay": 2.9798944993812573e-06,
    "PrivatePub publish_messag": 2.9798944993812573e-06,
    "PrivatePub messag": 2.9798944993812573e-06,
    "PrivatePub publish_to": 2.9798944993812573e-06
}