{
    "PusherClient logger=": 2.9798944993812573e-06,
    "PusherClient logg": 2.9798944993812573e-06,
    "PusherClient Socket pa": 2.9798944993812573e-06,
    "PusherClient Socket send_local_ev": 2.9798944993812573e-06,
    "PusherClient Socket send_ev": 2.9798944993812573e-06,
    "PusherClient Socket subscribe_a": 2.9798944993812573e-06,
    "PusherClient Socket []": 2.9798944993812573e-06,
    "PusherClient Socket bind": 2.9798944993812573e-06,
    "PusherClient Socket unsubscrib": 2.9798944993812573e-06,
    "PusherClient Socket subscrib": 2.9798944993812573e-06,
    "PusherClient Socket disco": 2.9798944993812573e-06,
    "PusherClient Socket co": 2.9798944993812573e-06,
    "PusherClient Socket initializ": 2.9798944993812573e-06,
    "PusherClient Channels siz": 2.9798944993812573e-06,
    "PusherClient Channels empty?": 2.9798944993812573e-06,
    "PusherClient Channels remov": 2.9798944993812573e-06,
    "PusherClient Channels find": 2.9798944993812573e-06,
    "PusherClient Channels add": 2.9798944993812573e-06,
    "PusherClient Channels initializ": 2.9798944993812573e-06,
    "PusherClient Channel acknowledge_subscriptio": 2.9798944993812573e-06,
    "PusherClient Channel dispatch_global_callback": 2.9798944993812573e-06,
    "PusherClient Channel dispa": 2.9798944993812573e-06,
    "PusherClient Channel dispatch_with_a": 2.9798944993812573e-06,
    "PusherClient Channel bind": 2.9798944993812573e-06,
    "PusherClient Channel initializ": 2.9798944993812573e-06,
    "PusherClient Socket get_presence_a": 2.9798944993812573e-06,
    "PusherClient Socket get_private_a": 2.9798944993812573e-06,
    "PusherClient Socket is_presence_cha": 2.9798944993812573e-06,
    "PusherClient Socket is_private_cha": 2.9798944993812573e-06,
    "PusherClient Socket authorize_callback": 2.9798944993812573e-06,
    "PusherClient Socket authoriz": 2.9798944993812573e-06,
    "PusherClient PusherWebSocket clo": 2.9798944993812573e-06,
    "PusherClient PusherWebSocket receiv": 2.9798944993812573e-06,
    "PusherClient PusherWebSocket send": 2.9798944993812573e-06,
    "PusherClient PusherWebSocket path_to_": 2.9798944993812573e-06,
    "PusherClient PusherWebSocket initializ": 2.9798944993812573e-06,
    "PusherClient Socket hma": 2.9798944993812573e-06,
    "PusherClient Socket connect_interna": 2.9798944993812573e-06,
    "PusherClient Socket send_channel_ev": 2.9798944993812573e-06,
    "PusherClient NullChannel method_missing": 2.9798944993812573e-06,
    "PusherClient NullChannel initializ": 2.9798944993812573e-06
}