{
    "Quickbooks Base send_chain": 2.9798944993812573e-06,
    "Quickbooks Base create_service_f": 2.9798944993812573e-06,
    "Quickbooks Base retriev": 2.9798944993812573e-06,
    "Quickbooks Base company_id": 2.9798944993812573e-06,
    "Quickbooks Base secret": 2.9798944993812573e-06,
    "Quickbooks Base token": 2.9798944993812573e-06,
    "Quickbooks Base describing_method": 2.9798944993812573e-06,
    "Quickbooks Base show": 2.9798944993812573e-06,
    "Quickbooks Base oauth_client": 2.9798944993812573e-06,
    "Quickbooks Base quickbooks_ruby_serv": 2.9798944993812573e-06,
    "Quickbooks Base quickbooks_ruby_model": 2.9798944993812573e-06,
    "Quickbooks Base generate_quickbooks_ruby_namesp": 2.9798944993812573e-06,
    "Quickbooks Base initializ": 2.9798944993812573e-06,
    "Quickbooks Base Configuration oauth_consum": 2.9798944993812573e-06,
    "Quickbooks Base Configuration oauth_consumer=": 2.9798944993812573e-06,
    "Quickbooks Base Configuration config": 2.9798944993812573e-06,
    "Quickbooks Base description": 2.9798944993812573e-06,
    "Quickbooks Base id": 2.9798944993812573e-06,
    "Quickbooks Base Finders display_nam": 2.9798944993812573e-06,
    "Quickbooks Base Finders display_name_sql": 2.9798944993812573e-06,
    "Quickbooks Base Finders sql_build": 2.9798944993812573e-06,
    "Quickbooks Base Finders qbuild": 2.9798944993812573e-06,
    "Quickbooks Base Finders find_by_display_nam": 2.9798944993812573e-06,
    "Quickbooks Base Finders find_by_id": 2.9798944993812573e-06,
    "Quickbooks Base entit": 2.9798944993812573e-06,
    "Quickbooks Base determine_serv": 2.9798944993812573e-06,
    "Quickbooks Base service_f": 2.9798944993812573e-06,
    "Quickbooks Base qbo_": 2.9798944993812573e-06,
    "Quickbooks Base refresh_token": 2.9798944993812573e-06
}