{
    "Rack Parser _call": 2.9798944993812573e-06,
    "Rack Parser call": 2.9798944993812573e-06,
    "Rack Parser initializ": 2.9798944993812573e-06,
    "Rack Parser warn!": 2.9798944993812573e-06,
    "Rack Parser match_content_types_fo": 2.9798944993812573e-06
}