{
    "Rack RawUpload content_type_of_raw_file?": 2.9798944993812573e-06,
    "Rack RawUpload wildcard_path_match?": 2.9798944993812573e-06,
    "Rack RawUpload literal_path_match?": 2.9798944993812573e-06,
    "Rack RawUpload raw_file_post?": 2.9798944993812573e-06,
    "Rack RawUpload kick_in?": 2.9798944993812573e-06,
    "Rack RawUpload convert_and_pass_on": 2.9798944993812573e-06,
    "Rack RawUpload upload_path?": 2.9798944993812573e-06,
    "Rack RawU": 2.9798944993812573e-06,
    "Rack RawUpload initialize": 2.9798944993812573e-06,
    "Rack EqlFix eql_with_fix?": 2.9798944993812573e-06,
    "Rack RawUpload random_string": 2.9798944993812573e-06,
    "Rack RawUpload input_is_present?": 2.9798944993812573e-06,
    "Rack RawUpload raw_file_upload?": 2.9798944993812573e-06,
    "Rack RawUpload relink_file": 2.9798944993812573e-06,
    "Rack RawUpload create_tempfile": 2.9798944993812573e-06,
    "Rack RawUpload inject_query_params!": 2.9798944993812573e-06,
    "Rack RawUpload inject_json_params!": 2.9798944993812573e-06
}