{
    "Rails Controller Testing TestP": 2.9798944993812573e-06,
    "Rails Controller Testing TemplateAssertions assert_temp": 2.9798944993812573e-06,
    "Rails Controller Testing TemplateAssertions reset_template_": 2.9798944993812573e-06,
    "Rails Controller Testing TemplateAssertions p": 2.9798944993812573e-06,
    "Rails Controller Testing TemplateAssertions teardown_subscrip": 2.9798944993812573e-06,
    "Rails Controller Testing TemplateAssertions setup_subscrip": 2.9798944993812573e-06,
    "Rails Controller T": 2.9798944993812573e-06
}