{
    "Steak Autocomplete choose_autocomplete_": 2.9798944993812573e-06,
    "SimpleForm Inputs AutocompleteCollectionInput in": 2.9798944993812573e-06,
    "SimpleForm Inputs AutocompleteInput has_placeholder?": 2.9798944993812573e-06,
    "SimpleForm Inputs AutocompleteIn": 2.9798944993812573e-06,
    "SimpleForm Inputs AutocompleteInput in": 2.9798944993812573e-06,
    "SimpleForm Inputs Autocomplete rewrite_autocomplete_option": 2.9798944993812573e-06,
    "Rails4Autocomplete Orm Mongoid get_autocomplete_": 2.9798944993812573e-06,
    "Rails4Autocomplete Orm Mongoid get_autocomplete_ord": 2.9798944993812573e-06,
    "Rails4Autocomplete Orm MongoMapper get_autocomplete_": 2.9798944993812573e-06,
    "Rails4Autocomplete Orm MongoMapper get_autocomplete_ord": 2.9798944993812573e-06,
    "Rails4Autocomplete Orm ActiveRecord postgres?": 2.9798944993812573e-06,
    "Rails4Autocomplete Orm ActiveRecord get_autocomplete_where_": 2.9798944993812573e-06,
    "Rails4Autocomplete Orm ActiveRecord get_autocomplete_select_": 2.9798944993812573e-06,
    "Rails4Autocomplete Orm ActiveRecord get_autocomplete_": 2.9798944993812573e-06,
    "Rails4Autocomplete Orm ActiveRecord get_autocomplete_ord": 2.9798944993812573e-06,
    "Rails4Autocomplete FormtasticPlugin autocompleted_string_in": 2.9798944993812573e-06,
    "Rails4Autocomplete FormtasticPlugin autocomplete_in": 2.9798944993812573e-06,
    "Formtastic Inputs AutocompleteInput to_h": 2.9798944993812573e-06,
    "FormBuilder autocomplete_field": 2.9798944993812573e-06,
    "ActionView Helpers rewrite_autocomplete_option": 2.9798944993812573e-06,
    "ActionView Helpers FormTagHelper autocomplete_field_tag": 2.9798944993812573e-06,
    "ActionView Helpers FormHelper autocomplete_field": 2.9798944993812573e-06,
    "Rails4Autocomplete Autocomplete json_for_": 2.9798944993812573e-06,
    "Rails4Autocomplete Autocomplete get_obj": 2.9798944993812573e-06,
    "Rails4Autocomplete Autocomplete get_autocomplete_": 2.9798944993812573e-06,
    "Rails4Autocomplete Autocomplete ClassMethod": 2.9798944993812573e-06,
    "Rails4Autocomplete Autocomplete included": 2.9798944993812573e-06,
    "Autocomplete UncompressedGenerator source_": 2.9798944993812573e-06,
    "Autocomplete UncompressedGenerator in": 2.9798944993812573e-06,
    "Autocomplete InstallGenerator source_": 2.9798944993812573e-06,
    "Autocomplete InstallGenerator in": 2.9798944993812573e-06
}