{
    "FSEvent parse_optio": 2.9798944993812573e-06,
    "FSEvent open_pip": 2.9798944993812573e-06,
    "FSEvent shellescap": 2.9798944993812573e-06,
    "FSEvent shellescaped_path": 2.9798944993812573e-06,
    "FSEvent options_string": 2.9798944993812573e-06,
    "FSEvent process_running?": 2.9798944993812573e-06,
    "FSEvent stop": 2.9798944993812573e-06,
    "FSEvent ru": 3.824204508530037e-06,
    "FSEvent watch": 6.357134535976379e-06,
    "FSEvent initializ": 1.6488854645761746e-05,
    "OTNetstring with_encoding": 2.9798944993812573e-06,
    "OTNetstring encod": 2.9798944993812573e-06,
    "OTNetstring pa": 2.9798944993812573e-06,
    "FSEvent li": 2.9798944993812573e-06,
    "FSEvent launch_bi": 2.9798944993812573e-06,
    "FSEvent bin_path": 2.9798944993812573e-06,
    "FSEvent pip": 2.9798944993812573e-06
}