{
    "INotify Watcher initialize": 2.9798944993812573e-06,
    "INotify Watcher close": 2.9798944993812573e-06,
    "INotify Watcher callback!": 2.9798944993812573e-06,
    "INotify Notifier read_events": 2.9798944993812573e-06,
    "INotify Notifier process": 2.9798944993812573e-06,
    "INotify Notifier ru": 2.9798944993812573e-06,
    "INotify Notifier watch": 5.512824526827599e-06,
    "INotify Notifier initialize": 1.5644544636612964e-05,
    "INotify Native Flags from_mask": 2.9798944993812573e-06,
    "INotify Native Flags to_mask": 2.9798944993812573e-06,
    "INotify Event size": 2.9798944993812573e-06,
    "INotify Event callback!": 2.9798944993812573e-06,
    "INotify Event initialize": 2.9798944993812573e-06,
    "INotify Event consume": 2.9798944993812573e-06,
    "INotify Event flags": 2.9798944993812573e-06,
    "INotify Event watche": 2.9798944993812573e-06,
    "INotify Notifier readpartial": 2.9798944993812573e-06,
    "INotify Notifier close": 2.9798944993812573e-06,
    "INotify Notifier stop": 2.9798944993812573e-06,
    "INotify Notifier to_": 2.9798944993812573e-06,
    "INotify Notifier fd": 2.9798944993812573e-06,
    "INotify Event fix_encoding": 2.9798944993812573e-06,
    "INotify Event absolute_name": 2.9798944993812573e-06,
    "INotify Notifier supports_ruby_io?": 2.9798944993812573e-06
}