{
    "Redcarpet generate_to": 2.9798944993812573e-06,
    "Redcarpet initializ": 2.9798944993812573e-06,
    "RedcarpetCompat initializ": 2.9798944993812573e-06,
    "RedcarpetCompat to_html": 2.9798944993812573e-06,
    "Redcarpet Render SmartyPants ren": 2.9798944993812573e-06,
    "Redcarpet Render XHTML initializ": 2.9798944993812573e-06,
    "Redcarpet Render ManPage list_item": 2.9798944993812573e-06,
    "Redcarpet Render ManPage lis": 2.9798944993812573e-06,
    "Redcarpet Render ManPage paragraph": 2.9798944993812573e-06,
    "Redcarpet Render ManPage linebreak": 2.9798944993812573e-06,
    "Redcarpet Render ManPage emphasis": 2.9798944993812573e-06,
    "Redcarpet Render ManPage double_emphasis": 2.9798944993812573e-06,
    "Redcarpet Render ManPage h": 2.9798944993812573e-06,
    "Redcarpet Render ManPage codespan": 2.9798944993812573e-06,
    "Redcarpet Render ManPage block_co": 2.9798944993812573e-06,
    "Redcarpet Render ManPage normal_tex": 2.9798944993812573e-06,
    "Redcarpet Markdown initializ": 2.9798944993812573e-06,
    "RedcarpetCompat list_to_truthy_hash": 2.9798944993812573e-06,
    "RedcarpetCompat parse_extensions_and_renderer_options": 2.9798944993812573e-06,
    "RedcarpetCompat rename_extensions": 2.9798944993812573e-06,
    "Redcarpet Render StripDown link": 2.9798944993812573e-06,
    "Redcarpet Render StripDown h": 2.9798944993812573e-06,
    "Redcarpet Render StripDown paragraph": 2.9798944993812573e-06,
    "Redcarpet Render StripDown imag": 2.9798944993812573e-06,
    "Redcarpet Render Safe html_es": 2.9798944993812573e-06,
    "Redcarpet Render Safe block_co": 2.9798944993812573e-06,
    "Redcarpet Render Safe initializ": 2.9798944993812573e-06,
    "Redcarpet CLI legacy_parse!": 2.9798944993812573e-06,
    "Redcarpet CLI parser_obj": 2.9798944993812573e-06,
    "Redcarpet CLI render_obj": 2.9798944993812573e-06,
    "Redcarpet CLI process": 2.9798944993812573e-06,
    "Redcarpet CLI options_pars": 2.9798944993812573e-06,
    "Redcarpet Render StripDown table_cell": 2.9798944993812573e-06,
    "Redcarpet Render StripDown table_row": 2.9798944993812573e-06,
    "Redcarpet Render StripDown tabl": 2.9798944993812573e-06
}