{
    "RedisRateLimiter exceeded?": 2.9798944993812573e-06,
    "RedisRateL": 2.9798944993812573e-06,
    "RedisRateLimiter initializ": 2.9798944993812573e-06,
    "RedisRateLimiter time_since_o": 2.9798944993812573e-06,
    "RedisRateLimiter retry_in?": 2.9798944993812573e-06,
    "RedisRateLimiter coun": 2.9798944993812573e-06
}