{
    "RedminePluginKit textarea_cols": 2.9798944993812573e-06,
    "RedminePluginKit false?": 2.9798944993812573e-06,
    "RedminePluginKit true?": 2.9798944993812573e-06,
    "RedminePluginKit PluginBase ClassMethods settings": 2.9798944993812573e-06,
    "RedminePluginKit PluginBase ClassMethods init_loa": 2.9798944993812573e-06,
    "RedminePluginKit PluginBase ClassMethods setting?": 2.9798944993812573e-06,
    "RedminePluginKit PluginBase ClassMethods s": 2.9798944993812573e-06,
    "RedminePluginKit PluginBase ClassMethods loa": 2.9798944993812573e-06,
    "RedminePluginKit PluginBase ClassMethods": 2.9798944993812573e-06,
    "RedminePluginKit PluginBase ClassMethods setup!": 2.9798944993812573e-06,
    "RedminePluginKit PluginBase inc": 2.9798944993812573e-06,
    "RedminePluginKit Loader apply_global_helpers!": 2.9798944993812573e-06,
    "RedminePluginKit Loader apply_helpers!": 2.9798944993812573e-06,
    "RedminePluginKit Loader apply_patches!": 2.9798944993812573e-06,
    "RedminePluginKit Loader validate_apply": 2.9798944993812573e-06,
    "RedminePluginKit Loader apply!": 2.9798944993812573e-06,
    "RedminePluginKit Loader add_global_h": 2.9798944993812573e-06,
    "RedminePluginKit Loader add_h": 2.9798944993812573e-06,
    "RedminePluginKit Loader add_patch": 2.9798944993812573e-06,
    "RedminePluginKit Loader load_custom_field_format!": 2.9798944993812573e-06,
    "RedminePluginKit Loader load_macros!": 2.9798944993812573e-06,
    "RedminePluginKit Loader load_view_hooks!": 2.9798944993812573e-06,
    "RedminePluginKit Loader load_model_hooks!": 2.9798944993812573e-06,
    "RedminePluginKit Loader incompatible?": 2.9798944993812573e-06,
    "RedminePluginKit Loader require_files": 2.9798944993812573e-06,
    "RedminePluginKit Loa": 2.9798944993812573e-06,
    "RedminePluginKit Loader apply_res": 2.9798944993812573e-06,
    "RedminePluginKit Loader yaml_config_loa": 2.9798944993812573e-06,
    "RedminePluginKit Loader default_settings": 2.9798944993812573e-06,
    "RedminePluginKit Loader initializ": 2.9798944993812573e-06,
    "RedminePluginKit Loader redmine_database_ready?": 5.512824526827599e-06,
    "RedminePluginKit Loader after_initializ": 2.9798944993812573e-06,
    "RedminePluginKit Loader persis": 2.9798944993812573e-06,
    "RedminePluginKit Loader to_prepa": 2.9798944993812573e-06,
    "RedminePluginKit Helpers GlobalHelper link_to": 2.9798944993812573e-06,
    "RedminePluginKit Helpers GlobalHelper link_to_externa": 2.9798944993812573e-06,
    "RedminePluginKit Debug raw_ms": 2.9798944993812573e-06,
    "RedminePluginKit Debug ms": 2.9798944993812573e-06,
    "RedminePluginKit Debug lo": 2.9798944993812573e-06
}