{
    "ial_with_active_templ": 2.9798944993812573e-06,
    "mplate_with_active_templ": 2.9798944993812573e-06,
    "with": 2.9798944993812573e-06,
    "mpl": 2.9798944993812573e-06,
    "ctive_templ": 2.9798944993812573e-06,
    "ctive_template_stack": 2.9798944993812573e-06,
    "find_all_with_exclusions": 2.9798944993812573e-06,
    "xclusions": 2.9798944993812573e-06,
    "find_templ": 2.9798944993812573e-06,
    "with_active_templ": 2.9798944993812573e-06,
    "initialize_with_exclusions": 2.9798944993812573e-06,
    "xclu": 2.9798944993812573e-06
}