{
    "Kern": 2.9798944993812573e-06,
    "R": 8.045754554273942e-06,
    "Retriable Retry perform": 2.9798944993812573e-06,
    "Retriable Retry initializ": 2.9798944993812573e-06,
    "Retriable DSL": 2.9798944993812573e-06,
    "Retriable config": 2.9798944993812573e-06,
    "Retriable configu": 2.9798944993812573e-06,
    "Retriable ExponentialBackoff randomiz": 2.9798944993812573e-06,
    "Retriable ExponentialBackoff intervals": 2.9798944993812573e-06,
    "Retriable ExponentialBackoff initializ": 2.9798944993812573e-06,
    "Retriable Config initializ": 2.9798944993812573e-06,
    "Retriable randomized_interv": 2.9798944993812573e-06,
    "Retriable retry": 2.9798944993812573e-06,
    "Retriable Config to_h": 2.9798944993812573e-06,
    "Retriable with_contex": 2.9798944993812573e-06,
    "Kernel retriable_with_contex": 2.9798944993812573e-06
}