{
    "": 2.9798944993812573e-06,
    "Kern": 2.9798944993812573e-06,
    "Kernel check_for_invalid_options": 2.9798944993812573e-06,
    "Retryable Version to_s": 2.9798944993812573e-06,
    "Retryable enabled?": 2.9798944993812573e-06,
    "Retryable dis": 2.9798944993812573e-06,
    "Retryable en": 2.9798944993812573e-06,
    "Retryable check_for_invalid_options": 2.9798944993812573e-06,
    "R": 2.9798944993812573e-06,
    "Retryable configuration": 2.9798944993812573e-06,
    "Retryable configu": 2.9798944993812573e-06,
    "Retryable Configuration merg": 2.9798944993812573e-06,
    "Retryable Configuration to_hash": 2.9798944993812573e-06,
    "Retryable Configuration []": 2.9798944993812573e-06,
    "Retryable Configuration dis": 2.9798944993812573e-06,
    "Retryable Configuration en": 2.9798944993812573e-06,
    "Retryable Configuration initializ": 2.9798944993812573e-06,
    "Retryable with_contex": 2.9798944993812573e-06,
    "Retryable Version to_": 2.9798944993812573e-06,
    "Retryable Version to_h": 2.9798944993812573e-06,
    "Retryable Version patch": 2.9798944993812573e-06,
    "Retryable Version mino": 2.9798944993812573e-06,
    "Retryable Version majo": 2.9798944993812573e-06,
    "Retryable matches?": 2.9798944993812573e-06
}