{
    "REXML Formatters Pretty initializ": 0.001919412333016329,
    "REXML Formatters Default writ": 0.001919412333016329,
    "REXML Formatters Default initializ": 0.001919412333016329,
    "REXML Document root": 0.0031903919440028697,
    "REXML Document add_element": 0.001919412333016329,
    "REXML Document initializ": 0.0031903919440028697,
    "REXML Element initializ": 0.004037711684660563
}