{
    "Rich insert": 2.9798944993812573e-06,
    "Rich setup": 2.9798944993812573e-06,
    "Rich ViewHelper editor_element_id": 2.9798944993812573e-06,
    "Rich ViewHelper rich_textarea": 2.9798944993812573e-06,
    "Rich FormtasticBuilder InstanceMethods rich_input": 2.9798944993812573e-06,
    "Rich FormtasticBuilder included": 2.9798944993812573e-06,
    "Rich FormBuilder ClassMethods rich_text_area": 2.9798944993812573e-06,
    "Rich FormBuilder included": 2.9798944993812573e-06,
    "Rich Generators InstallGenerator create_migrations": 2.9798944993812573e-06,
    "Rich Generators InstallGenerator install_javascript": 2.9798944993812573e-06,
    "Rich Generators InstallGenerator install_editor_styles": 2.9798944993812573e-06,
    "Rich Generators InstallGenerator setup_route": 2.9798944993812573e-06,
    "Rich Generators InstallGenerator copy_initialize": 2.9798944993812573e-06,
    "Rich Generators InstallGenerator source_root": 2.9798944993812573e-06,
    "Rich getEditorOptions": 2.9798944993812573e-06,
    "Rich Integrations FormtasticBuilder InstanceMethods rich_input": 2.9798944993812573e-06,
    "Rich Integrations FormtasticBuilder included": 2.9798944993812573e-06,
    "Rich options": 2.9798944993812573e-06,
    "Rich validate_mime_type": 2.9798944993812573e-06,
    "Types RichPicker scope_id": 2.9798944993812573e-06,
    "Types RichPicker scope_type": 2.9798944993812573e-06,
    "Types RichEditor scope_id": 2.9798944993812573e-06,
    "Types RichEditor scope_type": 2.9798944993812573e-06,
    "Rich Integrations FormtasticBuilder InstanceMethods rich_picker_input": 2.9798944993812573e-06,
    "Rich image_styles=": 2.9798944993812573e-06,
    "Rich image_styles": 2.9798944993812573e-06,
    "Rich Authorize authenticate_rich_use": 2.9798944993812573e-06,
    "Types RichPicker preview_image_pat": 2.9798944993812573e-06,
    "Types RichPicker editor_options": 2.9798944993812573e-06
}