{
    "Rinku tag_options": 2.9798944993812573e-06,
    "Rinku auto_l": 2.9798944993812573e-06,
    "RailsRinku Railtie ActionView Helpers TextHelper auto_l": 2.9798944993812573e-06,
    "RailsRinku auto_l": 2.9798944993812573e-06,
    "RailsRinku rinku_auto_l": 2.9798944993812573e-06
}