{
    "Roadie Rails Options complain_about_unknown_key": 2.9798944993812573e-06,
    "Roadie Rails Options combine_nilab": 2.9798944993812573e-06,
    "Roadie Rails Options combine_prov": 2.9798944993812573e-06,
    "Roadie Rails Options combine_callab": 2.9798944993812573e-06,
    "Roadie Rails Options combine_hash": 2.9798944993812573e-06,
    "Roadie Rails Options combine!": 2.9798944993812573e-06,
    "Roadie Rails Options combin": 2.9798944993812573e-06,
    "Roadie Rails Options merge!": 2.9798944993812573e-06,
    "Roadie Rails Options merg": 2.9798944993812573e-06,
    "Roadie Rails Options apply_t": 2.9798944993812573e-06,
    "Roadie Rails Options asset_providers=": 2.9798944993812573e-06,
    "Roadie Rails Options after_transformation=": 2.9798944993812573e-06,
    "Roadie Rails Options before_transformation=": 2.9798944993812573e-06,
    "Roadie Rails Options url_options=": 2.9798944993812573e-06,
    "Roadie Rails Options initializ": 2.9798944993812573e-06,
    "Roadie Rails Mailer roadie_option": 2.9798944993812573e-06,
    "Roadie Rails Mailer roadie_m": 2.9798944993812573e-06,
    "Roadie Rails MailInliner make_new_htm": 2.9798944993812573e-06,
    "Roadie Rails MailInliner improve_html_part": 2.9798944993812573e-06,
    "Roadie Rails MailInliner execut": 2.9798944993812573e-06,
    "Roadie Rails MailInliner initializ": 2.9798944993812573e-06,
    "Roadie Rails InlineOnDelivery deliv": 2.9798944993812573e-06,
    "Roadie Rails DocumentBuilder bu": 2.9798944993812573e-06,
    "Roadie Rails Automatic roadie_option": 2.9798944993812573e-06,
    "Roadie Rails Automatic m": 2.9798944993812573e-06,
    "Roadie Rails AssetPipelineProvider normalize_asset_nam": 2.9798944993812573e-06,
    "Roadie Rails AssetPipelineProvider find_stylesheet": 2.9798944993812573e-06,
    "Roadie Rails AssetPipelineProvider initializ": 2.9798944993812573e-06,
    "Roadie Rails MailInliner transform_htm": 2.9798944993812573e-06,
    "Roadie Rails MailInliner improve_body": 2.9798944993812573e-06,
    "Roadie Rails AssetPipelineProvider asset_prefix": 2.9798944993812573e-06,
    "Roadie Rails AssetPipelineProvider remove_asset_prefix": 2.9798944993812573e-06,
    "Roadie Rails AssetPipelineProvider remove_asset_digest": 2.9798944993812573e-06,
    "Roadie Rails AssetPipelineProvider find_asset_in_pipelin": 2.9798944993812573e-06,
    "Roadie Rails Options external_asset_providers=": 2.9798944993812573e-06,
    "Roadie Rails Options keep_uninlinable_css=": 2.9798944993812573e-06,
    "Roadie Rails InlineOnDelivery inline_sty": 2.9798944993812573e-06,
    "Roadie Rails InlineOnDelivery deliver!": 2.9798944993812573e-06,
    "Roadie Rails AssetPipelineProvider filenam": 2.9798944993812573e-06,
    "Roadie Rails Utils combine_nilab": 2.9798944993812573e-06,
    "Roadie Rails Utils combine_prov": 2.9798944993812573e-06,
    "Roadie Rails Utils combine_callab": 2.9798944993812573e-06,
    "Roadie Rails Utils combine_hash": 2.9798944993812573e-06,
    "Roadie Rails Options []=": 2.9798944993812573e-06,
    "Roadie Rails Options []": 2.9798944993812573e-06
}