{
    "RSpec Core Example clear_exception": 2.9798944993812573e-06,
    "RSpec Retry ordinaliz": 2.9798944993812573e-06,
    "RSpec Retry appl": 2.9798944993812573e-06,
    "RSpec Core ExampleGroup clear_l": 2.9798944993812573e-06,
    "RSpec Core ExampleGroup clear_memoized": 2.9798944993812573e-06,
    "RSpec Core Example Procsy run_with_": 2.9798944993812573e-06,
    "RSpec Retry run": 2.9798944993812573e-06,
    "RSpec Retry display_try_failure_messages?": 2.9798944993812573e-06,
    "RSpec Retry verbose_retry?": 2.9798944993812573e-06,
    "RSpec Retry exceptions_to_": 2.9798944993812573e-06,
    "RSpec Retry sleep_interval": 2.9798944993812573e-06,
    "RSpec Retry clear_l": 2.9798944993812573e-06,
    "RSpec Retry attempts=": 2.9798944993812573e-06,
    "RSpec Retry attem": 2.9798944993812573e-06,
    "RSpec Retry retry_coun": 2.9798944993812573e-06,
    "RSpec Retry current_exampl": 2.9798944993812573e-06,
    "RSpec Retry initializ": 2.9798944993812573e-06,
    "RSpec Retry setu": 2.9798944993812573e-06,
    "RSpec Retry exceptions_to_hard_fail": 2.9798944993812573e-06,
    "Formatter increment_tri": 2.9798944993812573e-06,
    "Formatter increment_su": 2.9798944993812573e-06,
    "Forma": 2.9798944993812573e-06,
    "Formatter example_passed": 2.9798944993812573e-06,
    "Formatter dump_summa": 2.9798944993812573e-06,
    "Formatter dump_pending": 2.9798944993812573e-06,
    "Formatter dump_failu": 2.9798944993812573e-06,
    "Formatter clo": 2.9798944993812573e-06,
    "Formatter messag": 2.9798944993812573e-06,
    "Formatter seed": 2.9798944993812573e-06,
    "Formatter initializ": 2.9798944993812573e-06,
    "RSpec Retry exception_exists_in?": 2.9798944993812573e-06,
    "RSpec Core Example Procsy attem": 2.9798944993812573e-06
}