{
    "RubyPants enti": 2.9798944993812573e-06,
    "RubyPants default_entitie": 2.9798944993812573e-06,
    "RubyPants tokenize": 2.9798944993812573e-06,
    "RubyPants stupefy_entitie": 2.9798944993812573e-06,
    "RubyPants educate_quote": 2.9798944993812573e-06,
    "RubyPants educate_single_backtick": 2.9798944993812573e-06,
    "RubyPants educate_backtick": 2.9798944993812573e-06,
    "RubyPants educate_ellipse": 2.9798944993812573e-06,
    "RubyPants educate_dashes_inverted": 2.9798944993812573e-06,
    "RubyPants educate_dashes_oldschool": 2.9798944993812573e-06,
    "RubyPants educate_dashe": 2.9798944993812573e-06,
    "RubyPants process_escape": 2.9798944993812573e-06,
    "RubyPants to_html": 4.246359513104428e-06,
    "RubyPants initialize": 4.246359513104428e-06,
    "RubyPants n_of": 2.9798944993812573e-06,
    "RubyPants educate": 2.9798944993812573e-06,
    "RubyPants named_entitie": 2.9798944993812573e-06,
    "RubyPants character_space": 2.9798944993812573e-06,
    "RubyPants character_entitie": 2.9798944993812573e-06
}