{
    "Modul": 2.9798944993812573e-06,
    "": 2.9798944993812573e-06,
    "Proc": 2.9798944993812573e-06,
    "hash": 2.9798944993812573e-06,
    "hash?": 1.3111614609166624e-05
}