{
    "FileMagic simplify_": 2.9798944993812573e-06,
    "FileMagic inspect": 2.9798944993812573e-06,
    "FileMagic closed?": 2.9798944993812573e-06,
    "FileMagic simplified?": 2.9798944993812573e-06,
    "FileMagic comp": 2.9798944993812573e-06,
    "FileMagic check": 2.9798944993812573e-06,
    "FileMagic setflags": 2.9798944993812573e-06,
    "FileM": 2.9798944993812573e-06,
    "FileMagic clos": 2.9798944993812573e-06,
    "FileMagic initializ": 2.9798944993812573e-06,
    "FileMagic build_flags": 2.9798944993812573e-06,
    "FileMagic open": 2.9798944993812573e-06,
    "FileMagic new": 2.9798944993812573e-06,
    "FileMagic clear!": 2.9798944993812573e-06,
    "FileMagic Version to_s": 2.9798944993812573e-06,
    "FileMagic Version to_": 2.9798944993812573e-06,
    "String file_typ": 2.9798944993812573e-06,
    "File file_typ": 2.9798944993812573e-06,
    "Ext InstanceMethods content_typ": 2.9798944993812573e-06,
    "Ext InstanceMethods mime_typ": 2.9798944993812573e-06,
    "Ext InstanceMethods file_typ": 2.9798944993812573e-06,
    "Ext ClassMethods content_typ": 2.9798944993812573e-06,
    "Ext ClassMethods mime_typ": 2.9798944993812573e-06,
    "Ext ClassMethods": 2.9798944993812573e-06,
    "Ext ClassMethods file_typ": 2.9798944993812573e-06,
    "Ext included": 2.9798944993812573e-06,
    "FileMagic flags": 2.9798944993812573e-06,
    "FileMagic int_flags": 2.9798944993812573e-06,
    "FileMagic io": 2.9798944993812573e-06,
    "FileMagic auto_magic_version": 2.9798944993812573e-06,
    "FileMagic user_magic_version": 2.9798944993812573e-06,
    "FileMagic magic_version": 2.9798944993812573e-06,
    "FileMagic fd": 2.9798944993812573e-06
}