{
    "Sanitize clean!": 2.9798944993812573e-06,
    "Sanitize cl": 2.9798944993812573e-06,
    "Sanitize initial": 2.9798944993812573e-06,
    "Hpricot ux": 2.9798944993812573e-06,
    "Sanitize encode_html": 2.9798944993812573e-06,
    "Sanitize transform_element!": 2.9798944993812573e-06,
    "Sanitize clean_element!": 2.9798944993812573e-06,
    "Sanitize clean_node!": 2.9798944993812573e-06,
    "Sanitize traverse_depth": 2.9798944993812573e-06,
    "Sanitize traverse_breadth": 2.9798944993812573e-06,
    "Sanitize transform_node!": 2.9798944993812573e-06,
    "Sanitize Transformers CleanElement call": 2.9798944993812573e-06,
    "Sanitize Transformers CleanElement initial": 2.9798944993812573e-06,
    "Sanitize clean_document!": 2.9798944993812573e-06,
    "Sanitize clean_docum": 2.9798944993812573e-06,
    "Sanitize Config freeze_config": 2.9798944993812573e-06,
    "Sanitize traver": 2.9798944993812573e-06,
    "Sanitize to_html": 2.9798944993812573e-06,
    "Sanitize preproc": 2.9798944993812573e-06,
    "Sanitize node!": 2.9798944993812573e-06,
    "Sanitize fragm": 2.9798944993812573e-06,
    "Sanitize docum": 2.9798944993812573e-06,
    "Sanitize Transformers CSS CleanElement call": 2.9798944993812573e-06,
    "Sanitize Transformers CSS CleanElement initial": 2.9798944993812573e-06,
    "Sanitize Transformers CSS CleanAttribute call": 2.9798944993812573e-06,
    "Sanitize Transformers CSS CleanAttribute initial": 2.9798944993812573e-06,
    "Sanitize CSS property!": 2.9798944993812573e-06,
    "Sanitize CSS at_rule!": 2.9798944993812573e-06,
    "Sanitize CSS tree!": 2.9798944993812573e-06,
    "Sanitize CSS stylesh": 2.9798944993812573e-06,
    "Sanitize CSS proper": 2.9798944993812573e-06,
    "Sanitize CSS initial": 2.9798944993812573e-06,
    "Sanitize Config can_dupe?": 2.9798944993812573e-06,
    "Sanitize Config merg": 2.9798944993812573e-06,
    "Sanitize CSS valid_url?": 2.9798944993812573e-06,
    "Sanitize CSS import_url_allowed?": 2.9798944993812573e-06
}