{
    "Serenity Configuration g": 2.9798944993812573e-06,
    "Serenity Configuration to_hash": 2.9798944993812573e-06,
    "Serenity Configuration initializ": 2.9798944993812573e-06,
    "Serenity Configuration exists?": 2.9798944993812573e-06
}