{
    "Shellany Sheller _shellize_if_needed": 2.9798944993812573e-06,
    "Shellany Sheller _system_with_captur": 2.9798944993812573e-06,
    "Shellany Sheller _system_with_no_captur": 2.9798944993812573e-06,
    "Shellany Sheller system": 5.512824526827599e-06,
    "Shellany Sheller stderr": 2.9798944993812573e-06,
    "Shellany Sheller stdout": 1.057868458172028e-05,
    "Shellany Sheller ok?": 2.9798944993812573e-06,
    "Shellany Sheller ran?": 2.9798944993812573e-06,
    "Shellany Sheller ru": 2.071040469150565e-05,
    "Shellany Sheller initializ": 2.9798944993812573e-06
}