{
    "RateLimiter Limit initializ": 2.9798944993812573e-06,
    "RateLimiter Fetch": 2.9798944993812573e-06,
    "RateLimiter Fetch retrieve_wo": 2.9798944993812573e-06,
    "RateLimiter Rate server_": 2.9798944993812573e-06,
    "RateLimiter Rate client_": 2.9798944993812573e-06,
    "RateLimiter Rate use_server_rate?": 2.9798944993812573e-06,
    "RateLimiter R": 2.9798944993812573e-06,
    "RateLimiter Rate valid?": 2.9798944993812573e-06,
    "RateLimiter Rate n": 2.9798944993812573e-06,
    "RateLimiter Rate interv": 2.9798944993812573e-06,
    "RateLimiter Rate initializ": 2.9798944993812573e-06
}