{
    "Sidekiq Failures WebExtension regist": 2.9798944993812573e-06,
    "Sidekiq Failures Middleware c": 2.9798944993812573e-06,
    "Sidekiq failures_default_mo": 2.9798944993812573e-06,
    "Sidekiq failures_default_mode=": 2.9798944993812573e-06,
    "Sidekiq Failures Middleware default_max_ret": 2.9798944993812573e-06,
    "Sidekiq Failures Middleware retry_middlew": 2.9798944993812573e-06,
    "Sidekiq Failures Middleware max_ret": 2.9798944993812573e-06,
    "Sidekiq Failures Middleware retry_count": 2.9798944993812573e-06,
    "Sidekiq Failures Middleware last_try?": 2.9798944993812573e-06,
    "Sidekiq Failures Middleware failure_mo": 2.9798944993812573e-06,
    "Sidekiq Failures Middleware not_exhausted?": 2.9798944993812573e-06,
    "Sidekiq Failures Middleware skip_failure?": 2.9798944993812573e-06,
    "Sidekiq failures_max_count": 2.9798944993812573e-06,
    "Sidekiq failures_max_count=": 2.9798944993812573e-06,
    "Sidekiq Failures count": 2.9798944993812573e-06,
    "Sidekiq Failures reset_": 2.9798944993812573e-06,
    "Sidekiq SortedEntry retry_": 2.9798944993812573e-06,
    "Sidekiq Failures Middleware identity": 2.9798944993812573e-06,
    "Sidekiq Failures Middleware hostnam": 2.9798944993812573e-06,
    "Sidekiq Failures Middleware retriable?": 2.9798944993812573e-06,
    "Sidekiq Failures Middleware exhausted?": 2.9798944993812573e-06,
    "Sidekiq Failures Middleware failure_mode_exhausted?": 2.9798944993812573e-06,
    "Sidekiq Failures Middleware failure_mode_off?": 2.9798944993812573e-06,
    "Sidekiq Failures FailureSet retry_all_": 2.9798944993812573e-06,
    "Sidekiq Failures FailureSet initializ": 2.9798944993812573e-06,
    "Sidekiq SortedEntry initializ": 2.9798944993812573e-06,
    "Sidekiq Failures retry_middleware_c": 2.9798944993812573e-06
}