{
    "RcovFormatter path_result": 2.9798944993812573e-06,
    "RcovFormatter format": 2.9798944993812573e-06,
    "RcovFormatter total_coverag": 2.9798944993812573e-06,
    "RcovFormatter coverag": 2.9798944993812573e-06,
    "RcovFormatter lines_of_cod": 2.9798944993812573e-06,
    "RcovFormatter lines_missed": 2.9798944993812573e-06,
    "RcovFormatter lines_covered": 2.9798944993812573e-06,
    "RcovFormatter line_css_f": 2.9798944993812573e-06,
    "RcovFormatter file_filter_cla": 2.9798944993812573e-06,
    "RcovFormatter relative_filena": 2.9798944993812573e-06,
    "RcovFormatter shortened_filena": 2.9798944993812573e-06,
    "RcovFormatter coverage_threshold_cla": 2.9798944993812573e-06,
    "RcovFormatter total_coverage_for_report": 2.9798944993812573e-06,
    "RcovFormatter code_coverage_ht": 2.9798944993812573e-06,
    "RcovFormatter assets_path": 2.9798944993812573e-06,
    "RcovFormatter project_na": 2.9798944993812573e-06,
    "RcovFormatter asset_output_path": 2.9798944993812573e-06,
    "RcovFormatter output_path": 2.9798944993812573e-06,
    "RcovFormatter coverage_cod": 2.9798944993812573e-06,
    "RcovFormatter lin": 2.9798944993812573e-06,
    "RcovFormatter templat": 2.9798944993812573e-06,
    "RcovFormatter write_f": 2.9798944993812573e-06
}