{
    "SimpleCov Formatter HTMLFormatter link_to_source_f": 2.9798944993812573e-06,
    "SimpleCov Formatter HTMLFormatter shortened_filena": 2.9798944993812573e-06,
    "SimpleCov Formatter HTMLFormatter timeag": 2.9798944993812573e-06,
    "SimpleCov Formatter HTMLFormatter id": 2.9798944993812573e-06,
    "SimpleCov Formatter HTMLFormatter strength_css_cla": 2.9798944993812573e-06,
    "SimpleCov Formatter HTMLFormatter coverage_css_cla": 2.9798944993812573e-06,
    "SimpleCov Formatter HTMLFormatter formatted_file_": 2.9798944993812573e-06,
    "SimpleCov Formatter HTMLFormatter formatted_source_f": 2.9798944993812573e-06,
    "SimpleCov Formatter HTMLFormatter assets_pa": 2.9798944993812573e-06,
    "SimpleCov Formatter HTMLFormatter asset_output_pa": 2.9798944993812573e-06,
    "SimpleCov Formatter HTMLFormatter output_pa": 2.9798944993812573e-06,
    "SimpleCov Formatter HTMLFormatter templa": 2.9798944993812573e-06,
    "SimpleCov Formatter HTMLFormatter output_messag": 2.9798944993812573e-06,
    "SimpleCov Formatter HTMLFormatter forma": 2.9798944993812573e-06,
    "SimpleCov Formatter HTMLFormatter pr": 2.9798944993812573e-06,
    "SimpleCov Formatter HTMLFormatter pa": 2.9798944993812573e-06,
    "SimpleCov Formatter HTMLFormatter minor": 2.9798944993812573e-06,
    "SimpleCov Formatter HTMLFormatter major": 2.9798944993812573e-06,
    "SimpleCov Formatter HTMLFormatter to_a": 2.9798944993812573e-06,
    "SimpleCov Formatter HTMLFormatter covered_percen": 2.9798944993812573e-06,
    "SimpleCov Formatter HTMLFormatter line_status?": 2.9798944993812573e-06,
    "SimpleCov Formatter HTMLFormatter branchable_result?": 2.9798944993812573e-06,
    "SimpleCov Formatter HTMLFormatter initializ": 2.9798944993812573e-06,
    "HTMLFormatter link_to_source_f": 2.9798944993812573e-06,
    "HTMLFormatter shortened_filena": 2.9798944993812573e-06,
    "HTMLFormatter timeag": 2.9798944993812573e-06,
    "HTMLFormatter id": 2.9798944993812573e-06,
    "HTMLFormatter coverage_css_cla": 2.9798944993812573e-06,
    "HTMLFormatter lines_missed": 2.9798944993812573e-06,
    "HTMLFormatter lines_covered": 2.9798944993812573e-06,
    "HTMLFormatter lines_of_cod": 2.9798944993812573e-06,
    "HTMLFormatter coverag": 2.9798944993812573e-06,
    "HTMLFormatter formatted_file_": 2.9798944993812573e-06,
    "HTMLFormatter formatted_source_f": 2.9798944993812573e-06,
    "HTMLFormatter assets_pa": 2.9798944993812573e-06,
    "HTMLFormatter asset_output_pa": 2.9798944993812573e-06,
    "HTMLFormatter output_pa": 2.9798944993812573e-06,
    "HTMLFormatter templa": 2.9798944993812573e-06,
    "HTMLFormatter forma": 2.9798944993812573e-06,
    "HTMLFormatter strength_css_cla": 2.9798944993812573e-06,
    "HTMLFormatter output_messag": 2.9798944993812573e-06
}