{
    "SimpleCov Formatter JSONFormatter output_messag": 2.9798944993812573e-06,
    "SimpleCov Formatter JSONFormatter export_formatted_resu": 2.9798944993812573e-06,
    "SimpleCov Formatter JSONFormatter format_resu": 2.9798944993812573e-06,
    "SimpleCov Formatter JSONF": 2.9798944993812573e-06,
    "SimpleCovJSONFormatter SourceFileFormatter parse_branch": 2.9798944993812573e-06,
    "SimpleCovJSONFormatter SourceFileF": 2.9798944993812573e-06,
    "SimpleCovJSONFormatter SourceFileFormatter branch": 2.9798944993812573e-06,
    "SimpleCovJSONFormatter SourceFileFormatter branch_coverag": 2.9798944993812573e-06,
    "SimpleCovJSONFormatter SourceFileFormatter line_coverag": 2.9798944993812573e-06,
    "SimpleCovJSONFormatter SourceFileFormatter initializ": 2.9798944993812573e-06,
    "SimpleCovJSONFormatter ResultHashFormatter format_sou": 2.9798944993812573e-06,
    "SimpleCovJSONFormatter ResultHashFormatter formatted_resu": 2.9798944993812573e-06,
    "SimpleCovJSONFormatter ResultHashF": 2.9798944993812573e-06,
    "SimpleCovJSONFormatter ResultHashFormatter initializ": 2.9798944993812573e-06,
    "SimpleCovJSONFormatter ResultExporter export_path": 2.9798944993812573e-06,
    "SimpleCovJSONFormatter ResultExporter json_resu": 2.9798944993812573e-06,
    "SimpleCovJSONFormatter ResultExporter ex": 2.9798944993812573e-06,
    "SimpleCovJSONFormatter ResultExporter initializ": 2.9798944993812573e-06,
    "SimpleCovJSONFormatter ResultHashFormatter format_grou": 2.9798944993812573e-06
}