{
    "Slim Generators ScaffoldGenerator handle": 2.9798944993812573e-06,
    "Slim Generators ScaffoldGenerator available_view": 2.9798944993812573e-06,
    "Slim Generators ScaffoldGenerator copy_view_file": 2.9798944993812573e-06,
    "Slim Generators MailerGenerator format": 2.9798944993812573e-06,
    "Slim Generators ControllerGenerator handle": 2.9798944993812573e-06,
    "Slim Generators MailerGenerator handle": 2.9798944993812573e-06,
    "Slim Rails RegisterEngine _register_engine": 2.9798944993812573e-06,
    "Slim Rails RegisterEngine _register_engine3": 2.9798944993812573e-06,
    "Slim Rails RegisterEngine register_engine": 2.9798944993812573e-06,
    "Slim Rails RegisterEngine Transformer c": 2.9798944993812573e-06
}