{
    "SnakyHash Snake underscore_string": 2.9798944993812573e-06,
    "SnakyHash Snake convert_value": 2.9798944993812573e-06,
    "SnakyHash Snake convert_ke": 2.9798944993812573e-06,
    "SnakyHash Snake SnakyModulizer to_mod": 2.9798944993812573e-06,
    "SnakyHash Snake included": 2.9798944993812573e-06,
    "SnakyHash Snake initialize": 2.9798944993812573e-06
}