{
    "Spring Commands RSpec exec_": 2.9798944993812573e-06,
    "Spring Commands RSpec env": 2.9798944993812573e-06,
    "Spring Commands RSpec gem_": 2.9798944993812573e-06,
    "Spring Commands RSpec call": 2.9798944993812573e-06
}