{
    "SSHKey to_byte_arra": 2.9798944993812573e-06,
    "SSHKey encode_unsigned_int_32": 2.9798944993812573e-06,
    "SSHKey ssh_public_key_conversion": 2.9798944993812573e-06,
    "SSHKey initializ": 2.9798944993812573e-06,
    "SSHKey generat": 2.9798944993812573e-06,
    "SSHKey fingerprint": 2.9798944993812573e-06,
    "SSHKey ssh_public_": 2.9798944993812573e-06,
    "SSHKey rsa_public_": 2.9798944993812573e-06,
    "SSHKey rsa_private_": 2.9798944993812573e-06,
    "SSHKey dsa_public_": 2.9798944993812573e-06,
    "SSHKey dsa_private_": 2.9798944993812573e-06,
    "SSHKey public_": 2.9798944993812573e-06,
    "SSHKey private_": 2.9798944993812573e-06,
    "SSHKey from_byte_arra": 2.9798944993812573e-06,
    "SSHKey valid?": 2.9798944993812573e-06,
    "SSHKey valid_ssh_public_key?": 2.9798944993812573e-06,
    "SSHKey sha1_fingerprint": 2.9798944993812573e-06,
    "SSHKey md5_fingerprint": 2.9798944993812573e-06,
    "SSHKey encrypted_private_": 2.9798944993812573e-06,
    "SSHKey fingerprint_regex": 2.9798944993812573e-06,
    "SSHKey decoded_": 2.9798944993812573e-06,
    "SSHKey parse_ssh_public_": 2.9798944993812573e-06,
    "SSHKey bit": 2.9798944993812573e-06,
    "SSHKey randomart": 2.9798944993812573e-06,
    "SSHKey directives=": 2.9798944993812573e-06,
    "SSHKey unpacked_byte_arra": 2.9798944993812573e-06,
    "SSHKey ssh_public_key_bit": 2.9798944993812573e-06,
    "SSHKey ssh2_public_": 2.9798944993812573e-06,
    "SSHKey build_ssh2_header": 2.9798944993812573e-06,
    "SSHKey ssh_public_key_to_ssh2_public_": 2.9798944993812573e-06,
    "SSHKey sha256_fingerprint": 2.9798944993812573e-06,
    "SSHKey sshfp": 2.9798944993812573e-06,
    "SSHKey format_sshfp_record": 2.9798944993812573e-06,
    "SSHKey ssh_public_key_data_ecdsa": 2.9798944993812573e-06,
    "SSHKey ssh_public_key_data_dsarsa": 2.9798944993812573e-06,
    "SSHKey public_key_object": 2.9798944993812573e-06,
    "SSHKey ecdsa_bit": 2.9798944993812573e-06,
    "EC q": 2.9798944993812573e-06,
    "EC identifier": 2.9798944993812573e-06,
    "jruby_not_implemented": 2.9798944993812573e-06
}