{
    "Strings ANSI only_ansi?": 2.9798944993812573e-06,
    "Strings ANSI ansi?": 2.9798944993812573e-06,
    "Strings ANSI sanitize": 2.9798944993812573e-06,
    "Strings ANSI Extensions sanitize": 2.9798944993812573e-06,
    "Strings ANSI Extensions only_ansi?": 2.9798944993812573e-06,
    "Strings ANSI Extensions ansi?": 2.9798944993812573e-06
}