{
    "ActiveModel ForbiddenAttributesProtection sanitize_for_mass_assi": 2.9798944993812573e-06,
    "ActionController StrongParameters params=": 2.9798944993812573e-06,
    "ActionController StrongP": 2.9798944993812573e-06,
    "ActionController Parameters convert_hash": 2.9798944993812573e-06,
    "ActionController Parameters slic": 2.9798944993812573e-06,
    "ActionController Parameters fetch": 2.9798944993812573e-06,
    "ActionController Parameters []": 2.9798944993812573e-06,
    "ActionController Parameters permi": 2.9798944993812573e-06,
    "ActionController Parameters required": 2.9798944993812573e-06,
    "ActionController Parameters permit!": 2.9798944993812573e-06,
    "ActionController Parameters initializ": 2.9798944993812573e-06,
    "ActionController ParameterMissing initializ": 2.9798944993812573e-06,
    "ActionController Parameters each_el": 2.9798944993812573e-06,
    "ActionController Parameters du": 2.9798944993812573e-06,
    "ActionController Parameters requi": 2.9798944993812573e-06,
    "ActionController Parameters convert_valu": 2.9798944993812573e-06,
    "Rails Generators StrongParametersControllerGenerator module_namespaci": 2.9798944993812573e-06,
    "ActionController Parameters unpermitted_key": 2.9798944993812573e-06,
    "ActionController Parameters unpermitted_parameters!": 2.9798944993812573e-06,
    "ActionController Parameters hash_fil": 2.9798944993812573e-06,
    "ActionController Parameters array_of_permitted_scalars_fil": 2.9798944993812573e-06,
    "ActionController Parameters permitted_scalar_fil": 2.9798944993812573e-06,
    "ActionController Parameters array_of_permitted_scalars?": 2.9798944993812573e-06,
    "ActionController Parameters permitted_scalar?": 2.9798944993812573e-06,
    "ActionController UnpermittedParameters initializ": 2.9798944993812573e-06,
    "StrongParameters LogSubscriber l": 2.9798944993812573e-06,
    "StrongParameters LogSubscriber unpermitted": 2.9798944993812573e-06,
    "ActionController Parameters fields_for_style?": 2.9798944993812573e-06
}