{
    "Telegrammer Errors BadRequestError initializ": 2.9798944993812573e-06,
    "Telegrammer Errors InvalidParamTypeError initializ": 2.9798944993812573e-06,
    "Telegrammer Errors MissingParamsError initializ": 2.9798944993812573e-06,
    "Telegrammer DataTypes Channel coerc": 2.9798944993812573e-06,
    "Telegrammer Bot api_reques": 2.9798944993812573e-06,
    "Telegrammer Bot get_user_profile_photos": 2.9798944993812573e-06,
    "Telegrammer Bot send_chat_action": 2.9798944993812573e-06,
    "Telegrammer Bot send_location": 2.9798944993812573e-06,
    "Telegrammer Bot send_video": 2.9798944993812573e-06,
    "Telegrammer Bot send_stick": 2.9798944993812573e-06,
    "Telegrammer Bot send_documen": 2.9798944993812573e-06,
    "Telegrammer Bot send_audio": 2.9798944993812573e-06,
    "Telegrammer Bot send_photo": 2.9798944993812573e-06,
    "Telegrammer Bot forward_mess": 2.9798944993812573e-06,
    "Telegrammer Bot send_mess": 2.9798944993812573e-06,
    "Telegrammer Bot get_": 2.9798944993812573e-06,
    "Telegrammer Bot set_webhook": 2.9798944993812573e-06,
    "Telegrammer Bot get_updates": 2.9798944993812573e-06,
    "Telegrammer Bot initializ": 2.9798944993812573e-06,
    "Telegrammer ApiResponse initializ": 2.9798944993812573e-06,
    "Telegrammer Errors ServiceUnavailableError initializ": 2.9798944993812573e-06,
    "Telegrammer Bot send_somethin": 2.9798944993812573e-06,
    "Telegrammer Bot send_voic": 2.9798944993812573e-06,
    "Telegrammer Errors TimeoutError initializ": 2.9798944993812573e-06,
    "Telegrammer Bot get_fi": 2.9798944993812573e-06,
    "PhotoArray coerc": 2.9798944993812573e-06,
    "Telegrammer Bot answer_inline_query": 2.9798944993812573e-06
}