{
    "TimeDifference in_general": 2.9798944993812573e-06,
    "TimeDifference betw": 2.9798944993812573e-06,
    "TimeDifference in_each_compo": 2.9798944993812573e-06,
    "TimeDifference in_compo": 2.9798944993812573e-06,
    "TimeDifference time_in_seconds": 2.9798944993812573e-06,
    "TimeDifference initializ": 2.9798944993812573e-06,
    "TimeDifference in_seconds": 2.9798944993812573e-06,
    "TimeDifference in_minutes": 2.9798944993812573e-06,
    "TimeDifference in_hours": 2.9798944993812573e-06,
    "TimeDifference in_days": 2.9798944993812573e-06,
    "TimeDifference in_weeks": 2.9798944993812573e-06,
    "TimeDifference in_months": 2.9798944993812573e-06,
    "TimeDifference in_years": 2.9798944993812573e-06,
    "TimeDifference humaniz": 2.9798944993812573e-06
}