{
    "": 5.512824526827599e-06,
    "T": 2.9798944993812573e-06,
    "Timeout Error exception": 2.9798944993812573e-06,
    "Timeout Error catch": 2.9798944993812573e-06,
    "Timeout ensure_timeout_thread_created": 2.9798944993812573e-06,
    "Timeout create_timeout_thread": 2.9798944993812573e-06,
    "Timeout Request finished": 2.9798944993812573e-06,
    "Timeout Request interrup": 2.9798944993812573e-06,
    "Timeout Request expired?": 2.9798944993812573e-06,
    "Timeout Request done?": 2.9798944993812573e-06,
    "Timeout Request initializ": 2.9798944993812573e-06,
    "Timeout Error handle_": 2.9798944993812573e-06,
    "Timeout ExitException exception": 2.9798944993812573e-06
}