{
    "Data Exporter initial": 0.0014957524626874818,
    "Data findOffset": 0.0014957524626874818
}