{
    "TinyTds Error initialize": 2.9798944993812573e-06,
    "TinyTds Client local_offse": 2.9798944993812573e-06,
    "TinyTds Client tds_version_info": 2.9798944993812573e-06,
    "TinyTds Client initialize": 6.779289540550769e-06,
    "TinyTds Client transpose_iconv_encoding": 2.9798944993812573e-06,
    "TinyTds Client default_query_optio": 2.9798944993812573e-06,
    "TinyTds Client active?": 2.9798944993812573e-06,
    "TinyTds Client tds_versions_setter": 2.9798944993812573e-06,
    "TinyTds Client parse_username": 2.9798944993812573e-06,
    "TinyTds Client tds_73?": 2.9798944993812573e-06,
    "TinyTds Bin binary?": 2.9798944993812573e-06,
    "TinyTds Bin which": 2.9798944993812573e-06,
    "TinyTds Bin find_exe": 2.9798944993812573e-06,
    "TinyTds Bin find_b": 2.9798944993812573e-06,
    "TinyTds Bin info": 2.9798944993812573e-06,
    "TinyTds Bin path": 2.9798944993812573e-06,
    "TinyTds Bin initialize": 2.9798944993812573e-06,
    "TinyTds Bin exe": 2.9798944993812573e-06,
    "TinyTds Bin ru": 2.9798944993812573e-06,
    "TinyTds Gem ports_ho": 2.9798944993812573e-06,
    "TinyTds Gem ports_lib_path": 2.9798944993812573e-06,
    "TinyTds Gem ports_bin_path": 2.9798944993812573e-06,
    "TinyTds Gem ports_root_path": 2.9798944993812573e-06,
    "TinyTds Gem root_path": 2.9798944993812573e-06,
    "TinyTds Bin with_ports_path": 2.9798944993812573e-06,
    "TinyTds Bin search_path": 2.9798944993812573e-06
}