{
    "Trailblazer O": 2.9798944993812573e-06,
    "Trailblazer Option build": 2.9798944993812573e-06,
    "Trailblazer Option evalu": 2.9798944993812573e-06,
    "Trailblazer Option evaluate_method": 2.9798944993812573e-06,
    "Trailblazer Option evaluate_proc": 2.9798944993812573e-06,
    "Trailblazer Option evaluate_c": 2.9798944993812573e-06,
    "Trailblazer Option call!": 2.9798944993812573e-06
}