{
    "Transifex Stats initializ": 2.9798944993812573e-06,
    "Transifex Response RaiseHttpException call": 2.9798944993812573e-06,
    "Transifex Resourc": 2.9798944993812573e-06,
    "Transifex Resource translatio": 2.9798944993812573e-06,
    "Transifex Resource co": 2.9798944993812573e-06,
    "Transifex Resource initializ": 2.9798944993812573e-06,
    "Transifex Request make_connectio": 2.9798944993812573e-06,
    "Transifex Request build_path": 2.9798944993812573e-06,
    "Transifex Request g": 2.9798944993812573e-06,
    "Transifex Request connectio": 2.9798944993812573e-06,
    "Transifex Request set_credential": 2.9798944993812573e-06,
    "Transifex Project languag": 2.9798944993812573e-06,
    "Transifex Project resourc": 2.9798944993812573e-06,
    "Transifex Project initializ": 2.9798944993812573e-06,
    "Transifex Language initializ": 2.9798944993812573e-06,
    "Transifex Error initializ": 2.9798944993812573e-06,
    "Transifex Config config": 2.9798944993812573e-06,
    "Transifex Client projec": 2.9798944993812573e-06,
    "Transifex Client initializ": 2.9798944993812573e-06
}