{
    "Transifex Response RaiseHttpException call": 2.9798944993812573e-06,
    "Transifex Resource transl": 2.9798944993812573e-06,
    "Transifex Resource c": 2.9798944993812573e-06,
    "Transifex Resource stats!": 2.9798944993812573e-06,
    "Transifex Resourc": 2.9798944993812573e-06,
    "Transifex Resource details!": 2.9798944993812573e-06,
    "Transifex Resource detail": 2.9798944993812573e-06,
    "Transifex Resource initializ": 2.9798944993812573e-06,
    "Transifex Request make_connec": 2.9798944993812573e-06,
    "Transifex Request build_path": 2.9798944993812573e-06,
    "Transifex Req": 2.9798944993812573e-06,
    "Transifex Request connec": 2.9798944993812573e-06,
    "Transifex Request set_credential": 2.9798944993812573e-06,
    "Transifex Project l": 2.9798944993812573e-06,
    "Transifex Project resourc": 2.9798944993812573e-06,
    "Transifex Project details!": 2.9798944993812573e-06,
    "Transifex Project detail": 2.9798944993812573e-06,
    "Transifex Project initializ": 2.9798944993812573e-06,
    "Transifex Language initializ": 2.9798944993812573e-06,
    "Transifex Error initializ": 2.9798944993812573e-06,
    "Transifex Config c": 2.9798944993812573e-06,
    "Transifex Client projec": 2.9798944993812573e-06,
    "Transifex Client initializ": 2.9798944993812573e-06
}