{
    "TTY Color tty?": 2.9798944993812573e-06,
    "TTY Color mode": 2.9798944993812573e-06,
    "TTY Color supports?": 2.9798944993812573e-06,
    "TTY Color Support from_env": 2.9798944993812573e-06,
    "TTY Color Support from_term": 2.9798944993812573e-06,
    "TTY Color Support from_tpu": 2.9798944993812573e-06,
    "TTY Color Support from_curses": 2.9798944993812573e-06,
    "TTY Color Support supports?": 2.9798944993812573e-06,
    "TTY Color Support initialize": 2.9798944993812573e-06,
    "TTY Color Mode from_tpu": 2.9798944993812573e-06,
    "TTY Color Mode from_term": 2.9798944993812573e-06,
    "TTY Color Mode mode": 2.9798944993812573e-06,
    "TTY Color Mode initialize": 2.9798944993812573e-06,
    "TTY Color windows?": 5.512824526827599e-06,
    "TTY Color command?": 2.9798944993812573e-06,
    "TTY Color support?": 2.9798944993812573e-06,
    "TTY Color Support support?": 2.9798944993812573e-06,
    "TTY Color disabled?": 2.9798944993812573e-06,
    "TTY Color Support disabled?": 2.9798944993812573e-06
}