{
    "TTY Screen jruby?": 2.9798944993812573e-06,
    "TTY Screen nonzero_column?": 2.9798944993812573e-06,
    "TTY Screen run_command": 2.9798944993812573e-06,
    "TTY Screen from_ansico": 2.9798944993812573e-06,
    "TTY Screen from_env": 2.9798944993812573e-06,
    "TTY Screen from_": 2.9798944993812573e-06,
    "TTY Screen from_tpu": 2.9798944993812573e-06,
    "TTY Screen from_readli": 2.9798944993812573e-06,
    "TTY Screen from_io_consol": 2.9798944993812573e-06,
    "TTY Screen width": 9.312219567997112e-06,
    "TTY Screen heigh": 2.9798944993812573e-06,
    "TTY Screen default_siz": 2.9798944993812573e-06,
    "TTY Screen siz": 2.9798944993812573e-06,
    "TTY Screen initializ": 4.246359513104428e-06,
    "TTY Screen try_io_consol": 2.9798944993812573e-06,
    "TTY Screen color?": 2.9798944993812573e-06,
    "TTY Screen Size jruby?": 2.9798944993812573e-06,
    "TTY Screen Size nonzero_column?": 2.9798944993812573e-06,
    "TTY Screen Size run_command": 2.9798944993812573e-06,
    "TTY Screen Size default_siz": 2.9798944993812573e-06,
    "TTY Screen Size from_ansico": 2.9798944993812573e-06,
    "TTY Screen Size from_env": 2.9798944993812573e-06,
    "TTY Screen Size from_": 2.9798944993812573e-06,
    "TTY Screen Size from_tpu": 2.9798944993812573e-06,
    "TTY Screen Size from_readli": 2.9798944993812573e-06,
    "TTY Screen Size try_io_consol": 2.9798944993812573e-06,
    "TTY Screen Size from_io_consol": 2.9798944993812573e-06,
    "TTY Screen Size siz": 2.9798944993812573e-06,
    "TTY Screen Size initializ": 2.9798944993812573e-06,
    "TTY Screen Color tty?": 2.9798944993812573e-06,
    "TTY Screen Color from_env": 2.9798944993812573e-06,
    "TTY Screen Color from_term": 2.9798944993812573e-06,
    "TTY Screen Color from_tpu": 2.9798944993812573e-06,
    "TTY Screen Color from_cu": 2.9798944993812573e-06,
    "TTY Screen Color supports?": 2.9798944993812573e-06,
    "TTY Screen Color initializ": 2.9798944993812573e-06,
    "TTY Screen size_from_ansico": 2.9798944993812573e-06,
    "TTY Screen size_from_env": 2.9798944993812573e-06,
    "TTY Screen size_from_": 2.9798944993812573e-06,
    "TTY Screen size_from_tpu": 2.9798944993812573e-06,
    "TTY Screen size_from_readli": 2.9798944993812573e-06,
    "TTY Screen ioctl?": 2.9798944993812573e-06,
    "TTY Screen size_from_ioctl": 2.9798944993812573e-06,
    "TTY Screen size_from_io_consol": 2.9798944993812573e-06,
    "TTY Screen size_from_java": 2.9798944993812573e-06,
    "TTY Screen size_from_win_api": 2.9798944993812573e-06,
    "TTY Screen private_module_functio": 2.9798944993812573e-06,
    "TTY Screen command_exist?": 2.9798944993812573e-06,
    "TTY Screen size_from_defaul": 2.9798944993812573e-06,
    "TTY Screen windows?": 2.9798944993812573e-06
}