{
    "TTY Cursor clear_screen": 2.9798944993812573e-06,
    "TTY Cursor clear_screen_up": 2.9798944993812573e-06,
    "TTY Cursor clear_screen_down": 2.9798944993812573e-06,
    "TTY Cursor clear_line": 8.045754554273942e-06,
    "TTY Cursor prev_line": 2.9798944993812573e-06,
    "TTY Cursor next_line": 2.9798944993812573e-06,
    "TTY Cursor forward": 2.9798944993812573e-06,
    "TTY Cursor backward": 2.9798944993812573e-06,
    "TTY Cursor move_sta": 2.9798944993812573e-06,
    "TTY Cursor down": 2.9798944993812573e-06,
    "TTY Cursor up": 4.6685145176788185e-06,
    "TTY Cursor move": 2.9798944993812573e-06,
    "TTY Cursor move_": 2.9798944993812573e-06,
    "TTY Cursor curren": 2.9798944993812573e-06,
    "TTY Cursor restore": 4.6685145176788185e-06,
    "TTY Cursor save": 4.6685145176788185e-06,
    "TTY Cursor invisible": 2.9798944993812573e-06,
    "TTY Cursor hide": 1.057868458172028e-05,
    "TTY Cursor show": 1.6765546551984914e-05,
    "TTY Cursor clear_line_afte": 2.9798944993812573e-06,
    "TTY Cursor clear_line_before": 2.9798944993812573e-06,
    "TTY Cursor clear_cha": 2.9798944993812573e-06,
    "TTY Cursor row": 2.9798944993812573e-06,
    "TTY Cursor column": 8.045754554273942e-06,
    "TTY Cursor scroll_down": 2.9798944993812573e-06,
    "TTY Cursor scroll_up": 2.9798944993812573e-06
}