{
    "TTY Which path_with_executable_file?": 2.9798944993812573e-06,
    "TTY Which executable_file_with_ext?": 2.9798944993812573e-06,
    "TTY Which executable_file?": 2.9798944993812573e-06,
    "TTY Which extensions": 2.9798944993812573e-06,
    "TTY Which search_paths": 2.9798944993812573e-06,
    "TTY W": 2.9798944993812573e-06,
    "TTY Which file_with_path?": 2.9798944993812573e-06,
    "TTY Which file_with_exec_ext?": 2.9798944993812573e-06,
    "TTY Which exist?": 2.9798944993812573e-06
}