{
    "TZInfo Timezone period_for_utc": 0.001919412333016329,
    "TZInfo Timezone ge": 0.001919412333016329,
    "TZInfo Timezone transitions_up_": 0.001919412333016329
}