{
    "Uber Version pars": 2.9798944993812573e-06,
    "Uber Version ~": 2.9798944993812573e-06,
    "Uber Version >=": 2.9798944993812573e-06,
    "Uber Version initializ": 2.9798944993812573e-06,
    "Uber Options Value method?": 2.9798944993812573e-06,
    "Uber Options Value callable?": 2.9798944993812573e-06,
    "Uber Options Value proc?": 2.9798944993812573e-06,
    "Uber Options Value callable!": 2.9798944993812573e-06,
    "Uber Options Value proc!": 2.9798944993812573e-06,
    "Uber Options Value method!": 2.9798944993812573e-06,
    "Uber Options Value evaluate_fo": 2.9798944993812573e-06,
    "Uber Options Value dynamic?": 2.9798944993812573e-06,
    "Uber Options Value evaluat": 2.9798944993812573e-06,
    "Uber Options Value initializ": 6.779289540550769e-06,
    "Uber Options dynamic?": 2.9798944993812573e-06,
    "Uber Options evaluate_fo": 2.9798944993812573e-06,
    "Uber Options eval": 2.9798944993812573e-06,
    "Uber Options evaluat": 2.9798944993812573e-06,
    "Uber Options initializ": 6.779289540550769e-06,
    "Uber InheritableAttr inherit_fo": 2.9798944993812573e-06,
    "Uber InheritableAttr inheritable_att": 2.9798944993812573e-06,
    "Uber Delegates delegates": 2.9798944993812573e-06,
    "Uber Builder ClassMethods class_build": 2.9798944993812573e-06,
    "Uber Builder ClassMethods builds": 2.9798944993812573e-06,
    "Uber Builder Constant run_builder_block": 2.9798944993812573e-06,
    "Uber Builder Constant build_class_fo": 2.9798944993812573e-06,
    "Uber Builder Constant call": 2.9798944993812573e-06,
    "Uber Builder Constant initializ": 2.9798944993812573e-06,
    "Uber Builder included": 2.9798944993812573e-06,
    "Uber InheritableAttr Clone uncloneabl": 2.9798944993812573e-06,
    "Uber InheritableAttr Clone call": 2.9798944993812573e-06,
    "Uber Options Value call": 2.9798944993812573e-06,
    "Uber Option []": 2.9798944993812573e-06,
    "Uber Builder Build build!": 2.9798944993812573e-06,
    "Uber Builder DSL builds": 2.9798944993812573e-06,
    "Uber Builder DSL builders": 2.9798944993812573e-06,
    "Uber Builder Builders <<": 2.9798944993812573e-06,
    "Uber Builder Builders call": 2.9798944993812573e-06
}