{
    "UNF Normalizer form": 2.9798944993812573e-06,
    "UNF Normalizer normalize": 2.9798944993812573e-06,
    "UNF Normalizer initialize": 2.9798944993812573e-06,
    "Normalizer normalize": 2.9798944993812573e-06,
    "Normalizer instance": 2.9798944993812573e-06
}