{
    "String": 2.9798944993812573e-06,
    "DisplayWidth build_index": 2.9798944993812573e-06,
    "DisplayWidth valid_index?": 2.9798944993812573e-06,
    "DisplayW": 2.9798944993812573e-06,
    "DisplayWidth Codepoint from": 2.9798944993812573e-06,
    "DisplayWidth Codepoint initializ": 2.9798944993812573e-06,
    "DisplayWidth off": 2.9798944993812573e-06,
    "build_tab": 2.9798944993812573e-06,
    "": 5.110556502086174e-05,
    "b": 2.071040469150565e-05,
    "Unicode DisplayW": 2.9798944993812573e-06,
    "Unicode DisplayWidth tab": 2.9798944993812573e-06,
    "String display_leng": 2.9798944993812573e-06,
    "String display_siz": 2.9798944993812573e-06,
    "Unicode DisplayWidth of": 1.3111614609166624e-05,
    "Unicode DisplayWidth IndexBuilder is_zero_width?": 2.9798944993812573e-06,
    "Unicode DisplayWidth IndexBuilder build!": 2.9798944993812573e-06,
    "Unicode DisplayWidth IndexBuilder fetch!": 2.9798944993812573e-06,
    "Unicode DisplayWidth emoji_extra_width_of": 2.9798944993812573e-06,
    "Unicode DisplayWidth get_config": 2.9798944993812573e-06,
    "Unicode DisplayWidth initializ": 2.9798944993812573e-06,
    "Unicode DisplayWidth width_all_featur": 2.9798944993812573e-06,
    "Unicode DisplayWidth width_no_overwr": 2.9798944993812573e-06,
    "Unicode DisplayWidth decompress_index": 2.9798944993812573e-06
}