{
    "VersionGem Basic extended": 2.9798944993812573e-06,
    "VersionGem Api to_a": 2.9798944993812573e-06,
    "VersionGem Api to_h": 2.9798944993812573e-06,
    "VersionGem Api p": 2.9798944993812573e-06,
    "VersionGem Api patch": 2.9798944993812573e-06,
    "VersionGem Ap": 2.9798944993812573e-06,
    "VersionGem Api maj": 2.9798944993812573e-06,
    "VersionGem Api t": 2.9798944993812573e-06,
    "VersionGem Api _to_a": 2.9798944993812573e-06,
    "VersionGem Ruby actual_minor_version?": 2.9798944993812573e-06,
    "VersionGem Ruby gte_minimum_version?": 2.9798944993812573e-06
}