{
    "Vmstat filter_device": 2.9798944993812573e-06,
    "Vmstat loopback_device": 2.9798944993812573e-06,
    "Vmstat ethernet_device": 2.9798944993812573e-06,
    "Vmstat task": 2.9798944993812573e-06,
    "Vmstat network_interface": 2.9798944993812573e-06,
    "Vmstat memory": 2.9798944993812573e-06,
    "Vmstat load_average": 2.9798944993812573e-06,
    "Vmstat disk": 2.9798944993812573e-06,
    "Vmstat cpu": 2.9798944993812573e-06,
    "Vmstat boot_time": 2.9798944993812573e-06,
    "Vmstat snapsho": 2.9798944993812573e-06,
    "Vmstat Snapshot initialize": 2.9798944993812573e-06,
    "Vmstat NetworkInterface ethernet?": 2.9798944993812573e-06,
    "Vmstat NetworkInterface loopback?": 2.9798944993812573e-06,
    "Vmstat Memory free_byte": 2.9798944993812573e-06,
    "Vmstat Memory inactive_byte": 2.9798944993812573e-06,
    "Vmstat Memory active_byte": 2.9798944993812573e-06,
    "Vmstat Memory wired_byte": 2.9798944993812573e-06,
    "Vmstat Disk total_byte": 2.9798944993812573e-06,
    "Vmstat Disk used_byte": 2.9798944993812573e-06,
    "Vmstat Disk available_byte": 2.9798944993812573e-06,
    "Vmstat Disk free_byte": 2.9798944993812573e-06,
    "Vmstat Stub task": 2.9798944993812573e-06,
    "Vmstat Stub pagesize": 2.9798944993812573e-06,
    "Vmstat Stub network_interface": 2.9798944993812573e-06,
    "Vmstat Stub memory": 2.9798944993812573e-06,
    "Vmstat Stub load_average": 2.9798944993812573e-06,
    "Vmstat Stub disk": 2.9798944993812573e-06,
    "Vmstat Stub cpu": 2.9798944993812573e-06,
    "Vmstat Stub boot_time": 2.9798944993812573e-06,
    "Vmstat ProcFS procfs_file": 2.9798944993812573e-06,
    "Vmstat ProcFS procfs_path": 2.9798944993812573e-06,
    "Vmstat ProcFS boot_time": 2.9798944993812573e-06,
    "Vmstat ProcFS network_interface": 2.9798944993812573e-06,
    "Vmstat ProcFS memory": 2.9798944993812573e-06,
    "Vmstat ProcFS cpu": 2.9798944993812573e-06,
    "Vmstat LinuxDisk initialize": 2.9798944993812573e-06,
    "Vmstat ProcFS task": 2.9798944993812573e-06,
    "Vmstat Memory total_byte": 2.9798944993812573e-06,
    "Vmstat Solaris included": 2.9798944993812573e-06,
    "Vmstat Solaris ClassMethods network_interface": 2.9798944993812573e-06,
    "Vmstat Solaris ClassMethods memory": 2.9798944993812573e-06,
    "Vmstat Solaris ClassMethods boot_time": 2.9798944993812573e-06,
    "Vmstat Solaris ClassMethods cpu": 2.9798944993812573e-06,
    "Vmstat extract_uvm_val": 2.9798944993812573e-06,
    "Vmstat LinuxMemory available_byte": 2.9798944993812573e-06,
    "LinuxMemory available_byte": 2.9798944993812573e-06
}