{
    "WebRobots http_g": 2.9798944993812573e-06,
    "WebRobots cache_robots_tx": 2.9798944993812573e-06,
    "WebRobots fetch_robots_tx": 2.9798944993812573e-06,
    "WebRobots robots_tx": 2.9798944993812573e-06,
    "WebRobots split_uri": 2.9798944993812573e-06,
    "WebRobots sitemap": 2.9798944993812573e-06,
    "WebRobots option": 2.9798944993812573e-06,
    "WebRobots disallowed?": 2.9798944993812573e-06,
    "WebRobots allowed?": 2.9798944993812573e-06,
    "WebRobots initializ": 8.045754554273942e-06,
    "WebRobots RobotsTxt CrawlDelayLine compil": 2.9798944993812573e-06,
    "WebRobots RobotsTxt DisallowLine allow?": 2.9798944993812573e-06,
    "WebRobots RobotsTxt AllowLine allow?": 2.9798944993812573e-06,
    "WebRobots RobotsTxt AccessControlLine match?": 2.9798944993812573e-06,
    "WebRobots RobotsTxt AccessControlLine compil": 2.9798944993812573e-06,
    "WebRobots RobotsTxt AgentLine compil": 2.9798944993812573e-06,
    "WebRobots RobotsTxt Line compil": 2.9798944993812573e-06,
    "WebRobots RobotsTxt Line initializ": 2.9798944993812573e-06,
    "WebRobots RobotsTxt Record allow?": 2.9798944993812573e-06,
    "WebRobots RobotsTxt Record default?": 2.9798944993812573e-06,
    "WebRobots RobotsTxt Record match?": 2.9798944993812573e-06,
    "WebRobots RobotsTxt Record initializ": 2.9798944993812573e-06,
    "WebRobots RobotsTxt option": 2.9798944993812573e-06,
    "WebRobots RobotsTxt allow?": 2.9798944993812573e-06,
    "WebRobots RobotsTxt find_record": 2.9798944993812573e-06,
    "WebRobots RobotsTxt targ": 2.9798944993812573e-06,
    "WebRobots RobotsTxt initializ": 2.9798944993812573e-06,
    "WebRobots RobotsTxt Parser _reduce_non": 2.9798944993812573e-06,
    "WebRobots get_robots_tx": 2.9798944993812573e-06,
    "WebRobots robots_txt_f": 2.9798944993812573e-06,
    "WebR": 2.9798944993812573e-06,
    "WebRobots error!": 2.9798944993812573e-06,
    "WebRobots create_cach": 2.9798944993812573e-06,
    "WebRobots RobotsTxt unfetchabl": 2.9798944993812573e-06,
    "WebRobots RobotsTxt error!": 2.9798944993812573e-06,
    "Document parse_meta_": 2.9798944993812573e-06,
    "Document nofollow?": 2.9798944993812573e-06,
    "Document noindex?": 2.9798944993812573e-06,
    "Document meta_": 2.9798944993812573e-06,
    "WebRobots flush_cach": 2.9798944993812573e-06,
    "WebRobots ParseError to_": 2.9798944993812573e-06,
    "WebRobots ParseError initializ": 2.9798944993812573e-06,
    "WebRobots evalua": 2.9798944993812573e-06,
    "WebRobots crawl_delay_handl": 2.9798944993812573e-06,
    "WebRobots crawl_delay": 2.9798944993812573e-06,
    "WebRobots RobotsTxt crawl_delay": 2.9798944993812573e-06
}