{
    "WebSocket Driver websocket?": 0.0027667320736740227,
    "WebSocket Driver ra": 0.002131242268180752
}