{
    "XmlSimple put_into_cach": 2.9798944993812573e-06,
    "XmlSimple load_xml_f": 2.9798944993812573e-06,
    "XmlSimple find_xml_f": 2.9798944993812573e-06,
    "XmlSimple par": 2.9798944993812573e-06,
    "XmlSimple node_to_text": 2.9798944993812573e-06,
    "XmlSimple empty": 2.9798944993812573e-06,
    "XmlSimple normalise_spac": 2.9798944993812573e-06,
    "XmlSimple escape_valu": 2.9798944993812573e-06,
    "XmlSimple hash_to_array": 2.9798944993812573e-06,
    "XmlSimple scalar": 2.9798944993812573e-06,
    "XmlSimple value_to_": 2.9798944993812573e-06,
    "XmlSimple get_var": 2.9798944993812573e-06,
    "XmlSimple set_var": 2.9798944993812573e-06,
    "XmlSimple has_mixed_content?": 2.9798944993812573e-06,
    "XmlSimple get_attribut": 2.9798944993812573e-06,
    "XmlSimple force_array?": 2.9798944993812573e-06,
    "XmlSimple merg": 2.9798944993812573e-06,
    "XmlSimple collapse_content": 2.9798944993812573e-06,
    "XmlSimple fold_array_by_na": 2.9798944993812573e-06,
    "XmlSimple fold_array": 2.9798944993812573e-06,
    "XmlSimple collapse_text_nod": 2.9798944993812573e-06,
    "XmlSimple colla": 2.9798944993812573e-06,
    "XmlSimple handle_option": 2.9798944993812573e-06,
    "XmlSimple normalize_option_na": 2.9798944993812573e-06,
    "XmlSimple xml_out": 8.045754554273942e-06,
    "XmlSimple xml_in": 7.896779532277147e-05,
    "XmlSimple initializ": 2.9798944993812573e-06,
    "XmlSimple Cache get_from_memory_cach": 2.9798944993812573e-06,
    "XmlSimple Cache get_cache_filena": 2.9798944993812573e-06,
    "XmlSimple Cache restore_mem_copy": 2.9798944993812573e-06,
    "XmlSimple Cache save_mem_copy": 2.9798944993812573e-06,
    "XmlSimple Cache restore_mem_shar": 2.9798944993812573e-06,
    "XmlSimple Cache save_mem_shar": 2.9798944993812573e-06,
    "XmlSimple Cache restore_storab": 2.9798944993812573e-06,
    "XmlSimple Cache save_storab": 2.9798944993812573e-06,
    "XmlSimple Cache initializ": 2.9798944993812573e-06,
    "XmlSimple kebab_to_snake_ca": 2.9798944993812573e-06
}