{
    "Yajl Stream encode": 2.9798944993812573e-06,
    "Yajl Stream parse": 2.9798944993812573e-06,
    "Yajl Encoder encode": 2.9798944993812573e-06,
    "Yajl Parser parse": 2.9798944993812573e-06,
    "Kernel JSON": 2.9798944993812573e-06,
    "JSON load": 2.9798944993812573e-06,
    "JSON parse": 2.9798944993812573e-06,
    "JSON default_options": 2.9798944993812573e-06,
    "JSON dump": 2.9798944993812573e-06,
    "JSON pretty_generate": 2.9798944993812573e-06,
    "JSON generate": 2.9798944993812573e-06,
    "Yajl HttpStream get": 2.9798944993812573e-06,
    "Yajl Gzip StreamWriter encode": 2.9798944993812573e-06,
    "Yajl Gzip StreamReader parse": 2.9798944993812573e-06,
    "Yajl Gzip StreamReader read": 2.9798944993812573e-06,
    "Yajl Deflate StreamWriter encode": 2.9798944993812573e-06,
    "Yajl Deflate StreamWriter write": 2.9798944993812573e-06,
    "Yajl Deflate StreamReader parse": 2.9798944993812573e-06,
    "Yajl Deflate StreamReader read": 2.9798944993812573e-06,
    "Yajl Deflate StreamReader initialize": 2.9798944993812573e-06,
    "Yajl Bzip2 StreamWriter encode": 2.9798944993812573e-06,
    "Yajl Bzip2 StreamReader parse": 2.9798944993812573e-06,
    "Yajl Bzip2 StreamReader read": 2.9798944993812573e-06,
    "Object to_json": 2.9798944993812573e-06,
    "Yajl HttpStream request": 2.9798944993812573e-06,
    "Yajl HttpStream delete": 2.9798944993812573e-06,
    "Yajl HttpStream put": 2.9798944993812573e-06,
    "Yajl HttpStream post": 2.9798944993812573e-06,
    "Yajl dump": 2.9798944993812573e-06,
    "Yajl load": 2.9798944993812573e-06,
    "Yajl HttpStream initialize_socket": 2.9798944993812573e-06,
    "Yajl HttpStream terminate": 2.9798944993812573e-06,
    "Yajl HttpStream HttpError initialize": 2.9798944993812573e-06,
    "Yajl Projector initialize": 2.9798944993812573e-06
}