{
    "Zonebie random_tim": 2.9798944993812573e-06,
    "Zonebie set_random_tim": 2.9798944993812573e-06,
    "Zonebie add_backend": 2.9798944993812573e-06,
    "Zonebie backend=": 2.9798944993812573e-06,
    "Zonebie backend": 2.9798944993812573e-06,
    "Zonebie Backends TZInfo usable?": 2.9798944993812573e-06,
    "Zonebie Backends TZInfo zone=": 2.9798944993812573e-06,
    "Zonebie Backends TZInfo zones": 2.9798944993812573e-06,
    "Zonebie Backends TZInfo nam": 2.9798944993812573e-06,
    "Zonebie Backends ActiveSupport usable?": 2.9798944993812573e-06,
    "Zonebie Backends ActiveSupport zone=": 2.9798944993812573e-06,
    "Zonebie Backends ActiveSupport zones": 2.9798944993812573e-06,
    "Zonebie Backends ActiveSupport nam": 2.9798944993812573e-06,
    "Zonebie Extras AsciiMap colored_dot": 2.9798944993812573e-06,
    "Zonebie Extras AsciiMap map_to_asc": 2.9798944993812573e-06,
    "Zonebie Extras AsciiMap google_maps_request": 2.9798944993812573e-06,
    "Zonebie Extras AsciiMap disable_webmock": 2.9798944993812573e-06,
    "Zonebie Extras AsciiMap to_s": 2.9798944993812573e-06,
    "Zonebie Extras AsciiMap initial": 2.9798944993812573e-06
}